timestamp,px,py,pz,vx,vy,vz,yaw,pitch,roll
1774889191.6185563,2.0008425320942256,4.7387867615884645,0.713,0.21430675106928324,-0.1351953463349611,0.0,-10.716794156369112,0.0,0.0
1774889191.7783718,1.9941327337541557,4.761691765393228,0.713,0.09748012685890743,-0.0062154794796802915,0.0,-10.133071418932749,0.0,0.0
1774889191.8320794,1.9931608378959909,4.754468836610903,0.713,0.08095085205290245,-0.025774935629607598,0.0,-10.52745056776149,0.0,0.0
1774889192.0465825,1.9717739000326648,4.780166944661367,0.713,0.0063927980830748524,0.0333191579280967,0.0,-10.384678940930756,0.0,0.0
1774889192.0652409,1.9719078235606602,4.780864951875357,0.713,0.0063927980830748524,0.0333191579280967,0.0,-10.384678940930756,0.0,0.0
1774889192.0905066,1.959499466905868,4.7873609721802985,0.713,-0.017457825573174122,0.04440556359738668,0.0,-10.603408452538964,0.0,0.0
1774889192.1158626,1.95897002200375,4.788707663334576,0.713,-0.017457825573174122,0.04440556359738668,0.0,-10.603408452538964,0.0,0.0
1774889192.1384048,1.9585062036122074,4.78988742750377,0.713,-0.017457825573174122,0.04440556359738668,0.0,-10.603408452538964,0.0,0.0
1774889192.432298,1.9296219005692514,4.817699403518134,0.713,-0.0461843800947425,0.0628001457497524,0.0,-12.189628623817862,0.0,0.0
1774889192.475005,1.9249180597627449,4.8234360386988095,0.713,-0.049930332837077165,0.067027317521194,0.0,-12.098774886062527,0.0,0.0
1774889192.5106406,1.922779678485399,4.821818501103663,0.713,-0.05035210886789008,0.06238704853837404,0.0,-12.695616791538562,0.0,0.0
1774889192.5450199,1.9206295447662447,4.824482550330534,0.713,-0.05035210886789008,0.06238704853837404,0.0,-12.695616791538562,0.0,0.0
1774889192.8414097,1.9085765361552656,4.840889300274005,0.713,-0.04763147964815367,0.059982061699153835,0.0,-12.04783425961315,0.0,0.0
1774889192.8884938,1.906392682245303,4.841581668276793,0.713,-0.04807557181775929,0.05849012734352096,0.0,-11.719960147647448,0.0,0.0
1774889192.9465647,1.9122829475665075,4.832627798464012,0.713,-0.04047494009313143,0.04776436032570951,0.0,-11.80842454727401,0.0,0.0
1774889193.1827276,1.93126183764313,4.797493495541205,0.713,-0.019768471399218463,0.013753660821643175,0.0,-11.216253775305473,0.0,0.0
1774889193.2278483,1.949764388362787,4.7682750788679416,0.713,-0.005701740553566424,-0.007770994530961497,0.0,-11.279318218437341,0.0,0.0
1774889193.268687,1.9588780107183887,4.756372028063027,0.713,0.0009314614783356408,-0.01611046999536949,0.0,-11.396358733854367,0.0,0.0
1774889193.592685,2.020662261639185,4.674865681083722,0.713,0.03771679244532503,-0.06168644898399649,0.0,-12.802400694610498,0.0,0.0
1774889193.6511543,2.0284176803888596,4.663428574214086,0.713,0.040510005886443094,-0.0655179844579916,0.0,-12.761765161909823,0.0,0.0
1774889193.888374,2.056159017717455,4.628482504670231,0.713,0.049845522901446664,-0.07554428468485838,0.0,-13.296818952105927,0.0,0.0
1774889193.9149287,2.0603651026792913,4.623164249451505,0.713,0.051347398244740494,-0.07714242515961311,0.0,-13.115446862512849,0.0,0.0
1774889193.9509509,2.0622236972528176,4.620371965953383,0.713,0.051347398244740494,-0.07714242515961311,0.0,-13.115446862512849,0.0,0.0
1774889193.9790573,2.0557156331210042,4.628055174678339,0.713,0.0473919338083306,-0.07204876794572683,0.0,-12.798902265206127,0.0,0.0
1774889194.2375307,2.0438744482658837,4.641025712864495,0.713,0.03654848173154453,-0.057409859762320326,0.0,-12.189417279228353,0.0,0.0
1774889194.265238,2.044686630165019,4.639749948544836,0.713,0.03654848173154453,-0.057409859762320326,0.0,-12.189417279228353,0.0,0.0
1774889194.311972,2.0307130929338912,4.6572391769802275,0.713,0.029407906014810255,-0.04821576351542424,0.0,-12.138891422503509,0.0,0.0
1774889194.608377,1.994797554051668,4.708743326183067,0.713,0.011399362154095666,-0.021004457981890934,0.0,-11.142668625250751,0.0,0.0
1774889194.623193,1.9949384702867163,4.708483674011479,0.713,0.011399362154095666,-0.021004457981890934,0.0,-11.142668625250751,0.0,0.0
1774889194.6381314,1.9951265135158385,4.708137185668405,0.713,0.011399362154095666,-0.021004457981890934,0.0,-11.142668625250751,0.0,0.0
1774889194.6615145,1.9954139555658523,4.707607545116581,0.713,0.011399362154095666,-0.021004457981890934,0.0,-11.142668625250751,0.0,0.0
1774889194.710141,1.9851859918629768,4.726883645228089,0.713,0.0070046624550587485,-0.012932407565749269,0.0,-11.546786565509342,0.0,0.0
1774889194.948412,1.962489229910429,4.763156789948808,0.713,-0.0024553173099632064,0.001787421553714674,0.0,-12.904924361940957,0.0,0.0
1774889194.9837258,1.9574405290069472,4.774156478825803,0.713,-0.004436726546293996,0.005876595845345474,0.0,-13.883788918383898,0.0,0.0
1774889195.0283246,1.952647836000222,4.7870302440015715,0.713,-0.005937526174786486,0.010669517495351076,0.0,-12.518631002985906,0.0,0.0
1774889195.2779782,1.9436198528248658,4.816700201022396,0.713,-0.008513052051696883,0.020212831269336307,0.0,-12.86013511825418,0.0,0.0
1774889195.3093252,1.939365239630844,4.8290969293065364,0.713,-0.009864419044498425,0.024348730011258042,0.0,-12.262800971545234,0.0,0.0
1774889195.3419454,1.9390196430978048,4.829949978699292,0.713,-0.009864419044498425,0.024348730011258042,0.0,-12.262800971545234,0.0,0.0
1774889195.3796718,1.934478575564915,4.837766379645147,0.713,-0.011336461333519766,0.026792143721056406,0.0,-12.179879652508808,0.0,0.0
1774889195.60132,1.9252000450713826,4.847860710793085,0.713,-0.013754057817597462,0.028113300671934887,0.0,-10.848794008891916,0.0,0.0
1774889195.6365292,1.9247173532949695,4.848847333011934,0.713,-0.013754057817597462,0.028113300671934887,0.0,-10.848794008891916,0.0,0.0
1774889195.6685042,1.924283662946676,4.849733796288574,0.713,-0.013754057817597462,0.028113300671934887,0.0,-10.848794008891916,0.0,0.0
1774889195.699903,1.9231373405214014,4.849918059648688,0.713,-0.01411685094426977,0.027959784614129103,0.0,-10.36096532166652,0.0,0.0
1774889195.9558403,1.9106735543362465,4.852359262421602,0.713,-0.016370122088324834,0.026569313523615586,0.0,-14.507342182243693,0.0,0.0
1774889196.0079722,1.9111428094364484,4.853705400506136,0.713,-0.015859688898531166,0.02658971384574988,0.0,-14.985423864980897,0.0,0.0
1774889196.0489452,1.8935790170072235,4.8421127361284935,0.713,-0.01998191620646527,0.02321087661897571,0.0,-24.264520642976382,0.0,0.0
1774889196.2782001,1.8040328024379992,4.833497331096484,0.713,-0.04055735950582692,0.022203821357202953,0.0,-61.80020587761016,0.0,0.0
1774889196.3417351,1.8028267097343795,4.834157627211854,0.713,-0.04055735950582692,0.022203821357202953,0.0,-61.80020587761016,0.0,0.0
1774889196.3650804,1.801771221487257,4.834735472337111,0.713,-0.04055735950582692,0.022203821357202953,0.0,-61.80020587761016,0.0,0.0
1774889196.6123984,1.742432083208021,4.805672436968986,0.713,-0.05362792114209048,0.01498306543241813,0.0,-78.2813499969242,0.0,0.0
1774889196.6415765,1.7402685695084,4.806276899469768,0.713,-0.05362792114209048,0.01498306543241813,0.0,-78.2813499969242,0.0,0.0
1774889196.67186,1.7384584067410631,4.80678263951355,0.713,-0.05362792114209048,0.01498306543241813,0.0,-78.2813499969242,0.0,0.0
1774889196.9090066,1.6289534121197178,4.714182937640662,0.713,-0.08264450268254207,-0.014022606909847695,0.0,-77.3148518261481,0.0,0.0
1774889196.9413934,1.6264251741131979,4.7137539618880195,0.713,-0.08264450268254207,-0.014022606909847695,0.0,-77.3148518261481,0.0,0.0
1774889196.9721758,1.6241528711665456,4.713368411609819,0.713,-0.08264450268254207,-0.014022606909847695,0.0,-77.3148518261481,0.0,0.0
1774889197.2178936,1.5298117390953188,4.61888461364273,0.713,-0.1044073376135852,-0.043004072769135794,0.0,-71.66944805359829,0.0,0.0
1774889197.2490604,1.527267312076793,4.617836596068856,0.713,-0.1044073376135852,-0.043004072769135794,0.0,-71.66944805359829,0.0,0.0
1774889197.2751682,1.5227317469508788,4.615968453683636,0.713,-0.1044073376135852,-0.043004072769135794,0.0,-71.66944805359829,0.0,0.0
1774889197.5213788,1.4411969222691459,4.585923924423718,0.713,-0.12299479480886319,-0.03871127993690621,0.0,-88.70391827367715,0.0,0.0
1774889197.5420306,1.439524971160971,4.585397695915512,0.713,-0.12299479480886319,-0.03871127993690621,0.0,-88.70391827367715,0.0,0.0
1774889197.5787227,1.4385035187711617,4.601926383649735,0.713,-0.12383778711713879,-0.02812102010648706,0.0,-96.33990435261245,0.0,0.0
1774889197.6167178,1.432573051700073,4.600579696280481,0.713,-0.12383778711713879,-0.02812102010648706,0.0,-96.33990435261245,0.0,0.0
1774889197.8066618,1.4263646390855094,4.627169417444863,0.713,-0.12015134654424772,-0.014197610378191427,0.0,-102.48604741061123,0.0,0.0
1774889197.8440268,1.4221797851114986,4.6266749167345385,0.713,-0.12015134654424772,-0.014197610378191427,0.0,-102.48604741061123,0.0,0.0
1774889197.8658361,1.4201835667677791,4.626439034814867,0.713,-0.12015134654424772,-0.014197610378191427,0.0,-102.48604741061123,0.0,0.0
1774889198.1442995,1.4607035103571495,4.647066534664412,0.713,-0.09832746951688756,-0.014668281939786487,0.0,-91.3024391995689,0.0,0.0
1774889198.1631484,1.4587080340623275,4.646768853771774,0.713,-0.09832746951688756,-0.014668281939786487,0.0,-91.3024391995689,0.0,0.0
1774889198.194081,1.4745051151141422,4.6622863950134725,0.713,-0.09348443228488283,-0.008131060316515,0.0,-93.16981952223534,0.0,0.0
1774889198.2191653,1.4922141427847517,4.662747587518074,0.713,-0.08701326308351348,-0.01235019620528342,0.0,-87.18378984907149,0.0,0.0
1774889198.2398787,1.4905609898670482,4.662512947853183,0.713,-0.08701326308351348,-0.01235019620528342,0.0,-87.18378984907149,0.0,0.0
1774889198.4550593,1.5204587710366524,4.702814337699187,0.713,-0.07462599911019362,0.0030801722101901695,0.0,-89.76030504034567,0.0,0.0
1774889198.4821942,1.5182558801155768,4.70290526155251,0.713,-0.07462599911019362,0.0030801722101901695,0.0,-89.76030504034567,0.0,0.0
1774889198.519341,1.53146840212558,4.716774129212671,0.713,-0.07042265208769699,0.00886742764920387,0.0,-91.78239610011208,0.0,0.0
1774889198.5584419,1.5202609629858705,4.705172498605313,0.713,-0.07255428439517307,0.004163680224429001,0.0,-90.77091059540564,0.0,0.0
1774889198.813205,1.4984316016192372,4.682782971243445,0.713,-0.07317787309947506,-0.0024111222709171493,0.0,-93.66383845609946,0.0,0.0
1774889198.8608274,1.4953755040780314,4.68268227653162,0.713,-0.07317787309947506,-0.0024111222709171493,0.0,-93.66383845609946,0.0,0.0
1774889198.8911648,1.4908050666202266,4.687331444673919,0.713,-0.07438153031241883,0.0015988644177032945,0.0,-98.13171782841863,0.0,0.0
1774889199.139505,1.4589036666502615,4.665232896753142,0.713,-0.07744638083674547,-0.008322027978906781,0.0,-94.04170274157244,0.0,0.0
1774889199.1619093,1.4570792847713625,4.665036857159343,0.713,-0.07744638083674547,-0.008322027978906781,0.0,-94.04170274157244,0.0,0.0
1774889199.1820166,1.4556080394399105,4.6648787639769385,0.713,-0.07744638083674547,-0.008322027978906781,0.0,-94.04170274157244,0.0,0.0
1774889199.2287698,1.4486104179989907,4.646874333620552,0.713,-0.07831415275223728,-0.015421236432429881,0.0,-92.3136150105808,0.0,0.0
1774889199.485411,1.4511057198774213,4.6622481340169735,0.713,-0.07262959878810833,-0.006273472715756607,0.0,-97.65529153659696,0.0,0.0
1774889199.5166929,1.4482971287152553,4.662005538431708,0.713,-0.07262959878810833,-0.006273472715756607,0.0,-97.65529153659696,0.0,0.0
1774889199.5455682,1.4455845907682299,4.661771239563409,0.713,-0.07262959878810833,-0.006273472715756607,0.0,-97.65529153659696,0.0,0.0
1774889199.844742,1.476763343716579,4.6605403216895205,0.713,-0.05861643075053523,-0.013017445140503538,0.0,-84.14768559014573,0.0,0.0
1774889199.8856962,1.4726316870328215,4.654333837139247,0.713,-0.0589134934194301,-0.01454416535942591,0.0,-85.09204558583191,0.0,0.0
1774889200.2298958,1.5383906200373807,4.69763916540608,0.713,-0.03681948457462748,-0.0030609059757691643,0.0,-75.45529145276174,0.0,0.0
1774889200.262183,1.5371755334350825,4.6975381518833474,0.713,-0.03681948457462748,-0.0030609059757691643,0.0,-75.45529145276174,0.0,0.0
1774889200.3365724,1.545345442554637,4.713719944932363,0.713,-0.03427628313105721,0.0036695021968691783,0.0,-79.1374918461093,0.0,0.0
1774889200.5749347,1.597978779327992,4.751483346088843,0.713,-0.01866060049046705,0.014730847114562838,0.0,-77.27774316953867,0.0,0.0
1774889200.5910535,1.5977464463310962,4.7516667518618085,0.713,-0.01866060049046705,0.014730847114562838,0.0,-77.27774316953867,0.0,0.0
1774889200.6358864,1.6117705685047943,4.758122435540271,0.713,-0.014843295927604014,0.015503325164067903,0.0,-72.6782128101303,0.0,0.0
1774889200.9313815,1.6810939638546056,4.7880887414777265,0.713,0.00347600304483697,0.021221030454030655,0.0,-63.02503325947014,0.0,0.0
1774889200.965594,1.6811679607227077,4.788540493035835,0.713,0.00347600304483697,0.021221030454030655,0.0,-63.02503325947014,0.0,0.0
1774889201.017452,1.7031838730115116,4.796382429531413,0.713,0.008893982351165656,0.022958612208562604,0.0,-59.67351097160851,0.0,0.0
1774889201.2843864,1.7548492550657657,4.812869327749906,0.713,0.02074436156620988,0.02564212848931389,0.0,-52.47553327415811,0.0,0.0
1774889201.3313842,1.7721498970298213,4.816606373583872,0.713,0.02406431779700972,0.02651863691089808,0.0,-44.9261877741502,0.0,0.0
1774889201.3935444,1.793830826628495,4.821037063837229,0.713,0.02867922278142769,0.027436772164895974,0.0,-40.17102580149971,0.0,0.0
1774889201.636228,1.8005279940480494,4.827220826388801,0.713,0.02938521140976063,0.026892946997233234,0.0,-44.91531837414434,0.0,0.0
1774889201.6597571,1.8013098824731526,4.827936400072475,0.713,0.02938521140976063,0.026892946997233234,0.0,-44.91531837414434,0.0,0.0
1774889201.7143214,1.8037844618948788,4.82771288090998,0.713,0.030716955378742528,0.025793507369929473,0.0,-50.6475980094557,0.0,0.0
1774889201.9629977,1.8058973607571214,4.8344038493854455,0.713,0.030506638497290118,0.02458608492947289,0.0,-58.94386492489262,0.0,0.0
1774889202.0074186,1.8078040372159732,4.835385301270831,0.713,0.03072373037142648,0.024516989552172665,0.0,-59.24183242307948,0.0,0.0
1774889202.0373673,1.8048890707286038,4.837357933784659,0.713,0.02996467298261205,0.02452086727148806,0.0,-61.1731162638732,0.0,0.0
1774889202.276405,1.817510646403706,4.846884440751038,0.713,0.030839004011964186,0.02613769195387765,0.0,-57.846944207725855,0.0,0.0
1774889202.3087492,1.8183563215430532,4.847773986979984,0.713,0.03074111150090222,0.02614183800543448,0.0,-57.71904495419092,0.0,0.0
1774889202.3388011,1.8268378241626664,4.850149351573351,0.713,0.03217863838627162,0.02721407842905278,0.0,-54.319997506543174,0.0,0.0
1774889202.356277,1.8274493504342795,4.850666530818703,0.713,0.03217863838627162,0.02721407842905278,0.0,-54.319997506543174,0.0,0.0
1774889202.3850844,1.8350767130693506,4.850670899011254,0.713,0.03344801859777389,0.027818959812698687,0.0,-50.42565635194733,0.0,0.0
1774889202.6323538,1.8580413275594385,4.847270287834734,0.713,0.03572282440144406,0.026427321493005217,0.0,-41.58709411907811,0.0,0.0
1774889202.6531289,1.858834352553059,4.84785695831249,0.713,0.03572282440144406,0.026427321493005217,0.0,-41.58709411907811,0.0,0.0
1774889202.6715448,1.859291748717394,4.8481953345659665,0.713,0.03572282440144406,0.026427321493005217,0.0,-41.58709411907811,0.0,0.0
1774889202.724205,1.8677421558747553,4.844028890481999,0.713,0.0366869366062345,0.025759219886864852,0.0,-36.92870628781325,0.0,0.0
1774889202.9419827,1.8910460766635726,4.843037798030366,0.713,0.040237171855850795,0.024386412308551212,0.0,-34.00421448961147,0.0,0.0
1774889202.9565644,1.8916167142934395,4.843383642528845,0.713,0.040237171855850795,0.024386412308551212,0.0,-34.00421448961147,0.0,0.0
1774889202.9915292,1.9003073213410164,4.841996802391849,0.713,0.042294552142437054,0.02376730412092015,0.0,-33.896971403069735,0.0,0.0
1774889203.015408,1.9016831257201594,4.8427699317769255,0.713,0.042294552142437054,0.02376730412092015,0.0,-33.896971403069735,0.0,0.0
1774889203.033498,1.9022943758506263,4.843113422061344,0.713,0.042294552142437054,0.02376730412092015,0.0,-33.896971403069735,0.0,0.0
1774889203.2841032,1.9288508805622502,4.842160389064994,0.713,0.046086105084960444,0.022512582148360175,0.0,-30.789729480496288,0.0,0.0
1774889203.3125358,1.9303969276542312,4.842915616960675,0.713,0.046086105084960444,0.022512582148360175,0.0,-30.789729480496288,0.0,0.0
1774889203.3379076,1.9316651815989443,4.84353514579833,0.713,0.046086105084960444,0.022512582148360175,0.0,-30.789729480496288,0.0,0.0
1774889203.3534596,1.9325487312610794,4.8439667506023,0.713,0.046086105084960444,0.022512582148360175,0.0,-30.789729480496288,0.0,0.0
1774889203.6259391,1.9465346806907884,4.860615060593016,0.713,0.04528356594777403,0.027595560662308494,0.0,-23.358511781318146,0.0,0.0
1774889203.6594388,1.9479411117861225,4.861472132111046,0.713,0.04528356594777403,0.027595560662308494,0.0,-23.358511781318146,0.0,0.0
1774889203.7925117,1.9491249985300418,4.874175894260738,0.713,0.04301662017708006,0.03166120905124542,0.0,-17.985275713501927,0.0,0.0
1774889203.9689221,1.9600571861549227,4.898994242238102,0.713,0.04309569832511298,0.03815684702450481,0.0,-14.102151121048585,0.0,0.0
1774889203.9921415,1.9607486676227,4.897804314950093,0.713,0.04247424908337273,0.038364134025888945,0.0,-11.336686301156961,0.0,0.0
1774889204.6497328,1.9785092038926493,4.879179929194302,0.713,0.040531674317713276,0.026293033864429972,0.0,-11.166992076729123,0.0,0.0
1774889204.700273,1.9819032397854268,4.871018796673085,0.713,0.040658472816481855,0.02411217411903978,0.0,-9.175794683775456,0.0,0.0
1774889205.1255598,2.0326039844172175,4.786431228919323,0.713,0.05052620750816347,-0.0020092017857203555,0.0,-8.02555142267591,0.0,0.0
1774889205.3578427,2.0646357021117083,4.737825840787685,0.713,0.05677759172352904,-0.015888134066346458,0.0,-8.503815779378167,0.0,0.0
1774889205.387743,2.0761066758372735,4.717121288060915,0.713,0.05981477951367183,-0.021974058654954026,0.0,-8.644565459272895,0.0,0.0
1774889205.663856,2.112475004333463,4.68274437886242,0.713,0.06533935262208179,-0.030627535679283995,0.0,-9.934172916190695,0.0,0.0
1774889205.6899955,2.1219248095831076,4.674347057850933,0.713,0.06744901394376666,-0.033325874084609436,0.0,-10.927498412998208,0.0,0.0
1774889205.7243614,2.124512805019305,4.673068355539434,0.713,0.06744901394376666,-0.033325874084609436,0.0,-10.927498412998208,0.0,0.0
1774889205.7382646,2.1253786435013895,4.672640553522112,0.713,0.06744901394376666,-0.033325874084609436,0.0,-10.927498412998208,0.0,0.0
1774889205.7544932,2.1262322281867476,4.67221880598154,0.713,0.06744901394376666,-0.033325874084609436,0.0,-10.927498412998208,0.0,0.0
1774889206.0411854,2.161323759892816,4.6639069932572506,0.713,0.07126426801215338,-0.033381385034509485,0.0,-12.014346825521729,0.0,0.0
1774889206.0837975,2.1640253871948762,4.662641505465046,0.713,0.07126426801215338,-0.033381385034509485,0.0,-12.014346825521729,0.0,0.0
1774889206.3391204,2.188164114151287,4.6894855870687095,0.713,0.07251407851982931,-0.02296417757129482,0.0,-11.582644187247979,0.0,0.0
1774889206.3732295,2.1929759334683734,4.701919694829601,0.713,0.07357529220488912,-0.01839206991233062,0.0,-10.154427340182036,0.0,0.0
1774889206.4151678,2.1957431041824504,4.701227968086729,0.713,0.07357529220488912,-0.01839206991233062,0.0,-10.154427340182036,0.0,0.0
1774889206.6502068,2.2255619129063313,4.725273443556327,0.713,0.07805413699032833,-0.006349068437512046,0.0,-2.299268078970851,0.0,0.0
1774889206.6893268,2.231455135049232,4.724526927701686,0.713,0.07843911555457159,-0.0066807756560100596,0.0,-2.73646449300425,0.0,0.0
1774889206.734186,2.237769584396798,4.742968882972217,0.713,0.0804947510236207,0.0027699202133310277,0.0,4.7035458051858905,0.0,0.0
1774889206.7528825,2.239921789711146,4.7430429429193275,0.713,0.0804947510236207,0.0027699202133310277,0.0,4.7035458051858905,0.0,0.0
1774889207.027288,2.287483681246208,4.769530283250752,0.713,0.08842063525291949,0.0172365329321836,0.0,19.142290568552863,0.0,0.0
1774889207.0660596,2.2915849714119148,4.770329780141986,0.713,0.08842063525291949,0.0172365329321836,0.0,19.142290568552863,0.0,0.0
1774889207.4448955,2.346893638577911,4.773351744287744,0.713,0.09372044706759385,0.01951514415183267,0.0,24.50426417216627,0.0,0.0
1774889207.4651415,2.3496051003818983,4.773916344325651,0.713,0.09372044706759385,0.01951514415183267,0.0,24.46655761322114,0.0,0.0
1774889207.7456143,2.3729417901155094,4.81046450028092,0.713,0.09238408777162194,0.034102921897528504,0.0,32.516209549362095,0.0,0.0
1774889207.7888987,2.377556325455704,4.823034041637684,0.713,0.09187804731204086,0.040185334699682676,0.0,36.482058012432255,0.0,0.0
1774889207.8190794,2.380719645295238,4.824417604634861,0.713,0.09187804731204086,0.040185334699682676,0.0,36.39162102361921,0.0,0.0
1774889208.0122013,2.398058935908303,4.853766019990503,0.713,0.08975293607371708,0.05375326370904822,0.0,46.71190352045523,0.0,0.0
1774889208.0410542,2.400873087820767,4.8554514227916306,0.713,0.08975293607371708,0.05375326370904822,0.0,46.62954403600409,0.0,0.0
1774889208.05676,2.401977071634286,4.856112601530228,0.713,0.08975293607371708,0.05375326370904822,0.0,46.597234643676515,0.0,0.0
1774889208.0788605,2.401814160476341,4.8693665638570165,0.713,0.08830140893624229,0.06051283404130153,0.0,50.74253768588552,0.0,0.0
1774889208.3601604,2.4394525332610937,4.889084354310415,0.713,0.08608166777991184,0.07165995773988316,0.0,68.5709092460888,0.0,0.0
1774889208.3916016,2.4437833598321532,4.891018657862006,0.713,0.08461543151411435,0.07456454873857296,0.0,73.7958460916549,0.0,0.0
1774889208.442337,2.4478712155295796,4.894620945410892,0.713,0.08461543151411435,0.07456454873857296,0.0,73.6689463533123,0.0,0.0
1774889208.6673896,2.464089765261341,4.916320821392368,0.713,0.08054042995388395,0.08025740800397142,0.0,80.88742052839042,0.0,0.0
1774889208.727373,2.466257138025029,4.923927408526988,0.713,0.07837430437345261,0.08374277184135064,0.0,84.60551785771608,0.0,0.0
1774889208.7419558,2.4680088468099646,4.925799105510865,0.713,0.07837430437345261,0.08374277184135064,0.0,84.54680909123826,0.0,0.0
1774889208.9836023,2.490743442153623,4.943784610293002,0.713,0.08003728508826617,0.08276008451643642,0.0,83.63169523317984,0.0,0.0
1774889209.0156996,2.493710694341202,4.946852805841549,0.713,0.08003728508826617,0.08276008451643642,0.0,83.53431365508904,0.0,0.0
1774889209.0595202,2.4975068849329194,4.950778139564009,0.713,0.08003728508826617,0.08276008451643642,0.0,83.40972732229788,0.0,0.0
1774889209.335308,2.5388340954766555,4.95185297338623,0.713,0.09096280247895808,0.07024984890801574,0.0,73.47540317129544,0.0,0.0
1774889209.3893409,2.5519988646431595,4.945830583605427,0.713,0.09531423495567815,0.06505039429616953,0.0,70.56537489060409,0.0,0.0
1774889209.4202962,2.555089830774895,4.947940117042053,0.713,0.09531423495567815,0.06505039429616953,0.0,70.48019223212556,0.0,0.0
1774889209.6651006,2.5959739576341714,4.943182428111201,0.713,0.10430911917169056,0.05344749982749229,0.0,62.88690110135977,0.0,0.0
1774889209.700886,2.6077199306028986,4.935120186619735,0.713,0.10882042411874966,0.04741853942503933,0.0,59.0833412001042,0.0,0.0
1774889209.7172096,2.609838843308744,4.936043503602682,0.713,0.10882042411874966,0.04741853942503933,0.0,59.03219452589727,0.0,0.0
1774889209.75158,2.6135341108349857,4.937653717772477,0.713,0.10882042411874966,0.04741853942503933,0.0,58.94299753228884,0.0,0.0
1774889209.9507837,2.653430538471422,4.915972248325579,0.713,0.1181990045199388,0.03170699223795748,0.0,51.16134323220055,0.0,0.0
1774889209.969383,2.6577683014366196,4.903552903095781,0.713,0.12060855776121855,0.025036789585474048,0.0,48.216974218022465,0.0,0.0
1774889209.9998617,2.662906647251198,4.904619557779038,0.713,0.12060855776121855,0.025036789585474048,0.0,48.105066525801504,0.0,0.0
1774889210.0387695,2.6666235600396404,4.905391141198319,0.713,0.12060855776121855,0.025036789585474048,0.0,48.02411612803496,0.0,0.0
1774889210.271022,2.710338174567481,4.851836813780591,0.713,0.1272988088255555,0.006713446605278219,0.0,51.775900465378534,0.0,0.0
1774889210.31401,2.7277237275360395,4.82869638564879,0.713,0.13208143980432605,-0.0013733633833314784,0.0,53.27529707878925,0.0,0.0
1774889210.3574474,2.7341507211951894,4.828629558714064,0.713,0.13208143980432605,-0.0013733633833314784,0.0,53.147482377773784,0.0,0.0
1774889210.5909376,2.7981489625355733,4.767821093146063,0.713,0.14407071315653425,-0.0171675561903587,0.0,62.161043403752196,0.0,0.0
1774889210.6224716,2.803262209079266,4.767211795493329,0.713,0.14407071315653425,-0.0171675561903587,0.0,62.067817679951176,0.0,0.0
1774889210.655264,2.8077171544560318,4.76668094141893,0.713,0.14407071315653425,-0.0171675561903587,0.0,61.98659423778415,0.0,0.0
1774889210.6748214,2.8112851021268987,4.766255782545334,0.713,0.14407071315653425,-0.0171675561903587,0.0,61.92154270776132,0.0,0.0
1774889210.9217439,2.8780282461726108,4.713084720786963,0.713,0.15547666521547818,-0.028152064280804686,0.0,71.1430492927497,0.0,0.0
1774889210.9400134,2.881184112168443,4.712513290069349,0.713,0.15547666521547818,-0.028152064280804686,0.0,71.08973200058685,0.0,0.0
1774889210.9541912,2.8842874891320203,4.711951363508569,0.713,0.15547666521547818,-0.028152064280804686,0.0,71.03730149290021,0.0,0.0
1774889210.9784229,2.8982728351092657,4.706183477934152,0.713,0.15988951806405471,-0.026199938276707423,0.0,76.06749124789368,0.0,0.0
1774889211.0060022,2.897764057606528,4.700525014287117,0.713,0.15809744926917607,-0.027914078884791037,0.0,75.80334003944097,0.0,0.0
1774889211.242386,2.9378842264929257,4.693926423611502,0.713,0.15915034420572055,-0.026635516781961042,0.0,76.75549755569998,0.0,0.0
1774889211.2700675,2.942311085682782,4.693185541253809,0.713,0.15915034420572055,-0.026635516781961042,0.0,76.68243365271334,0.0,0.0
1774889211.3126566,2.954852139758921,4.702175576397498,0.713,0.16016541241456056,-0.024398503556397222,0.0,74.73790372101014,0.0,0.0
1774889211.533691,2.9623403239312673,4.715112599843614,0.713,0.1501998657265724,-0.029009911733223984,0.0,60.76662273331538,0.0,0.0
1774889211.5710666,2.968383944217035,4.7139453225615,0.713,0.1501998657265724,-0.029009911733223984,0.0,60.66093067224105,0.0,0.0
1774889211.6031737,2.9676443894003213,4.737825251357777,0.713,0.14529359080800539,-0.03106636758330307,0.0,46.99583742370983,0.0,0.0
1774889211.6287138,2.96944435436995,4.73744038666366,0.713,0.14529359080800539,-0.03106636758330307,0.0,46.96329631509454,0.0,0.0
1774889211.8531013,2.9886060548997704,4.779715353218043,0.713,0.13654952347847107,-0.03158291305098027,0.0,22.556664074727347,0.0,0.0
1774889211.885337,2.9903946329589344,4.800440804777817,0.713,0.13430378217767788,-0.030393227264406283,0.0,13.36114543677369,0.0,0.0
1774889211.9273639,2.9959343745082903,4.7991871496598035,0.713,0.13430378217767788,-0.030393227264406283,0.0,13.252798661659739,0.0,0.0
1774889211.954268,3.0002960171993185,4.798200100781469,0.713,0.13430378217767788,-0.030393227264406283,0.0,13.167493250830914,0.0,0.0
1774889212.1613748,3.0273379804966143,4.8190243616154,0.713,0.1321669956211269,-0.027861577543591854,0.0,1.8850740156344428,0.0,0.0
1774889212.2203004,3.037285413353059,4.8352607250697215,0.713,0.1319734808479646,-0.023082583461080178,0.0,-2.0823432188296755,0.0,0.0
1774889212.2432766,3.04031529730157,4.834730788686521,0.713,0.1319734808479646,-0.023082583461080178,0.0,-2.142648322621294,0.0,0.0
1774889212.4669611,3.0682464359493093,4.861128869983526,0.713,0.13086240954575176,-0.015012153635972986,0.0,-9.432612791024946,0.0,0.0
1774889212.5055327,3.073626459919062,4.870842540032741,0.713,0.13039163606250917,-0.012113026447400435,0.0,-11.74409384268181,0.0,0.0
1774889212.5412588,3.077502547576882,4.8704824620881,0.713,0.13039163606250917,-0.012113026447400435,0.0,-11.822177221566434,0.0,0.0
1774889212.5654464,3.0812375899378384,4.870135486865866,0.713,0.13039163606250917,-0.012113026447400435,0.0,-11.897419258534304,0.0,0.0
1774889212.8715487,3.11445857034473,4.866874825528592,0.713,0.1286765059735235,-0.013442125186194037,0.0,-14.318179552598895,0.0,0.0
1774889212.9143293,3.1137249976519112,4.876608087549718,0.713,0.12676905772703034,-0.010322510386095001,0.0,-16.131384517327263,0.0,0.0
1774889213.1760778,3.1272786885838575,4.908007814772222,0.713,0.12203910911267266,-0.0013788291244083203,0.0,-23.194380142674508,0.0,0.0
1774889213.2576292,3.13109651877935,4.927173071808098,0.713,0.12011809051518742,0.0063246694464627875,0.0,-24.056784644956096,0.0,0.0
1774889213.481583,3.139606091092553,4.939988258975026,0.713,0.11579597182947372,0.009953475352332434,0.0,-25.607590786226368,0.0,0.0
1774889213.5143864,3.1349867064412025,4.955944684967221,0.713,0.1137495818668384,0.01539062694131953,0.0,-27.344727561221905,0.0,0.0
1774889213.5651894,3.14146071474735,4.9568206358500255,0.713,0.1137495818668384,0.01539062694131953,0.0,-27.41890489180551,0.0,0.0
1774889213.8092694,3.1452424619133543,4.985670102497689,0.713,0.10740847926425197,0.026240056375349957,0.0,-26.49305219091061,0.0,0.0
1774889213.8459866,3.1480917813365092,4.986366195606978,0.713,0.10740847926425197,0.026240056375349957,0.0,-26.527626246965262,0.0,0.0
1774889213.8625927,3.1496116266420313,4.986737496148349,0.713,0.10740847926425197,0.026240056375349957,0.0,-26.546068270858807,0.0,0.0
1774889213.8976617,3.151398170628563,4.987154286275309,0.713,0.10692500607171072,0.025118462551707896,0.0,-27.767336138239518,0.0,0.0
1774889214.1714408,3.1906674039894862,4.96014042016616,0.713,0.10913594080573637,0.008725983076748408,0.0,-31.55325539877617,0.0,0.0
1774889214.5038505,3.2376223474144843,4.93321447215449,0.713,0.11344653546105235,-0.00604232321150893,0.0,-36.06203671780342,0.0,0.0
1774889214.5439427,3.244766635022283,4.932833957274359,0.713,0.11344653546105235,-0.00604232321150893,0.0,-36.06203671780342,0.0,0.0
1774889214.562635,3.2471334494175963,4.932707897386325,0.713,0.11344653546105235,-0.00604232321150893,0.0,-36.06203671780342,0.0,0.0
1774889214.5793102,3.25257494776876,4.919938531736629,0.713,0.11448268838908902,-0.012131615128808435,0.0,-37.13004751092061,0.0,0.0
1774889214.9058573,3.3014196684572377,4.883047663550252,0.713,0.11802064548691948,-0.025622179213924855,0.0,-37.40036474294754,0.0,0.0
1774889215.1931734,3.3517021799854025,4.843455700717179,0.713,0.12229369276586015,-0.034800197844381306,0.0,-32.90314579495454,0.0,0.0
1774889215.2218149,3.361289105764962,4.848591917499035,0.713,0.1242567513460051,-0.02976700161444206,0.0,-29.676762109478034,0.0,0.0
1774889215.2461653,3.364656829940299,4.847785144024931,0.713,0.1242567513460051,-0.02976700161444206,0.0,-29.712085654356198,0.0,0.0
1774889215.275138,3.374893599052314,4.849613784076426,0.713,0.12630903235727728,-0.026918225407676584,0.0,-27.48692630295988,0.0,0.0
1774889215.53815,3.4134952150672073,4.850411253452244,0.713,0.12868550481735083,-0.019768500407951466,0.0,-22.3102297651949,0.0,0.0
1774889215.5557957,3.416020814877225,4.850023274083895,0.713,0.12868550481735083,-0.019768500407951466,0.0,-22.335808712517778,0.0,0.0
1774889215.6422474,3.432844969728097,4.851578941000692,0.713,0.12963616842798298,-0.017171628223887132,0.0,-21.15131802308302,0.0,0.0
1774889215.9746194,3.4744812730769046,4.846908081937152,0.713,0.13039642530498144,-0.016483732161382995,0.0,-21.289810633600045,0.0,0.0
1774889216.01735,3.4761016339596074,4.857250981426192,0.713,0.12970587017778473,-0.012392859587523203,0.0,-21.91909615708026,0.0,0.0
1774889216.0539904,3.4867387955221907,4.850360855707455,0.713,0.13041924062395796,-0.014945303434978458,0.0,-22.110757330918116,0.0,0.0
1774889216.340022,3.5246903370514104,4.8803958084760675,0.713,0.1314314461352383,2.5118643460739524e-05,0.0,-21.16293935087363,0.0,0.0
1774889216.3626578,3.5274450896542726,4.880396334953182,0.713,0.1314314461352383,2.5118643460739524e-05,0.0,-21.217994515209522,0.0,0.0
1774889216.392024,3.5264335448649726,4.896640509674393,0.713,0.1307972236761393,0.005738387134160189,0.0,-22.614037126968793,0.0,0.0
1774889216.4506114,3.540445891990779,4.895580626176138,0.713,0.1320240974335922,0.0063941548843977,0.0,-21.336336859017845,0.0,0.0
1774889216.7050645,3.5787031412222268,4.943922266742499,0.713,0.13374179627864993,0.032089143812869945,0.0,-13.95962955897155,0.0,0.0
1774889216.7321706,3.582902852188401,4.9449299182988256,0.713,0.13374179627864993,0.032089143812869945,0.0,-14.042113042138594,0.0,0.0
1774889216.7744925,3.588960208563111,4.946383281310556,0.713,0.13374179627864993,0.032089143812869945,0.0,-14.161081194689835,0.0,0.0
1774889217.0414898,3.6383066669583095,5.0092382320572755,0.713,0.13612213057887718,0.06777413983290644,0.0,2.050954101179744,0.0,0.0
1774889217.0964243,3.6459074926196964,5.020345238819189,0.713,0.13665703595818024,0.06909240301106523,0.0,-0.26282774117679447,0.0,0.0
1774889217.135515,3.655723239478873,5.022606861388521,0.713,0.13760022794229415,0.07001475575247387,0.0,0.8684745651597503,0.0,0.0
1774889217.3983912,3.693204277271208,5.0238084445847155,0.713,0.13872031944703925,0.06009029760548048,0.0,-3.5188569056425463,0.0,0.0
1774889217.4346957,3.7027295737582717,5.008128441790712,0.713,0.141484017327505,0.049225363414499214,0.0,-7.379179571438527,0.0,0.0
1774889217.4537487,3.705631708640902,5.009138157566202,0.713,0.141484017327505,0.049225363414499214,0.0,-7.4330592453033,0.0,0.0
1774889217.4796498,3.708212338530394,4.994192649843707,0.713,0.14202205727724365,0.0418931748310845,0.0,-8.048086343667432,0.0,0.0
1774889217.704124,3.755388952648283,4.947910486355555,0.713,0.1448799195705273,0.02104957127330786,0.0,-4.419625432261056,0.0,0.0
1774889217.729942,3.758130521770691,4.94830880832325,0.713,0.1448799195705273,0.02104957127330786,0.0,-4.4693310809236095,0.0,0.0
1774889217.7483883,3.7610723312413787,4.948736223166586,0.713,0.1448799195705273,0.02104957127330786,0.0,-4.522667160912545,0.0,0.0
1774889217.7818258,3.7585211802611322,4.93912832387145,0.713,0.14157826203636995,0.02146264714260633,0.0,0.9128434905246234,0.0,0.0
1774889218.098365,3.813774727732622,4.868882390367929,0.713,0.14519625510388473,-0.004049150585361431,0.0,7.138484046813776,0.0,0.0
1774889218.1698709,3.8347919394926318,4.8614077365755115,0.713,0.14762564370286307,-0.007703495411366427,0.0,6.497846440883151,0.0,0.0
1774889218.4827693,3.866321670294385,4.794795854635904,0.713,0.1453336466762892,-0.029283121117804654,0.0,11.901930200318684,0.0,0.0
1774889218.5214362,3.8724449570279393,4.7935620801373044,0.713,0.1453336466762892,-0.029283121117804654,0.0,11.859181060738582,0.0,0.0
1774889218.7299278,3.9334064749311124,4.754699731772087,0.713,0.1538313334547875,-0.047310607953116375,0.0,7.759212658115598,0.0,0.0
1774889218.7458837,3.9362806091012117,4.753815795893274,0.713,0.1538313334547875,-0.047310607953116375,0.0,7.7348620396931,0.0,0.0
1774889218.764937,3.938127514918907,4.753247782634174,0.713,0.1538313334547875,-0.047310607953116375,0.0,7.71921444073883,0.0,0.0
1774889218.8038657,3.949899972543042,4.742056536976665,0.713,0.15500671284057574,-0.05253138339067273,0.0,6.4588381599916955,0.0,0.0
1774889219.071679,3.9850252424511026,4.713309557021551,0.713,0.15300694784305968,-0.06059648303922816,0.0,3.991480968758709,0.0,0.0
1774889219.1583946,3.9878217662221025,4.706218786547328,0.713,0.15005372935892902,-0.06253636233599366,0.0,2.833897307618435,0.0,0.0
1774889219.570102,4.000597551140032,4.671040123197067,0.713,0.1353773605369653,-0.07125951866508788,0.0,-2.3656639136582216,0.0,0.0
1774889219.8314579,4.002937967384584,4.657401004235115,0.713,0.12529669607196253,-0.0719293338256671,0.0,-5.0241233980361635,0.0,0.0
1774889219.8781662,3.987237805009106,4.662053945514466,0.713,0.11735337538210118,-0.0729817261657673,0.0,-9.77728479300512,0.0,0.0
1774889220.1617196,3.9988585966109005,4.656922031207802,0.713,0.11026982005214718,-0.06928886976019963,0.0,-12.771416013655184,0.0,0.0
1774889220.1872191,3.997892470176236,4.660608478404778,0.713,0.10966200695363969,-0.06713274830330054,0.0,-12.691358280821301,0.0,0.0
1774889220.2119334,3.995720631847775,4.6629131417059675,0.713,0.1078041947827886,-0.06607150904343238,0.0,-13.583127694707564,0.0,0.0
1774889220.228831,3.9975853241846435,4.661770300865248,0.713,0.1078041947827886,-0.06607150904343238,0.0,-13.560584301463795,0.0,0.0
1774889220.2712977,4.002382725794161,4.65883004826685,0.713,0.1078041947827886,-0.06607150904343238,0.0,-13.502585612725156,0.0,0.0
1774889220.5054379,4.018044447974409,4.663698449258816,0.713,0.10630454661484959,-0.05797454852032061,0.0,-12.987259686348063,0.0,0.0
1774889220.5610435,4.0215698804558455,4.665906232618587,0.713,0.10576739672886516,-0.0554194991848273,0.0,-12.681462599383574,0.0,0.0
1774889220.8300424,4.041139058227887,4.661341466175617,0.713,0.10327243708689084,-0.05241225041934656,0.0,-13.559341347715513,0.0,0.0
1774889220.862382,4.045497902874697,4.659129289687757,0.713,0.10327243708689084,-0.05241225041934656,0.0,-13.504332224098109,0.0,0.0
1774889220.9338756,4.049377269809544,4.659459247348457,0.713,0.10284662986752094,-0.05117542979220796,0.0,-13.531922619528796,0.0,0.0
1774889221.1757028,4.074240206268285,4.6575526496196975,0.713,0.1033199107018247,-0.04582826373712673,0.0,-11.894105691481306,0.0,0.0
1774889221.2223449,4.074691532487838,4.664061417873889,0.713,0.10354655854442665,-0.042684963992740806,0.0,-11.57553045421509,0.0,0.0
1774889221.2447765,4.079330324024421,4.662149170354587,0.713,0.10354655854442665,-0.042684963992740806,0.0,-11.517143349876353,0.0,0.0
1774889221.276684,4.082243612792749,4.660948226277598,0.713,0.10354655854442665,-0.042684963992740806,0.0,-11.480474640378182,0.0,0.0
1774889221.5529995,4.110199073215193,4.670892657283906,0.713,0.10370560251422874,-0.03476029796766058,0.0,-12.178207061278194,0.0,0.0
1774889221.802167,4.1329637760265046,4.679851104360161,0.713,0.10459021933917721,-0.02900086892351527,0.0,-13.654528251518217,0.0,0.0
1774889221.975981,4.153625528645481,4.6807376570901305,0.713,0.10501511936885514,-0.02627421479861743,0.0,-14.1434147185285,0.0,0.0
1774889222.4515128,4.202063809896631,4.687845493475116,0.713,0.10633355660193611,-0.01601325721358598,0.0,-11.678991050203809,0.0,0.0
1774889222.7306519,4.245429830188214,4.686617585254733,0.713,0.11122329663289167,-0.00932019893682337,0.0,-6.698078633824771,0.0,0.0
1774889223.077987,4.3045612598400504,4.693889400359646,0.713,0.11759986264167013,8.45176927996411e-05,0.0,-2.6286295211992847,0.0,0.0
1774889223.3632686,4.3371570147108125,4.697719427821762,0.713,0.11775008094391819,0.0013804047438837539,0.0,-5.170000901235318,0.0,0.0
1774889223.745629,4.382552942568112,4.711435085206386,0.713,0.11805374220408772,0.00935100888164494,0.0,-3.9187396853479783,0.0,0.0
1774889224.3673096,4.462059427150322,4.726217584116172,0.713,0.11948587561757479,0.01580029138408468,0.0,-4.12756039288933,0.0,0.0
1774889224.4964662,4.485079613343775,4.7249904901234805,0.713,0.12107510902686565,0.01716792806090637,0.0,-1.7893754816179084,0.0,0.0
1774889224.7267044,4.5186216162261905,4.725223283377494,0.713,0.12207935483971113,0.01807344884306506,0.0,-0.5655060652289895,0.0,0.0
1774889224.7482235,4.520784045479725,4.7255434239495155,0.713,0.12207935483971113,0.01807344884306506,0.0,-0.7178533714745553,0.0,0.0
1774889224.7697105,4.5231647114186755,4.7258958737483905,0.713,0.12207935483971113,0.01807344884306506,0.0,-0.8855759579171664,0.0,0.0
1774889224.81879,4.530131255402744,4.726073630751923,0.713,0.12234988228366864,0.017858606729245115,0.0,-1.2134822752209997,0.0,0.0
1774889225.031493,4.558318648321773,4.750955725788109,0.713,0.12246130612534019,0.028801448377660833,0.0,0.5853971357630313,0.0,0.0
1774889225.0575724,4.561345126995954,4.751667517716992,0.713,0.12246130612534019,0.028801448377660833,0.0,0.37284081408657516,0.0,0.0
1774889225.0714977,4.562978555991846,4.752051680865273,0.713,0.12246130612534019,0.028801448377660833,0.0,0.2581214607391196,0.0,0.0
1774889225.1279895,4.57171269647133,4.753947426240476,0.713,0.12297185650047497,0.02842223982098618,0.0,-0.8605232841731585,0.0,0.0
1774889225.361729,4.595246679518878,4.749090955728191,0.713,0.12260447363887571,0.017682722871782842,0.0,-10.980354709313259,0.0,0.0
1774889225.412629,4.600603235597164,4.749863509076924,0.713,0.12260447363887571,0.017682722871782842,0.0,-11.356118156143484,0.0,0.0
1774889225.439569,4.603493176642521,4.750280313008332,0.713,0.12260447363887571,0.017682722871782842,0.0,-11.558848129575063,0.0,0.0
1774889225.4599137,4.605953302352513,4.750635126498153,0.713,0.12260447363887571,0.017682722871782842,0.0,-11.731426473998116,0.0,0.0
1774889225.6783526,4.629178037808979,4.7556839413467715,0.713,0.1224519524612745,0.014752280072155694,0.0,-18.48365620233758,0.0,0.0
1774889225.7421246,4.634105821051356,4.758996531142436,0.713,0.12176492225782097,0.014354527034141935,0.0,-20.837025196387177,0.0,0.0
1774889225.7593985,4.636602401656721,4.759290846066045,0.713,0.12176492225782097,0.014354527034141935,0.0,-21.013368393243066,0.0,0.0
1774889225.775545,4.638262337303936,4.759486531249274,0.713,0.12176492225782097,0.014354527034141935,0.0,-21.130616103053146,0.0,0.0
1774889226.0181875,4.652986934829251,4.756889194638972,0.713,0.11854280031255748,0.007464176545418932,0.0,-29.54592426596476,0.0,0.0
1774889226.0359879,4.654608174170588,4.756991277740047,0.713,0.11854280031255748,0.007464176545418932,0.0,-29.66355133244822,0.0,0.0
1774889226.08044,4.6555143498084535,4.755684190224764,0.713,0.1176324493976426,0.006272556341245264,0.0,-30.75154297146313,0.0,0.0
1774889226.1264026,4.661222082948245,4.755988545680113,0.713,0.1176324493976426,0.006272556341245264,0.0,-31.16886534290722,0.0,0.0
1774889226.3520377,4.6840777083186085,4.750438414526811,0.713,0.11653379463098734,0.0031747522211270996,0.0,-33.657055961252745,0.0,0.0
1774889226.3834977,4.6870759994409505,4.750520097539282,0.713,0.11653379463098734,0.0031747522211270996,0.0,-33.87834362106171,0.0,0.0
1774889226.437649,4.690689196904684,4.747021068172696,0.713,0.1159791000373734,0.0018598268887875745,0.0,-34.08114056815282,0.0,0.0
1774889226.7055998,4.7146876198973455,4.741103683532112,0.713,0.11397999026200387,-0.0006473995285240263,0.0,-36.62371039199057,0.0,0.0
1774889226.7254725,4.716749573375471,4.741091971759664,0.713,0.11397999026200387,-0.0006473995285240263,0.0,-36.77930178539017,0.0,0.0
1774889226.763646,4.721256185114887,4.741066374474485,0.713,0.11397999026200387,-0.0006473995285240263,0.0,-37.119362784100204,0.0,0.0
1774889227.0012019,4.747239425897459,4.7300236671292915,0.713,0.11402965023584723,-0.005969034271281346,0.0,-40.421209654653794,0.0,0.0
1774889227.0210233,4.750171901510347,4.729870162778478,0.713,0.11402965023584723,-0.005969034271281346,0.0,-40.64239273521984,0.0,0.0
1774889227.0338185,4.751488992602296,4.729801217886952,0.713,0.11402965023584723,-0.005969034271281346,0.0,-40.741734837439616,0.0,0.0
1774889227.0636702,4.7543857175900355,4.729649584950338,0.713,0.11402965023584723,-0.005969034271281346,0.0,-40.96022140781052,0.0,0.0
1774889227.1031444,4.7573914701544275,4.718108720016103,0.713,0.11402021929622501,-0.011935334954618041,0.0,-42.93096286557663,0.0,0.0
1774889227.4210699,4.803124356974833,4.6738924957358785,0.713,0.11664228078890855,-0.025896744994974585,0.0,-42.905225922209986,0.0,0.0
1774889227.4630742,4.80777583300686,4.67285978197345,0.713,0.11664228078890855,-0.025896744994974585,0.0,-43.248206926298366,0.0,0.0
1774889227.5103848,4.836123629091794,4.654902676662307,0.713,0.12369667817583582,-0.026388569229916354,0.0,-34.394263348028296,0.0,0.0
1774889227.7457051,4.878087919194464,4.624340331444211,0.713,0.12750381201229233,-0.03322602169001712,0.0,-32.292992668329774,0.0,0.0
1774889227.76585,4.879953401269189,4.623854208347976,0.713,0.12750381201229233,-0.03322602169001712,0.0,-32.4188281798833,0.0,0.0
1774889227.8026347,4.8785824844540935,4.61301579182833,0.713,0.1254360894570111,-0.03842798491091826,0.0,-34.52493736906264,0.0,0.0
1774889228.0495903,4.878031254347362,4.592138358837504,0.713,0.11680824292224536,-0.045336979164000535,0.0,-39.8462322122158,0.0,0.0
1774889228.0682516,4.879878272657692,4.591421472524038,0.713,0.11680824292224536,-0.045336979164000535,0.0,-39.98223036568124,0.0,0.0
1774889228.1205852,4.868135419879012,4.586511026875521,0.713,0.11170101061834194,-0.04741893127792113,0.0,-41.75930038086048,0.0,0.0
1774889228.393099,4.85518866482149,4.56133280060919,0.713,0.10003814747615004,-0.053975541708431996,0.0,-45.94058300184198,0.0,0.0
1774889228.432644,4.860106397412051,4.558679439993771,0.713,0.10003814747615004,-0.053975541708431996,0.0,-46.363382547819135,0.0,0.0
1774889228.459915,4.862749488468127,4.55725336129144,0.713,0.10003814747615004,-0.053975541708431996,0.0,-46.59062097116071,0.0,0.0
1774889228.7155886,4.867453280759877,4.530092723468757,0.713,0.09566926370261102,-0.0571058705077376,0.0,-44.96645127844568,0.0,0.0
1774889228.7406447,4.8699002428639,4.528632109101701,0.713,0.09566926370261102,-0.0571058705077376,0.0,-45.18643477325252,0.0,0.0
1774889228.7778153,4.869517898957395,4.525503957643262,0.713,0.0952730427025599,-0.05669343917202809,0.0,-43.83510988909335,0.0,0.0
1774889229.0668757,4.893674794922361,4.4973508501196795,0.713,0.09506333912357609,-0.05973068452441715,0.0,-43.64228623699143,0.0,0.0
1774889229.1077874,4.903518779781109,4.488271112075563,0.713,0.09777789018789494,-0.06033992403685925,0.0,-40.72659010431798,0.0,0.0
1774889229.4409974,4.961545065699566,4.448370181459679,0.713,0.1082976563183211,-0.05979940423262643,0.0,-31.47848346904562,0.0,0.0
1774889229.466033,4.964715860446169,4.446619343600053,0.713,0.1082976563183211,-0.05979940423262643,0.0,-31.73030006069702,0.0,0.0
1774889229.5188456,4.975638654067864,4.437691005546386,0.713,0.11019826328155741,-0.0608478176159082,0.0,-30.589490574689034,0.0,0.0
1774889229.7705216,5.001571110044237,4.410497556159453,0.713,0.1081534599292966,-0.06750037329113519,0.0,-35.77312686999097,0.0,0.0
1774889229.8160288,5.002102901248473,4.401308055567397,0.713,0.10531617994909163,-0.07194169083491299,0.0,-39.0951508140431,0.0,0.0
1774889229.8490872,5.005422430528613,4.399040478550221,0.713,0.10531617994909163,-0.07194169083491299,0.0,-39.36624277410928,0.0,0.0
1774889230.1234622,5.006122870090278,4.373903725820073,0.713,0.09599809404122646,-0.07778206588616401,0.0,-45.25378337128859,0.0,0.0
1774889230.1556945,5.009098046006096,4.371493101615307,0.713,0.09599809404122646,-0.07778206588616401,0.0,-45.5203372523689,0.0,0.0
1774889230.183124,5.008350894145796,4.3700673209192065,0.713,0.09382695716027212,-0.07871711828441151,0.0,-47.90535732138629,0.0,0.0
1774889230.4979959,5.015879526711237,4.344082742537524,0.713,0.08685657103897176,-0.08089871156552339,0.0,-51.8586926409416,0.0,0.0
1774889230.524605,5.018136764135227,4.34198033857299,0.713,0.08685657103897176,-0.08089871156552339,0.0,-52.08220927461962,0.0,0.0
1774889230.542676,5.019639207639225,4.340580954021891,0.713,0.08685657103897176,-0.08089871156552339,0.0,-52.23098454971194,0.0,0.0
1774889230.5899704,5.020061076970973,4.3375657278402455,0.713,0.08519588310517374,-0.08146645405940874,0.0,-53.829970707800975,0.0,0.0
1774889230.9425132,5.049963886631195,4.308983228943692,0.713,0.08214762546204911,-0.08441137214274602,0.0,-62.86428764421217,0.0,0.0
1774889230.9906824,5.057007989910137,4.2821930796006615,0.713,0.07904632061743869,-0.09550518674554392,0.0,-68.31293406554562,0.0,0.0
1774889231.258802,5.086957646967383,4.207274222010817,0.713,0.06799176798555415,-0.12278515573370953,0.0,-90.67582283439936,0.0,0.0
1774889231.2978365,5.088448416389034,4.178616682766104,0.713,0.06051964013249019,-0.1369280327055194,0.0,-99.78358320398236,0.0,0.0
1774889231.3551044,5.0986546852462675,4.178410851099364,0.713,0.061640870849637014,-0.13343559353045156,0.0,-102.42127140157453,0.0,0.0
1774889231.6110141,5.136813053432232,4.135691162408431,0.713,0.05728227991034468,-0.14128381865968936,0.0,-120.61066198163459,0.0,0.0
1774889231.6591897,5.138983654122489,4.130337486633219,0.713,0.05728227991034468,-0.14128381865968936,0.0,-120.93656984638748,0.0,0.0
1774889231.692127,5.152355032225989,4.130088727412098,0.713,0.06251870530389264,-0.13854958130311273,0.0,-119.9121042450941,0.0,0.0
1774889231.940121,5.170797185247085,4.112158892831535,0.713,0.0701455725678143,-0.12994820648701133,0.0,-114.98416356656645,0.0,0.0
1774889231.976769,5.1735351394505384,4.107086694756047,0.713,0.0701455725678143,-0.12994820648701133,0.0,-115.31987119929366,0.0,0.0
1774889232.04132,5.16618144539494,4.106449885913698,0.713,0.06984838763113073,-0.12674013688822044,0.0,-111.9738036155695,0.0,0.0
1774889232.3766298,5.143831599845176,4.0521818217641,0.713,0.06259359180282459,-0.12907260108640198,0.0,-102.84930600020024,0.0,0.0
1774889232.603415,5.114807735349804,4.029116424064992,0.713,0.05656030788053675,-0.12584369375835008,0.0,-92.95289160186687,0.0,0.0
1774889232.6225832,5.1158555759840425,4.026785034070419,0.713,0.05656030788053675,-0.12584369375835008,0.0,-93.08158372141753,0.0,0.0
1774889232.6419787,5.117110924232814,4.023991950607858,0.713,0.05656030788053675,-0.12584369375835008,0.0,-93.23576120519989,0.0,0.0
1774889232.6641624,5.118371032696554,4.021188275918744,0.713,0.05656030788053675,-0.12584369375835008,0.0,-93.39052332204749,0.0,0.0
1774889232.9351947,5.07420773972236,3.9883517554460965,0.713,0.03799142744705163,-0.1282988492443768,0.0,-90.8762686024163,0.0,0.0
1774889232.967343,5.075494119189175,3.9840075910812844,0.713,0.03799142744705163,-0.1282988492443768,0.0,-91.11147653985635,0.0,0.0
1774889233.027918,5.06552818616844,3.984800063106241,0.713,0.0322336670654936,-0.1268963001420024,0.0,-93.45854828451866,0.0,0.0
1774889233.2879565,5.057968727232472,3.9724479145150173,0.713,0.02469783393495779,-0.12288021948942508,0.0,-98.95214349266325,0.0,0.0
1774889233.3516808,5.056505259536329,3.970838030896463,0.713,0.0227701213650951,-0.12115107881720617,0.0,-100.91352296846205,0.0,0.0
1774889233.372889,5.056877508293663,3.968857438091693,0.713,0.0227701213650951,-0.12115107881720617,0.0,-101.02708584986652,0.0,0.0
1774889233.6301146,5.050881090780149,3.9503726445438034,0.713,0.01309422946258161,-0.1193010390924283,0.0,-110.8386165193438,0.0,0.0
1774889233.6483936,5.0511221644837,3.9481762309698905,0.713,0.01309422946258161,-0.1193010390924283,0.0,-110.93843977477533,0.0,0.0
1774889233.6645224,5.051298230705653,3.9465720981503103,0.713,0.01309422946258161,-0.1193010390924283,0.0,-111.01134487836327,0.0,0.0
1774889233.722482,5.038579924322201,3.9352802968805953,0.713,0.00485927735963161,-0.12187281251292727,0.0,-114.73108978116475,0.0,0.0
1774889233.9176538,4.994253819293881,3.908573828368855,0.713,-0.01521645885216975,-0.12581031512230928,0.0,-118.25883500471666,0.0,0.0
1774889233.9409876,4.993900938402059,3.9056561944678236,0.713,-0.01521645885216975,-0.12581031512230928,0.0,-118.38457584985385,0.0,0.0
1774889233.9653397,4.993586545758101,3.9030567830020595,0.713,-0.01521645885216975,-0.12581031512230928,0.0,-118.49660231001532,0.0,0.0
1774889233.986947,4.9713749431490415,3.898427474746327,0.713,-0.022215772567939135,-0.12728669908228554,0.0,-116.0466274907245,0.0,0.0
1774889234.0057433,4.974775205225078,3.900728754339872,0.713,-0.02123736687867142,-0.12575378501953838,0.0,-117.22449319096951,0.0,0.0
1774889234.290672,4.943821151803895,3.8796851450816487,0.713,-0.031824263252218626,-0.12281721214567219,0.0,-120.43583408207867,0.0,0.0
1774889234.594649,4.941482356633213,3.8487304669516518,0.713,-0.03388186037711369,-0.11895147860956502,0.0,-129.18905063447045,0.0,0.0
1774889234.6324356,4.940683993390365,3.845927595823936,0.713,-0.03388186037711369,-0.11895147860956502,0.0,-129.2509445605093,0.0,0.0
1774889235.0178452,4.981600898589831,3.7951465763315633,0.713,-0.022096592530988127,-0.11650821191070328,0.0,-143.28446425398272,0.0,0.0
1774889235.2929778,5.008455340099764,3.763419683577006,0.713,-0.011765624040767685,-0.11579951411905036,0.0,-146.69875139324864,0.0,0.0
1774889235.5802345,5.022949257747211,3.7469075069092983,0.713,-0.004026048508796764,-0.11083621417776451,0.0,-144.96234773493322,0.0,0.0
1774889235.6058643,5.023585833962339,3.7479855979366437,0.713,-0.004894296393008885,-0.1097283465598712,0.0,-146.53183034322535,0.0,0.0
1774889235.6310263,5.023450029998555,3.744940922419327,0.713,-0.004894296393008885,-0.1097283465598712,0.0,-146.49566688617304,0.0,0.0
1774889235.6593409,5.023325966127051,3.7421594555046145,0.713,-0.004894296393008885,-0.1097283465598712,0.0,-146.46262971719807,0.0,0.0
1774889235.6803086,5.0132219185683455,3.7491464218509276,0.713,-0.008616434329357676,-0.10696867648996045,0.0,-145.73686070762542,0.0,0.0
1774889235.9507143,4.986660459305526,3.7386704589290622,0.713,-0.015672589213373066,-0.10236334186237785,0.0,-141.3880296465334,0.0,0.0
1774889235.982114,4.97519788306355,3.7433716491991413,0.713,-0.018215476829852858,-0.10017073383467442,0.0,-138.33779774189586,0.0,0.0
1774889236.0154696,4.974754302772774,3.740932307991842,0.713,-0.018215476829852858,-0.10017073383467442,0.0,-138.30605974924967,0.0,0.0
1774889236.030846,4.974443858672816,3.7392251106673986,0.713,-0.018215476829852858,-0.10017073383467442,0.0,-138.28384759774448,0.0,0.0
1774889236.3001144,4.942178947223443,3.7244071227186883,0.713,-0.025273665214094493,-0.09764322758109382,0.0,-131.7858939135235,0.0,0.0
1774889236.3385131,4.9531027029277555,3.7155623503516133,0.713,-0.018506688238347654,-0.09923776256802122,0.0,-129.00812723700327,0.0,0.0
1774889236.7273734,4.982699056141582,3.6505184413315606,0.713,0.0007191656598678072,-0.10753833500948758,0.0,-120.43776564876391,0.0,0.0
1774889236.7730472,5.02869110132982,3.622013658622291,0.713,0.026995707657258596,-0.11492427832685331,0.0,-109.29301378435039,0.0,0.0
1774889237.058339,5.085307864923772,3.5564291657296576,0.713,0.053374085519290126,-0.12368362575381263,0.0,-98.02206632842713,0.0,0.0
1774889237.0962799,5.089232290497692,3.548887624900705,0.713,0.0527900837608578,-0.12510225975666414,0.0,-100.17058295529019,0.0,0.0
1774889237.1320102,5.103207040628253,3.534129514823398,0.713,0.06188087947116315,-0.12659376535147218,0.0,-94.02857778952948,0.0,0.0
1774889237.160588,5.104573426033636,3.531334210767169,0.713,0.06188087947116315,-0.12659376535147218,0.0,-93.99979953173823,0.0,0.0
1774889237.4309065,5.113616799100205,3.4768428631169797,0.713,0.05867276043320827,-0.13219353487941554,0.0,-94.04651838969797,0.0,0.0
1774889237.4740481,5.116660763013118,3.469984614984076,0.713,0.05867276043320827,-0.13219353487941554,0.0,-93.9789021931986,0.0,0.0
1774889237.503409,5.109799601837324,3.4620219665121805,0.713,0.05370786629279487,-0.13396291509555286,0.0,-95.87668650233938,0.0,0.0
1774889237.5395885,5.111503953908953,3.4577708206815174,0.713,0.05370786629279487,-0.13396291509555286,0.0,-95.83532758371165,0.0,0.0
1774889237.7703152,5.101706424548191,3.4244504843487515,0.713,0.041567189017843294,-0.13613571621349319,0.0,-99.89503664913958,0.0,0.0
1774889237.8273811,5.092594784983513,3.4164233321466257,0.713,0.036945833256378326,-0.13628348172176985,0.0,-99.81211876593218,0.0,0.0
1774889237.8572743,5.093802986482763,3.4119665939321515,0.713,0.036945833256378326,-0.13628348172176985,0.0,-99.7694979595508,0.0,0.0
1774889238.1585517,5.085305565326177,3.3727419351933317,0.713,0.029451033037105737,-0.13578133541221965,0.0,-99.39623064630372,0.0,0.0
1774889238.21369,5.083476851041438,3.365124990494681,0.713,0.028204731517586287,-0.13565601195369192,0.0,-99.02620319000961,0.0,0.0
1774889238.2500067,5.084391602580145,3.36072531926959,0.713,0.028204731517586287,-0.13565601195369192,0.0,-98.98393351197467,0.0,0.0
1774889238.5122933,5.082777423770732,3.330378753673248,0.713,0.029431805820911615,-0.13323023006321325,0.0,-92.97127074171968,0.0,0.0
1774889238.577447,5.081954941817813,3.3270317158601923,0.713,0.032938236387574725,-0.13063343880247366,0.0,-87.5189754795586,0.0,0.0
1774889238.863681,5.080375937286574,3.2972250414461186,0.713,0.03523210886204604,-0.12767142574369472,0.0,-78.87398360873173,0.0,0.0
1774889238.9487393,5.083414766016945,3.28760050040828,0.713,0.03399536176529924,-0.12785609196225925,0.0,-80.47952877461944,0.0,0.0
1774889239.2597876,5.098910533880999,3.2421108773798095,0.713,0.017352266892607132,-0.13419794376202795,0.0,-104.40697698605288,0.0,0.0
1774889239.3010154,5.1048897990197615,3.230435170621175,0.713,0.011529644204607788,-0.13680742460884265,0.0,-113.81073485137227,0.0,0.0
1774889239.377576,5.105712448506346,3.220673849662939,0.713,0.011529644204607788,-0.13680742460884265,0.0,-113.71774262218973,0.0,0.0
1774889239.6462948,5.087271549724337,3.1756622380165647,0.713,-0.007843984475990528,-0.14107623519255758,0.0,-126.25320823303313,0.0,0.0
1774889239.7185037,5.072141418659794,3.171168204258135,0.713,-0.011409788312104728,-0.14028503986225588,0.0,-123.16197548667351,0.0,0.0
1774889239.74146,5.071422669602165,3.1689692458462426,0.713,-0.012479065700085603,-0.13965472367128717,0.0,-124.25745398071645,0.0,0.0
1774889240.0734882,5.073217618487847,3.149388025939375,0.713,0.0008472863451442301,-0.13238897623214396,0.0,-112.25427947990832,0.0,0.0
1774889240.368622,5.119172677440333,3.1234907612985428,0.713,0.027471371939613003,-0.12800483963317322,0.0,-102.88540573042266,0.0,0.0
1774889240.4205937,5.1216204233403895,3.128688026709837,0.713,0.034206778921363916,-0.1247689639697136,0.0,-95.58963900657479,0.0,0.0
1774889240.756863,5.130806574989793,3.111358971862368,0.713,0.0656563592340209,-0.11290322722246647,0.0,-52.40865239034124,0.0,0.0
1774889240.7807844,5.116226676328789,3.125679633569602,0.713,0.0650377685864024,-0.10677893398414239,0.0,-44.53642547518526,0.0,0.0
1774889240.8327317,5.117575317897938,3.112565839310297,0.713,0.06377012053738854,-0.10940072716812202,0.0,-45.177722843914914,0.0,0.0
1774889241.099947,5.0821456853041,3.0909130759712715,0.713,0.040197431394997395,-0.10895737933188376,0.0,-46.70788142341773,0.0,0.0
1774889241.137007,5.083474778279547,3.0873104953469,0.713,0.040197431394997395,-0.10895737933188376,0.0,-46.66478861276885,0.0,0.0
1774889241.1800184,5.085174419857923,3.0827035220713306,0.713,0.040197431394997395,-0.10895737933188376,0.0,-46.60968160814377,0.0,0.0
1774889241.4532034,5.059216664854487,3.0524147362957263,0.713,0.017457216180667076,-0.11329936819100636,0.0,-58.19205045835579,0.0,0.0
1774889241.4664636,5.05942420087725,3.051067803313256,0.713,0.017457216180667076,-0.11329936819100636,0.0,-58.176556361672496,0.0,0.0
1774889241.4962409,5.0565088262521645,3.05238986226275,0.713,0.017503948403667778,-0.11171729794792691,0.0,-56.20891419815259,0.0,0.0
1774889241.529922,5.044648842534377,3.038824217253777,0.713,0.008924629853026524,-0.11563551902084142,0.0,-60.49262765569681,0.0,0.0
1774889241.5551448,5.04486849507738,3.035978201650588,0.713,0.008924629853026524,-0.11563551902084142,0.0,-60.46055065269991,0.0,0.0
1774889241.767143,5.0202726772019535,3.0021395309627037,0.713,-0.004202745676277629,-0.11951061005744418,0.0,-63.38280847150488,0.0,0.0
1774889241.8328145,5.010991681987033,2.989442593064456,0.713,-0.008180266008678112,-0.12126583353265015,0.0,-63.22616762901591,0.0,0.0
1774889242.182375,5.015381713478013,2.905732747102922,0.713,-0.002786695651220218,-0.13177942581068838,0.0,-57.95552225351048,0.0,0.0
1774889242.225394,5.0248328673692235,2.884208843682741,0.713,0.0009160091837260224,-0.13560485303920278,0.0,-57.65443808121702,0.0,0.0
1774889242.2544632,5.024861079673901,2.8800323294099424,0.713,0.0009160091837260224,-0.13560485303920278,0.0,-57.61429723727651,0.0,0.0
1774889242.604579,5.052045395194542,2.7859647712063627,0.713,0.012971697945741413,-0.14784039339491126,0.0,-53.424139643814094,0.0,0.0
1774889242.9413686,5.07497389839858,2.7086885035247907,0.713,0.011602894182251808,-0.1549462711855014,0.0,-62.74683314240797,0.0,0.0
1774889243.004928,5.0791282235792705,2.6857257998604185,0.713,0.010021743848518476,-0.15796860680917638,0.0,-65.57531877105306,0.0,0.0
1774889243.3050458,5.091020932462908,2.6238473219765597,0.713,0.012388697492930988,-0.16200255799763755,0.0,-66.59614906875352,0.0,0.0
1774889243.404857,5.092295986245755,2.60879650102173,0.713,0.01461283442438797,-0.16219398883678157,0.0,-64.29462070158128,0.0,0.0
1774889243.6132126,5.101948862396663,2.574442365175929,0.713,0.020232575622097727,-0.16102735357874987,0.0,-61.06321605977586,0.0,0.0
1774889243.6491592,5.102365216115205,2.571128682395165,0.713,0.020232575622097727,-0.16102735357874987,0.0,-61.03639604356057,0.0,0.0
1774889243.7004144,5.105422203668443,2.565735351382185,0.713,0.02251179879003061,-0.15937052756361664,0.0,-59.49008958311666,0.0,0.0
1774889244.009003,5.1262236633711415,2.5336560279467797,0.713,0.030449021291451297,-0.15428758737658205,0.0,-57.314169197482734,0.0,0.0
1774889244.0642457,5.129973950104566,2.5300642066811605,0.713,0.032437829739377165,-0.15343453972953644,0.0,-56.46956922162026,0.0,0.0
1774889244.4558084,5.166736494956715,2.508671112405768,0.713,0.04183175615562993,-0.14315185622868054,0.0,-57.79287884655945,0.0,0.0
1774889244.4937418,5.174181860115979,2.515703594051902,0.713,0.044176195461386285,-0.1396827842797429,0.0,-58.48545756238544,0.0,0.0
1774889244.7259812,5.197776760731794,2.503341438079919,0.713,0.05130893036817773,-0.13421857994738798,0.0,-57.948447590747726,0.0,0.0
1774889244.7485683,5.198862916770665,2.5005001720450895,0.713,0.05130893036817773,-0.13421857994738798,0.0,-57.948447590747726,0.0,0.0
1774889244.7662578,5.199910759046414,2.497759130646432,0.713,0.05130893036817773,-0.13421857994738798,0.0,-57.948447590747726,0.0,0.0
1774889244.7994983,5.208033111970343,2.495375962138832,0.713,0.054956187684760766,-0.13324232730447824,0.0,-57.234157315530595,0.0,0.0
1774889244.8217292,5.209168869478833,2.4926222963541376,0.713,0.054956187684760766,-0.13324232730447824,0.0,-57.234157315530595,0.0,0.0
1774889245.084444,5.228101641922518,2.4847409662836273,0.713,0.057203912771987296,-0.12633985689325095,0.0,-57.82857583073015,0.0,0.0
1774889245.1090562,5.2298356240721,2.480911314673836,0.713,0.057203912771987296,-0.12633985689325095,0.0,-57.82857583073015,0.0,0.0
1774889245.1229658,5.230502354590387,2.4794387818664663,0.713,0.057203912771987296,-0.12633985689325095,0.0,-57.82857583073015,0.0,0.0
1774889245.1547363,5.232393492894332,2.4752620371105944,0.713,0.057203912771987296,-0.12633985689325095,0.0,-57.82857583073015,0.0,0.0
1774889245.4036744,5.239503114676897,2.487724152444937,0.713,0.0550362335711701,-0.11513749152703613,0.0,-58.394590428475425,0.0,0.0
1774889245.4351795,5.241089208524445,2.484405995385787,0.713,0.0550362335711701,-0.11513749152703613,0.0,-58.394590428475425,0.0,0.0
1774889245.4486983,5.241722394257043,2.4830813513796213,0.713,0.0550362335711701,-0.11513749152703613,0.0,-58.394590428475425,0.0,0.0
1774889245.4692745,5.243202898101686,2.4799840918506257,0.713,0.0550362335711701,-0.11513749152703613,0.0,-58.394590428475425,0.0,0.0
1774889245.7232318,5.246209769187321,2.488844129826889,0.713,0.05159293016700926,-0.10567894186232925,0.0,-58.850189882239945,0.0,0.0
1774889245.7425363,5.247109750861436,2.4870006774254043,0.713,0.05159293016700926,-0.10567894186232925,0.0,-58.850189882239945,0.0,0.0
1774889245.763509,5.2485086986618255,2.484135181653267,0.713,0.05159293016700926,-0.10567894186232925,0.0,-58.850189882239945,0.0,0.0
1774889245.801043,5.246370711004066,2.4943432226231637,0.713,0.050758437648932626,-0.10230320076084949,0.0,-58.77893337737005,0.0,0.0
1774889246.059363,5.2519150108529145,2.4856444548647376,0.713,0.04742162533769265,-0.09802636270531273,0.0,-59.97982383200445,0.0,0.0
1774889246.102251,5.25471549437694,2.490746437828015,0.713,0.04887323287875431,-0.09495017191676441,0.0,-58.91915314360265,0.0,0.0
1774889246.1418128,5.252330955222416,2.4824906564419558,0.713,0.04593467778825244,-0.09684066795132258,0.0,-60.23755820887184,0.0,0.0
1774889246.1886415,5.248919566677133,2.486374056205302,0.713,0.043605266581153414,-0.09497422111361942,0.0,-60.813634288202465,0.0,0.0
1774889246.392629,5.2498838609925915,2.4858786444594587,0.713,0.040720407044643886,-0.09029152794081613,0.0,-61.644733221508304,0.0,0.0
1774889246.4166825,5.250794887364608,2.4838585771493853,0.713,0.040720407044643886,-0.09029152794081613,0.0,-61.644733221508304,0.0,0.0
1774889246.4481478,5.252065943809515,2.481040195977904,0.713,0.040720407044643886,-0.09029152794081613,0.0,-61.644733221508304,0.0,0.0
1774889246.4646492,5.252941272021192,2.4790992841005886,0.713,0.040720407044643886,-0.09029152794081613,0.0,-61.644733221508304,0.0,0.0
1774889246.7067375,5.246643998134514,2.4927374177177093,0.713,0.036314384844846156,-0.08118573987157289,0.0,-60.98166377071074,0.0,0.0
1774889246.7203732,5.247079903670637,2.4917628916830408,0.713,0.036314384844846156,-0.08118573987157289,0.0,-60.98166377071074,0.0,0.0
1774889246.7369702,5.247541800594916,2.4907302583697644,0.713,0.036314384844846156,-0.08118573987157289,0.0,-60.98166377071074,0.0,0.0
1774889246.78907,5.248884084243606,2.495194801558577,0.713,0.03736265334672065,-0.07827312832122828,0.0,-59.4270251007821,0.0,0.0
1774889246.9935699,5.240761339871976,2.4913532102747453,0.713,0.031247138164515163,-0.07572139662595394,0.0,-60.57577862308155,0.0,0.0
1774889247.0315032,5.2377406750027244,2.4855720737730613,0.713,0.028805957435885102,-0.0771658744344151,0.0,-61.86290175520519,0.0,0.0
1774889247.0635443,5.238811150144169,2.4827044672880594,0.713,0.028805957435885102,-0.0771658744344151,0.0,-61.86290175520519,0.0,0.0
1774889247.3313613,5.232202197054442,2.489110673434632,0.713,0.026525320234621154,-0.0700471686550613,0.0,-58.196697221239724,0.0,0.0
1774889247.3683856,5.233408202161231,2.485925895932727,0.713,0.026525320234621154,-0.0700471686550613,0.0,-58.196697221239724,0.0,0.0
1774889247.4192986,5.234474894438342,2.49511706099733,0.713,0.027679855853897314,-0.0661174009073933,0.0,-56.71181535149565,0.0,0.0
1774889247.635739,5.2349310038968735,2.4971085975534812,0.713,0.02617512316109555,-0.06190038124807006,0.0,-56.97048589293907,0.0,0.0
1774889247.6645513,5.235547148097394,2.495651505616177,0.713,0.02617512316109555,-0.06190038124807006,0.0,-56.97048589293907,0.0,0.0
1774889247.7192547,5.236047075257979,2.5021114978970664,0.713,0.02578139399969422,-0.05928674629952082,0.0,-57.97515069269476,0.0,0.0
1774889247.9395218,5.239100218931017,2.5003051760279997,0.713,0.02425778165934972,-0.0568636668628801,0.0,-60.55275691655402,0.0,0.0
1774889247.957581,5.239607258887605,2.499116602745312,0.713,0.02425778165934972,-0.0568636668628801,0.0,-60.55275691655402,0.0,0.0
1774889248.0141654,5.2328392110121404,2.505224545867387,0.713,0.022554101738318035,-0.05415667165148753,0.0,-58.27208585244426,0.0,0.0
1774889248.2337394,5.25648064710231,2.468669788647443,0.713,0.02021578907795195,-0.0635488362515479,0.0,-79.68960085269958,0.0,0.0
1774889248.2591588,5.25700840772063,2.4670107600048192,0.713,0.02021578907795195,-0.0635488362515479,0.0,-79.68960085269958,0.0,0.0
1774889248.3350859,5.260587103301212,2.4652854067979075,0.713,0.018175427444921087,-0.06368273588215594,0.0,-87.0464032464623,0.0,0.0
1774889248.5699394,5.2631356635210915,2.4728494754697037,0.713,0.01341572559285254,-0.05919530755926019,0.0,-99.83873253247515,0.0,0.0
1774889248.6441905,5.263959276273417,2.4692153812981865,0.713,0.01341572559285254,-0.05919530755926019,0.0,-99.83873253247516,0.0,0.0
1774889248.8745131,5.240942475758103,2.4611771666324835,0.713,0.002914390839502233,-0.05910050951105183,0.0,-105.12347640509137,0.0,0.0
1774889248.9219897,5.224934344995016,2.4583058319849416,0.713,-0.00417810147553559,-0.060001825899545384,0.0,-109.17234332045044,0.0,0.0
1774889248.9423687,5.224790050563535,2.456233615834454,0.713,-0.00417810147553559,-0.060001825899545384,0.0,-109.17234332045044,0.0,0.0
1774889248.9698765,5.209530910379259,2.4578905549902283,0.713,-0.010522554271024508,-0.05950504415344405,0.0,-112.64073069930534,0.0,0.0
1774889249.2267325,5.159660625969159,2.454319365031061,0.713,-0.027285788423643362,-0.05796318703220502,0.0,-116.7114987438444,0.0,0.0
1774889249.273231,5.158378462509809,2.4515956658200917,0.713,-0.027285788423643362,-0.05796318703220502,0.0,-116.7114987438444,0.0,0.0
1774889249.295218,5.130229766277559,2.457823819914347,0.713,-0.036552672362910606,-0.05654585986238103,0.0,-117.46228765609199,0.0,0.0
1774889249.5547884,5.0569552714662755,2.4740782123405256,0.713,-0.05758352959559458,-0.049280444548519715,0.0,-121.13545778465672,0.0,0.0
1774889249.5723019,5.0560771107781015,2.473326675409702,0.713,-0.05758352959559458,-0.049280444548519715,0.0,-121.13545778465672,0.0,0.0
1774889249.593259,5.0444041581675645,2.4834255985798395,0.713,-0.05836232375449394,-0.04778589906721773,0.0,-114.51551453410669,0.0,0.0
1774889249.6302667,5.014527957180175,2.4938799831001868,0.713,-0.07127535608726578,-0.043053786107418786,0.0,-124.74106671987867,0.0,0.0
1774889249.6540449,5.01149560941371,2.4920482973772717,0.713,-0.07127535608726578,-0.043053786107418786,0.0,-124.74106671987867,0.0,0.0
1774889249.9825215,4.835518501210881,2.587773999066056,0.713,-0.11978267359633947,-0.0131419385523599,0.0,-133.86320114747173,0.0,0.0
1774889250.0231228,4.77689201743231,2.6386523106878412,0.713,-0.13750822684015804,0.001955080086108592,0.0,-137.00538217830686,0.0,0.0
1774889250.0499108,4.772287596074543,2.6387177759528035,0.713,-0.13750822684015804,0.001955080086108592,0.0,-137.00538217830686,0.0,0.0
1774889250.0901,4.7334548853016205,2.6617162533670466,0.713,-0.1455189862878599,0.0013038253142021458,0.0,-125.72437541306583,0.0,0.0
1774889250.3248146,4.550227720156523,2.828782661614533,0.713,-0.19405383849798674,0.06356261500318329,0.0,-153.07755158018782,0.0,0.0
1774889250.3480287,4.545861778983994,2.830212731949776,0.713,-0.19405383849798674,0.06356261500318329,0.0,-153.07755158018782,0.0,0.0
1774889250.3819003,4.538786267152868,2.8325303260667147,0.713,-0.19405383849798674,0.06356261500318329,0.0,-153.07755158018782,0.0,0.0
1774889250.6631937,4.292811366527475,3.0831679439285393,0.713,-0.24551673054239112,0.1512466264819472,0.0,-170.95386789143635,0.0,0.0
1774889250.7237742,4.218436232274402,3.1670739836165467,0.713,-0.2612607105241508,0.17917883154069253,0.0,-174.20490694689917,0.0,0.0
1774889250.7457256,4.212891540676629,3.170876665465453,0.713,-0.2612607105241508,0.17917883154069253,0.0,-174.20490694689917,0.0,0.0
1774889250.9962192,4.001108681563158,3.3993705372417806,0.713,-0.29553527969100346,0.2531670533795702,0.0,177.214015933845,0.0,-0.0
1774889251.0279567,3.990846797207871,3.408161267834305,0.713,-0.29553527969100346,0.2531670533795702,0.0,177.214015933845,0.0,-0.0
1774889251.049722,3.9823971723820923,3.415399546193295,0.713,-0.29553527969100346,0.2531670533795702,0.0,177.214015933845,0.0,-0.0
1774889251.0978324,3.937266841741332,3.46611109298757,0.713,-0.3041401120147218,0.2696796798770994,0.0,176.83985081397523,0.0,-0.0
1774889251.34643,3.8100102077003135,3.605598097943966,0.713,-0.31085364453864117,0.3020177102133558,0.0,173.5464137943756,0.0,-0.0
1774889251.3677988,3.802502235553721,3.6128926579270892,0.713,-0.31085364453864117,0.3020177102133558,0.0,173.5464137943756,0.0,-0.0
1774889251.4032617,3.7742846988914986,3.6437859465485145,0.713,-0.312263728217263,0.31284906799491247,0.0,171.93523270530312,0.0,-0.0
1774889251.446886,3.760408731405865,3.65768792459826,0.713,-0.312263728217263,0.31284906799491247,0.0,171.93523270530312,0.0,-0.0
1774889251.6410453,3.6842135842867023,3.741103262739188,0.713,-0.3087793396494275,0.3291010106453995,0.0,167.90263515976048,0.0,-0.0
1774889251.6619012,3.6777934419574514,3.7479459334031087,0.713,-0.3087793396494275,0.3291010106453995,0.0,167.90263515976048,0.0,-0.0
1774889251.6832447,3.6721991836813603,3.7561419050825986,0.713,-0.30516274690846806,0.33453528639502805,0.0,165.79781262817698,0.0,-0.0
1774889251.7225173,3.658931968891611,3.7706861164724783,0.713,-0.30516274690846806,0.33453528639502805,0.0,165.79781262817698,0.0,-0.0
1774889251.954231,3.5946028890879065,3.8384655633873015,0.713,-0.2974697308205605,0.3364767395793733,0.0,161.59440855324303,0.0,-0.0
1774889251.9865344,3.5934839789780604,3.8413789778549865,0.713,-0.29342231228221544,0.33375388844564513,0.0,160.9360768445393,0.0,-0.0
1774889252.0650048,3.573052870569053,3.8646183894175343,0.713,-0.29342231228221544,0.33375388844564513,0.0,160.9360768445393,0.0,-0.0
1774889252.2885191,3.540553469799365,3.8908807316776834,0.713,-0.2917851226820441,0.31018328704453485,0.0,163.44692028994953,0.0,-0.0
1774889252.3335462,3.5425593696849473,3.8837626781737824,0.713,-0.290426122848506,0.30492499372098913,0.0,163.1218333263994,0.0,-0.0
1774889252.366602,3.527991823078112,3.8990574767754103,0.713,-0.290426122848506,0.30492499372098913,0.0,163.1218333263994,0.0,-0.0
1774889252.38329,3.53436023133629,3.8753250358100733,0.713,-0.2903321818149014,0.29253739535987316,0.0,162.1803119140251,0.0,-0.0
1774889252.5756538,3.492889658527909,3.8982457030250353,0.713,-0.2908204956625712,0.27847224474793153,0.0,162.01024975907467,0.0,-0.0
1774889252.6070843,3.5030890335390095,3.878655633886079,0.713,-0.2879524229641671,0.26731785652747064,0.0,162.3226228304005,0.0,-0.0
1774889252.6305506,3.49687303482265,3.8844261963836257,0.713,-0.2879524229641671,0.26731785652747064,0.0,162.3226228304005,0.0,-0.0
1774889252.6598651,3.4880064730698965,3.8926573835294604,0.713,-0.2879524229641671,0.26731785652747064,0.0,162.3226228304005,0.0,-0.0
1774889252.9147456,3.4957054364848776,3.892133127373453,0.713,-0.26095888617039187,0.25185705353036886,0.0,162.115023613132,0.0,-0.0
1774889252.9479384,3.4876547477329645,3.89990302085247,0.713,-0.26095888617039187,0.25185705353036886,0.0,162.115023613132,0.0,-0.0
1774889252.9781475,3.5080633720415446,3.88965295742439,0.713,-0.24763931468336706,0.25009714400153354,0.0,161.34939049147704,0.0,-0.0
1774889253.2605324,3.5037941530694425,3.9048218787428257,0.713,-0.2319088317623378,0.23381955099660975,0.0,165.02713523325357,0.0,-0.0
1774889253.2981253,3.5154355221867704,3.903436929963068,0.713,-0.22926607086182987,0.22908800170068733,0.0,169.07473859371686,0.0,-0.0
1774889253.3248532,3.527718834218998,3.891251476753292,0.713,-0.22263848498696417,0.2263929512774611,0.0,167.7533057161741,0.0,-0.0
1774889253.5622065,3.5265290634739554,3.898414206266556,0.713,-0.20921557574946506,0.21123614062836887,0.0,170.535780401698,0.0,-0.0
1774889253.5815701,3.5482938424230572,3.8811991365772225,0.713,-0.2018149990938864,0.20528909441023654,0.0,171.59758156783556,0.0,-0.0
1774889253.6154382,3.541685385472738,3.887921353205675,0.713,-0.2018149990938864,0.20528909441023654,0.0,171.59758156783556,0.0,-0.0
1774889253.6389182,3.5370928151157695,3.8925929812503215,0.713,-0.2018149990938864,0.20528909441023654,0.0,171.59758156783556,0.0,-0.0
1774889253.8718934,3.540991909221598,3.9002368914570944,0.713,-0.18927586792375692,0.1935266374176914,0.0,175.13450892952957,0.0,-0.0
1774889253.92182,3.5529310229715008,3.887705283283847,0.713,-0.1847675878382939,0.18588142866337104,0.0,176.4110836303724,0.0,-0.0
1774889253.9624228,3.544984610201376,3.895699599688261,0.713,-0.1847675878382939,0.18588142866337104,0.0,176.4110836303724,0.0,-0.0
1774889254.1833768,3.56466019786186,3.876416428487873,0.713,-0.16713108064113014,0.17030167623632925,0.0,175.75585122615345,0.0,-0.0
1774889254.2489436,3.5556453369552767,3.885602307724333,0.713,-0.16713108064113014,0.17030167623632925,0.0,175.75585122615345,0.0,-0.0
1774889254.2780976,3.552517972860295,3.8887890001428445,0.713,-0.16713108064113014,0.17030167623632925,0.0,175.75585122615345,0.0,-0.0
1774889254.5235605,3.573311389708801,3.868570017375679,0.713,-0.1486557783302007,0.15532805141466968,0.0,174.19162483258134,0.0,-0.0
1774889254.5390215,3.570753483515576,3.8712427327531644,0.713,-0.1486557783302007,0.15532805141466968,0.0,174.19162483258134,0.0,-0.0
1774889254.573857,3.5660579459159414,3.876149025087631,0.713,-0.1486557783302007,0.15532805141466968,0.0,174.19162483258134,0.0,-0.0
1774889254.8220098,3.5883684604306247,3.8525248934323693,0.713,-0.1359721689345045,0.13638151333439363,0.0,176.94376931385014,0.0,-0.0
1774889254.8564937,3.583836642651157,3.857070354255438,0.713,-0.1359721689345045,0.13638151333439363,0.0,176.94376931385014,0.0,-0.0
1774889254.9232638,3.5922533695379153,3.8440040446751005,0.713,-0.13333253438846923,0.1283460608504754,0.0,178.43997399955603,0.0,-0.0
1774889255.1768253,3.588136933030461,3.8377520358440855,0.713,-0.12944061214979818,0.11433240992278297,0.0,-178.28184630791077,0.0,0.0
1774889255.2191615,3.5965490689714885,3.8264594139619996,0.713,-0.12759325883699238,0.10791218834262643,0.0,-176.16256689501407,0.0,0.0
1774889255.2533076,3.5928037451128714,3.8296270271832555,0.713,-0.12759325883699238,0.10791218834262643,0.0,-176.16256689501407,0.0,0.0
1774889255.4969325,3.5957483803150962,3.822401240672038,0.713,-0.11975774030161057,0.09862056640407742,0.0,-174.80690130535064,0.0,0.0
1774889255.512612,3.60117082818884,3.816029368772145,0.713,-0.11811681965055765,0.0955328750792578,0.0,-173.94166858604433,0.0,0.0
1774889255.5336092,3.5988272494374383,3.8179248550945712,0.713,-0.11811681965055765,0.0955328750792578,0.0,-173.94166858604433,0.0,0.0
1774889255.5655713,3.5947437282064,3.8212276067670463,0.713,-0.11811681965055765,0.0955328750792578,0.0,-173.94166858604433,0.0,0.0
1774889255.8357768,3.602221499797094,3.81407222707281,0.713,-0.10896533454699034,0.0857909991162311,0.0,-170.79067100035837,0.0,0.0
1774889255.8548527,3.600717684529948,3.815256216593799,0.713,-0.10896533454699034,0.0857909991162311,0.0,-170.79067100035837,0.0,0.0
1774889255.8908527,3.6014570250422615,3.81424804218166,0.713,-0.10683602876532423,0.08495659081010601,0.0,-171.45375222789966,0.0,0.0
1774889256.2050633,3.601181914690178,3.8020805434784437,0.713,-0.09978656942917276,0.07464425852552914,0.0,-171.39733469772287,0.0,0.0
1774889256.5929708,3.607486311973162,3.7774221058430832,0.713,-0.0862813365745237,0.0638916058854306,0.0,-178.69657223696652,0.0,0.0
1774889256.6497955,3.60968280221026,3.7752628564831974,0.713,-0.08439330995484899,0.06250801621021622,0.0,-178.7211887901395,0.0,0.0
1774889256.663287,3.608545627437349,3.7761051334264404,0.713,-0.08439330995484899,0.06250801621021622,0.0,-178.7211887901395,0.0,0.0
1774889256.6858456,3.6160358715673264,3.768999413753935,0.713,-0.08141918790378902,0.06106888298393606,0.0,179.94963587832765,0.0,-0.0
1774889256.9196389,3.6110116786522513,3.765462433032505,0.713,-0.07712347159330264,0.057348398078496024,0.0,177.00717442594166,0.0,-0.0
1774889256.9440422,3.609063119032297,3.766911366417585,0.713,-0.07712347159330264,0.057348398078496024,0.0,177.00717442594166,0.0,-0.0
1774889256.9603443,3.6074880865105086,3.768082548032988,0.713,-0.07712347159330264,0.057348398078496024,0.0,177.00717442594166,0.0,-0.0
1774889256.9995039,3.610414513752629,3.7609518628110976,0.713,-0.07554144284153985,0.055280481635891665,0.0,175.50211828689064,0.0,-0.0
1774889257.2640145,3.6088265288073766,3.764815244709392,0.713,-0.07026974962789072,0.05310570707739215,0.0,175.37415823874625,0.0,-0.0
1774889257.2922988,3.617006988887765,3.7623973361432848,0.713,-0.06734918365562965,0.0522853463582544,0.0,175.98756720174427,0.0,-0.0
1774889257.3127654,3.6155358354240805,3.763539440089016,0.713,-0.06734918365562965,0.0522853463582544,0.0,175.98756720174427,0.0,-0.0
1774889257.3276188,3.614261737105141,3.764528563761856,0.713,-0.06734918365562965,0.0522853463582544,0.0,175.98756720174427,0.0,-0.0
1774889257.3500886,3.6133000174356353,3.7652751778006657,0.713,-0.06734918365562965,0.0522853463582544,0.0,175.98756720174427,0.0,-0.0
1774889257.6351497,3.623005009907768,3.764337859702383,0.713,-0.0590203274994877,0.0492667039434015,0.0,175.32713239371998,0.0,-0.0
1774889257.668835,3.6209571923817436,3.766047257532912,0.713,-0.0590203274994877,0.0492667039434015,0.0,175.32713239371998,0.0,-0.0
1774889257.7615974,3.6258809891732255,3.7686235464676625,0.713,-0.05575054741621102,0.04931685719370237,0.0,175.35815554183034,0.0,-0.0
1774889258.033823,3.634601693806584,3.7711163881655243,0.713,-0.04869509934639887,0.04783059266001552,0.0,173.96492676839995,0.0,-0.0
1774889258.05305,3.633412732509534,3.7722842412811572,0.713,-0.04869509934639887,0.04783059266001552,0.0,173.96492676839995,0.0,-0.0
1774889258.0779893,3.633261526457118,3.773873532038903,0.713,-0.048342785366631884,0.04771626588952251,0.0,174.4610047723142,0.0,-0.0
