timestamp,yaw,pitch,roll,ax,ay,az,gx,gy,gz,mx,my,mz
1774889047.1328466,-0.013185736546972368,0.1673364574600839,-9.010543179939733,-0.026087642194193725,-1.2573387340268023,6.600685625448694,0.0,0.0,0.002181661564992912,43.5625,26.375,-57.75
1774889047.5004904,-0.013185736546972368,0.1673364574600839,-9.010543179939733,-0.026087642194193725,-1.2573387340268023,6.600685625448694,0.0,0.0,0.002181661564992912,43.5625,26.375,-57.75
1774889047.874358,-0.013185736546972368,0.1673364574600839,-9.010543179939733,-0.02739636958413622,-1.3619274201500267,7.657511575590092,-0.001090830782496456,0.002181661564992912,0.0,43.5625,25.6875,-58.5625
1774889047.9623199,-0.013185736546972368,0.1673364574600839,-9.010543179939733,-0.02739636958413622,-1.3619274201500267,7.657511575590092,-0.001090830782496456,0.002181661564992912,0.0,43.5625,25.6875,-58.5625
1774889047.9832492,0.0,0.0,0.0,-0.028267313042700096,-1.4214946873108978,8.35747232818248,0.0,0.004363323129985824,0.003272492347489368,43.1875,25.6875,-57.5
1774889048.0398688,-0.013185736546972368,0.1673364574600839,-9.010543179939733,-0.028846916185298447,-1.4611360381964837,8.826633501666098,-0.001090830782496456,-0.001090830782496456,0.001090830782496456,43.1875,25.6875,-57.5
1774889048.0620794,-0.013185736546972368,0.1673364574600839,-9.010543179939733,-0.028846916185298447,-1.4611360381964837,8.826633501666098,-0.001090830782496456,-0.001090830782496456,0.001090830782496456,43.1875,25.6875,-57.5
1774889048.3558223,-0.013185736546972368,0.1673364574600839,-9.010543179939733,-0.028846916185298447,-1.4611360381964837,8.826633501666098,-0.001090830782496456,-0.001090830782496456,0.001090830782496456,43.1875,25.6875,-57.5
1774889048.3907642,0.0,0.0,0.0,-0.029232635602106313,-1.4875169143879368,9.128819686623784,-0.001090830782496456,0.0,0.0,43.1875,26.0625,-58.6875
1774889048.4143364,-0.013185736546972368,0.1673364574600839,-9.010543179939733,-0.02948932756522374,-1.5050730927996525,9.339956552194213,0.0,0.001090830782496456,0.0,43.1875,26.0625,-58.6875
1774889048.4361448,-0.013185736546972368,0.1673364574600839,-9.010543179939733,-0.02948932756522374,-1.5050730927996525,9.339956552194213,0.0,0.001090830782496456,0.0,43.1875,26.0625,-58.6875
1774889048.670437,-0.013185736546972368,0.1673364574600839,-9.010543179939733,-0.026315041491921893,-1.5201016451246059,9.477120665970688,0.0,0.002181661564992912,0.0,43.1875,27.875,-58.25
1774889048.722631,0.0,0.0,0.0,-0.024202589569238334,-1.530102978816933,9.568401851465385,0.0,0.003272492347489368,0.0,43.1875,27.875,-58.25
1774889048.7390246,-0.013185736546972368,0.1673364574600839,-9.010543179939733,-0.02614188811964597,-1.5367587546669588,9.629148460734452,0.001090830782496456,0.002181661564992912,0.0,43.5625,26.0625,-58.6875
1774889048.7576518,-0.013185736546972368,0.1673364574600839,-9.010543179939733,-0.03077758134887738,-1.5411880991452631,9.662884427204288,-0.001090830782496456,0.0,-0.001090830782496456,43.5625,26.0625,-58.6875
1774889048.9680617,-0.013185736546972368,0.1673364574600839,-9.010543179939733,-0.03077758134887738,-1.5411880991452631,9.662884427204288,-0.001090830782496456,0.0,-0.001090830782496456,43.5625,26.0625,-58.6875
1774889049.0090523,0.0,0.0,0.0,-0.033862583408844474,-1.544135778416555,9.695370671156484,-0.002181661564992912,0.002181661564992912,0.0,43.5625,24.875,-59.0625
1774889049.02656,0.0,0.0,0.0,-0.03591561781802153,-1.5460974260438647,9.723680127026187,0.0,0.001090830782496456,0.0,43.5625,24.875,-59.0625
1774889049.0558684,-0.013185736546972368,0.1673364574600839,-9.010543179939733,-0.03393677757611243,-1.5540931040414383,9.74251975367013,-0.001090830782496456,0.0,0.0,43.5625,24.875,-59.0625
1774889049.3280146,-0.013185736546972368,0.1673364574600839,-9.010543179939733,-0.03393677757611243,-1.5540931040414383,9.74251975367013,-0.001090830782496456,0.0,0.0,43.5625,24.875,-59.0625
1774889049.3662548,-0.013185736546972368,0.1673364574600839,-9.010543179939733,-0.031743501872399674,-1.5629552273778173,9.760055809886362,0.0,0.003272492347489368,0.002181661564992912,43.1875,25.25,-58.0
1774889049.422625,-0.013185736546972368,0.1673364574600839,-9.010543179939733,-0.03116028101988993,-1.5552764473932459,9.763382252563256,0.0,0.002181661564992912,0.001090830782496456,43.1875,25.25,-58.0
1774889049.6717672,0.0,0.0,0.0,-0.030772154057548504,-1.5501663050911063,9.765595963005929,-0.002181661564992912,0.001090830782496456,-0.001090830782496456,44.0,25.6875,-59.0625
1774889049.7339046,-0.013185736546972368,0.1673364574600839,-9.010543179939733,-0.03051385989977254,-1.5501106741803816,9.77041427428408,0.001090830782496456,0.001090830782496456,-0.001090830782496456,44.0,25.6875,-59.0625
1774889049.755194,-0.013185736546972368,0.1673364574600839,-9.010543179939733,-0.03034196802310743,-1.5500736524307324,9.773620806615627,-0.001090830782496456,0.003272492347489368,0.001090830782496456,44.0,25.6875,-59.0625
1774889050.0130794,-0.013185736546972368,0.1673364574600839,-9.010543179939733,-0.03034196802310743,-1.5500736524307324,9.773620806615627,-0.001090830782496456,0.003272492347489368,0.001090830782496456,44.0,25.6875,-59.0625
1774889050.043934,0.0,0.0,0.0,-0.030227575899344876,-1.5500490148699009,9.765719382941,0.0,-0.001090830782496456,0.0,44.0,25.6875,-59.0625
1774889050.0861554,-0.013185736546972368,0.1673364574600839,-9.010543179939733,-0.03349656092614403,-1.5466875071410677,9.760461073750223,-0.001090830782496456,0.0,-0.003272492347489368,43.1875,26.375,-59.5625
1774889050.3546457,-0.013185736546972368,0.1673364574600839,-9.010543179939733,-0.035672033944523424,-1.544450461298031,9.753616616015604,0.0,0.001090830782496456,0.0,43.1875,26.375,-59.5625
1774889050.3726175,0.0,0.0,0.0,-0.033774675229309596,-1.5463068439862488,9.752406817558136,0.003272492347489368,0.006544984694978736,-0.004363323129985824,42.75,26.75,-58.75
1774889050.4254305,-0.013185736546972368,0.1673364574600839,-9.010543179939733,-0.025821780784581628,-1.5475422459281045,9.748256598491706,0.0,0.0,0.001090830782496456,42.75,26.75,-58.75
1774889050.4490235,-0.013185736546972368,0.1673364574600839,-9.010543179939733,-0.023874330078586525,-1.5483643921200654,9.738804450649344,0.0,0.002181661564992912,0.0,42.75,26.75,-58.75
1774889050.7270198,0.0,0.0,0.0,-0.022578323388196583,-1.5422212978122019,9.732514151847662,-0.001090830782496456,-0.001090830782496456,0.0,42.75,26.75,-58.75
1774889050.7470267,0.0,0.0,0.0,-0.022578323388196583,-1.5422212978122019,9.732514151847662,-0.001090830782496456,-0.001090830782496456,0.0,42.75,26.75,-58.75
1774889050.763334,-0.013185736546972368,0.1673364574600839,-9.010543179939733,-0.021715845413085407,-1.5381331371731786,9.728328028262384,-0.001090830782496456,0.0,-0.001090830782496456,43.1875,25.25,-58.0
1774889050.785287,-0.013185736546972368,0.1673364574600839,-9.010543179939733,-0.021141875955159182,-1.5387576236429745,9.732232433193085,-0.001090830782496456,0.001090830782496456,0.001090830782496456,43.1875,25.25,-58.0
1774889050.8056016,-0.013185736546972368,0.1673364574600839,-9.010543179939733,-0.021141875955159182,-1.5387576236429745,9.732232433193085,-0.001090830782496456,0.001090830782496456,0.001090830782496456,43.1875,25.25,-58.0
1774889051.0183923,-0.013185736546972368,0.1673364574600839,-9.010543179939733,-0.021141875955159182,-1.5387576236429745,9.732232433193085,-0.001090830782496456,0.001090830782496456,0.001090830782496456,43.1875,25.25,-58.0
1774889051.0583656,0.0,0.0,0.0,-0.020759905692568234,-1.5425183241199723,9.738175882766724,0.0,0.002181661564992912,0.001090830782496456,43.1875,25.25,-58.375
1774889051.0902297,-0.01319598187415253,0.1673364574600839,-9.017601671351892,-0.02702676693842815,-1.5444604154636512,9.750334635746107,-0.001090830782496456,0.003272492347489368,-0.002181661564992912,42.75,26.75,-58.375
1774889051.385365,0.0,0.0,0.0,-0.02467623490339407,-1.5429683566649544,9.74353247293627,-0.001090830782496456,0.002181661564992912,-0.001090830782496456,42.75,26.75,-58.375
1774889051.4288678,0.0,0.0,0.0,-0.02467623490339407,-1.5429683566649544,9.74353247293627,-0.001090830782496456,0.002181661564992912,-0.001090830782496456,42.75,26.75,-58.375
1774889051.4633474,-0.01319598187415253,0.1673364574600839,-9.017601671351892,-0.029802205505880933,-1.5419754082018104,9.73900570957146,0.0,-0.002181661564992912,0.001090830782496456,43.1875,25.6875,-57.5625
1774889051.7115989,0.0,0.0,0.0,-0.03321348168099242,-1.5413146120915493,9.739338310826758,-0.001090830782496456,0.002181661564992912,0.001090830782496456,43.1875,25.6875,-57.5625
1774889051.733321,0.0,0.0,0.0,-0.035483647869077393,-1.5408748596617468,9.73955965324676,-0.001090830782496456,0.001090830782496456,-0.001090830782496456,43.1875,25.6875,-57.5625
1774889051.76312,0.0,0.0,0.0,-0.035483647869077393,-1.5408748596617468,9.73955965324676,-0.001090830782496456,0.001090830782496456,-0.001090830782496456,43.1875,25.6875,-57.5625
1774889051.8265686,-0.01319598187415253,0.1673364574600839,-9.017601671351892,-0.033649306400510615,-1.5472724327467084,9.739706954154714,-0.002181661564992912,0.002181661564992912,0.0,44.0,26.75,-59.1875
1774889052.0641959,-0.01319598187415253,0.1673364574600839,-9.017601671351892,-0.033649306400510615,-1.5472724327467084,9.739706954154714,-0.002181661564992912,0.002181661564992912,0.0,44.0,26.75,-59.1875
1774889052.1012611,0.0,0.0,0.0,-0.03242857264411625,-1.5515299461691765,9.739804981263498,0.0,0.002181661564992912,0.001090830782496456,42.5,25.6875,-58.75
1774889052.1224966,0.0,0.0,0.0,-0.03242857264411625,-1.5515299461691765,9.739804981263498,0.0,0.002181661564992912,0.001090830782496456,42.5,25.6875,-58.75
1774889052.3725104,-0.01319598187415253,0.1673364574600839,-9.017601671351892,-0.031616187965725365,-1.554363273792288,9.74321532891668,0.001090830782496456,0.0,0.0,42.5,25.6875,-58.75
1774889052.4099042,0.0,0.0,0.0,-0.034420666744507084,-1.5830097153336802,9.926120909379039,0.001090830782496456,0.002181661564992912,-0.001090830782496456,42.75,25.6875,-58.0625
1774889052.4424577,0.0,0.0,0.0,-0.032941904336386274,-1.5686224851045634,9.867206497792283,0.0,-0.001090830782496456,0.001090830782496456,42.75,25.6875,-58.0625
1774889052.4661973,-0.01319598187415253,0.1673364574600839,-9.017601671351892,-0.02861269276532095,-1.5590479441029783,9.824654503291077,0.0,0.001090830782496456,0.001090830782496456,42.75,25.6875,-58.0625
1774889052.718407,-0.01319598187415253,0.1673364574600839,-9.017601671351892,-0.02861269276532095,-1.5590479441029783,9.824654503291077,0.0,0.001090830782496456,0.001090830782496456,42.75,25.6875,-58.0625
1774889052.7362702,0.0,0.0,0.0,-0.025731650825238945,-1.5526761940210545,9.796336626287449,-0.001090830782496456,0.002181661564992912,0.001090830782496456,44.0,26.0625,-58.0625
1774889052.7915876,-0.01319598187415253,0.1673364574600839,-9.017601671351892,-0.0204692378901422,-1.5517809772259659,9.777491395472946,-0.001090830782496456,0.0,-0.001090830782496456,44.0,26.0625,-58.0625
1774889053.0597632,0.0,0.0,0.0,-0.027002495988797715,-1.5645656672783386,9.871993679515137,-0.001090830782496456,0.001090830782496456,0.001090830782496456,44.0,26.0625,-58.0625
1774889053.1046429,-0.01319598187415253,0.1673364574600839,-9.017601671351892,-0.02800519456485867,-1.5596932888645696,9.83453054266595,-0.001090830782496456,0.0,0.001090830782496456,42.75,25.6875,-58.5
1774889053.1376374,-0.01319598187415253,0.1673364574600839,-9.017601671351892,-0.02867247926635023,-1.5531056637509202,9.809599243583477,0.002181661564992912,0.001090830782496456,-0.001090830782496456,42.75,25.6875,-58.5
1774889053.470652,0.0,0.0,0.0,-0.029116549781134336,-1.5487216728263808,9.78631751913031,-0.001090830782496456,-0.002181661564992912,0.001090830782496456,43.5625,25.25,-58.5
1774889053.52915,-0.01319598187415253,0.1673364574600839,-9.017601671351892,-0.029412073748130475,-1.5458041758384873,9.770823791580632,-0.001090830782496456,0.0,-0.001090830782496456,43.5625,25.25,-58.5
1774889053.561274,-0.01319598187415253,0.1673364574600839,-9.017601671351892,-0.032953853354266774,-1.543862614183621,9.763858000679917,0.0,0.002181661564992912,0.0,42.75,27.1875,-58.5
1774889053.8907814,-0.01319598187415253,0.1673364574600839,-9.017601671351892,-0.032953853354266774,-1.543862614183621,9.763858000679917,0.0,0.002181661564992912,0.0,42.75,27.1875,-58.5
1774889053.9553783,0.0,0.0,0.0,-0.03687943511348436,-1.5584243952752113,9.752792255635901,0.0,0.0,0.0,43.5625,27.1875,-58.0625
1774889054.261704,0.0,0.0,0.0,-0.03123307551237892,-1.558951452656311,9.735132656397557,-0.001090830782496456,-0.002181661564992912,-0.001090830782496456,43.5625,27.1875,-58.0625
1774889054.3137355,-0.01319598187415253,0.1673364574600839,-9.017601671351892,-0.019403606426043905,-1.5517382435396747,9.737844373343323,-0.002181661564992912,-0.001090830782496456,0.001090830782496456,43.5625,25.25,-58.5
1774889054.6014001,-0.01319598187415253,0.1673364574600839,-9.017601671351892,-0.019403606426043905,-1.5517382435396747,9.737844373343323,-0.002181661564992912,-0.001090830782496456,0.001090830782496456,43.5625,25.25,-58.5
1774889054.6199405,0.0,0.0,0.0,-0.01625799503136558,-1.5511567816582008,9.73856545453991,0.00545415391248228,0.003272492347489368,-0.001090830782496456,43.1875,25.25,-58.5
1774889054.6387546,0.0,0.0,0.0,-0.020854849201627595,-1.5507698252714348,9.739045326021232,0.0,-0.002181661564992912,0.0,43.1875,25.25,-58.5
1774889054.6576545,0.0,0.0,0.0,-0.020854849201627595,-1.5507698252714348,9.739045326021232,0.0,-0.002181661564992912,0.0,43.1875,25.25,-58.5
1774889054.6915672,-0.01319598187415253,0.1673364574600839,-9.017601671351892,-0.02391400430171127,-1.5505123101186282,9.746054898546175,0.0,-0.002181661564992912,0.001090830782496456,43.1875,25.25,-58.5
1774889054.9284708,-0.01319598187415253,0.1673364574600839,-9.017601671351892,-0.02391400430171127,-1.5505123101186282,9.746054898546175,0.0,-0.002181661564992912,0.001090830782496456,43.1875,25.25,-58.5
1774889054.969646,0.0,0.0,0.0,-0.023959550623677456,-1.5502268895394289,9.731539073143496,-0.001090830782496456,-0.001090830782496456,0.0,44.0,27.1875,-58.875
1774889055.2981763,-0.01319598187415253,0.1673364574600839,-9.017601671351892,-0.024512104596077677,-1.5556381170219062,9.745685879821508,0.001090830782496456,-0.001090830782496456,-0.002181661564992912,44.0,25.6875,-58.0625
1774889055.5664499,-0.01319598187415253,0.1673364574600839,-9.017601671351892,-0.024512104596077677,-1.5556381170219062,9.745685879821508,0.001090830782496456,-0.001090830782496456,-0.002181661564992912,44.0,25.6875,-58.0625
1774889055.6244829,0.0,0.0,0.0,-0.026347866912498158,-1.5570972156035041,9.750474112920413,-0.002181661564992912,0.0,0.0,42.75,16.875,-58.875
1774889055.6622095,-0.01319598187415253,0.1673364574600839,-9.017601671351892,-0.027569546227267247,-1.5580682294103583,9.750315516852346,-0.001090830782496456,-0.001090830782496456,0.001090830782496456,42.75,16.875,-58.875
1774889055.9664254,-0.01319598187415253,0.1673364574600839,-9.017601671351892,-0.02169233674955517,-1.5587144282518848,9.750209972940683,0.0,-0.003272492347489368,0.002181661564992912,42.5,25.25,-58.875
1774889055.9983792,0.049555387080991,0.1722849512486914,-9.017510603012367,-0.017781119494869404,-1.5591444663624068,9.733414176109877,-0.009817477042468103,0.001090830782496456,0.039269908169872414,42.5,25.25,-58.875
1774889056.3176596,0.0,0.0,0.0,-0.01517824810303553,-1.60626221582359,9.718891649232999,0.0,-0.003272492347489368,0.04363323129985824,43.5625,24.875,-59.25
1774889056.7817278,0.30739246462583364,0.1928541704683045,-9.10130058498013,0.0025792496976980426,-1.595458863001815,9.71671040205901,0.003272492347489368,0.001090830782496456,-0.002181661564992912,43.1875,24.1875,-59.25
1774889057.124741,0.33520905169524984,0.19522340592338597,-9.15068164041675,-0.0033295998538932577,-1.6783019953399612,9.616088485255649,0.02399827721492203,0.007635815477475192,0.015271630954950384,43.5625,27.1875,-60.875
1774889057.6899505,0.4000616260210077,0.1726507949135453,-9.234860147868824,0.0030729902092492267,-1.8569048657550788,9.490416848526708,0.004363323129985824,0.00545415391248228,0.02181661564992912,45.0625,26.0625,-62.5
1774889057.7778428,0.5394462860690313,0.18397103452720773,-9.248259056362548,-0.015352786831146222,-1.7303841991347135,9.451185888682092,-0.001090830782496456,-0.006544984694978736,0.025089107997418487,47.5625,28.1875,-65.1875
1774889057.9085588,0.5748591279911405,0.17985539792069147,-9.25531145060911,-0.006871996426942228,-1.6365925524274236,9.527726764939034,0.013089969389957472,0.002181661564992912,0.018544123302439753,48.75,29.6875,-65.25
1774889058.2762825,0.6638060406070281,0.20806381422226675,-9.248031396487262,0.025943590090565946,-1.5939209559055032,9.739581617806207,0.030543261909900768,0.015271630954950384,0.05235987755982989,50.1875,32.25,-68.75
1774889058.5548596,0.6857969955598363,0.19606950053955743,-9.290455029325019,-0.04323960575624515,-1.5563372374670996,9.922585281085759,-0.014180800172453928,0.0,-0.030543261909900768,52.375,40.0625,-70.75
1774889058.823372,0.0,0.0,0.0,-0.07226192680788812,-1.6579158236696747,9.915030252268451,-0.003272492347489368,-0.001090830782496456,-0.013089969389957472,52.375,40.0625,-70.75
1774889058.8468714,0.0,0.0,0.0,-0.07226192680788812,-1.6579158236696747,9.915030252268451,-0.003272492347489368,-0.001090830782496456,-0.013089969389957472,52.375,40.0625,-70.75
1774889058.8835702,0.3870494651737076,0.1580285796389265,-9.367992883276814,-0.09157595726718781,-1.7255152380803314,9.910002464985736,0.006544984694978736,0.002181661564992912,-0.05672320068981571,54.6875,43.0,-69.1875
1774889059.1631753,0.17092539664844095,0.14036650426791752,-9.39648356363532,-0.08770367024939793,-1.69356432396734,9.906656528713151,0.008726646259971648,0.004363323129985824,-0.04799655442984406,54.6875,43.0,-69.1875
1774889059.248427,-0.20544436802018354,0.10950251320888035,-9.354510323850828,-0.08341176590358414,-1.6325327978119342,9.713620202479346,0.016362461737446838,0.01090830782496456,-0.026179938779914945,56.75,50.0,-66.0625
1774889059.518648,-0.20544436802018354,0.10950251320888035,-9.354510323850828,-0.08341176590358414,-1.6325327978119342,9.713620202479346,0.016362461737446838,0.01090830782496456,-0.026179938779914945,56.75,50.0,-66.0625
1774889059.5500977,0.0,0.0,0.0,-0.06219982185299659,-1.6216502135286786,9.715754316017012,0.00545415391248228,0.008726646259971648,-0.061086523819801536,56.75,50.0,-66.0625
1774889059.6863825,-0.6655132643687671,0.07190142026463428,-9.34794744386572,-0.04808351004027146,-1.6144079752546039,9.71717454473672,0.01090830782496456,0.0,-0.06217735460229799,58.25,52.1875,-65.6875
1774889059.860562,0.0,0.0,0.0,-0.025308815389160574,-1.5627567826818383,9.815127930596953,0.004363323129985824,-0.003272492347489368,-0.03490658503988659,58.25,52.1875,-65.6875
1774889059.8795502,0.0,0.0,0.0,-0.025308815389160574,-1.5627567826818383,9.815127930596953,0.004363323129985824,-0.003272492347489368,-0.03490658503988659,58.25,52.1875,-65.6875
1774889059.9121964,-1.0117965923591319,0.015585638104533407,-9.341011911418688,-0.04025851587472966,-1.5016225973477342,9.73312989955387,-0.015271630954950384,-0.001090830782496456,-0.04908738521234052,57.5625,55.0625,-63.25
1774889059.9385352,-1.0117965923591319,0.015585638104533407,-9.341011911418688,-0.04686226284145981,-1.4876993735800395,9.725392689775193,-0.002181661564992912,0.009817477042468103,-0.04363323129985824,57.5625,55.0625,-63.25
1774889060.323289,-1.3260297226894924,-0.0030761464489223226,-9.340796989098578,-0.05125698267913158,-1.5051945173537942,9.72024366309778,0.003272492347489368,0.017453292519943295,-0.04363323129985824,58.0,58.75,-61.25
1774889060.5785105,0.0,0.0,0.0,0.0729326252392717,-1.5335628986382637,9.766993718972149,0.019634954084936207,0.01090830782496456,0.05235987755982989,56.75,62.5,-59.75
1774889060.6190414,-1.4613426282406852,0.02104381330593527,-9.334304662305199,0.1555794220201495,-1.5792026331460502,9.798105358924198,-0.001090830782496456,0.001090830782496456,0.017453292519943295,56.75,62.5,-59.75
1774889061.0240552,-1.2352937753626578,0.08831480782576323,-9.362816618604384,-0.02580888914036933,-1.6297880814808063,9.754590940660474,-0.019634954084936207,0.011999138607461015,0.044724062082354694,56.75,65.375,-57.75
1774889061.259805,-1.2352937753626578,0.08831480782576323,-9.362816618604384,-0.02580888914036933,-1.6297880814808063,9.754590940660474,-0.019634954084936207,0.011999138607461015,0.044724062082354694,56.75,65.375,-57.75
1774889061.2792308,0.0,0.0,0.0,-0.07738753815048248,-1.670000311080594,9.716258990944866,-0.013089969389957472,0.002181661564992912,0.003272492347489368,56.0625,67.6875,-55.0
1774889061.298743,0.0,0.0,0.0,-0.05484565387102142,-1.6967611006792154,9.70412995343434,0.009817477042468103,-0.006544984694978736,0.03381575425739013,56.0625,67.6875,-55.0
1774889061.3205817,-1.1314091057844617,0.10316323296532051,-9.433354844713698,-0.04987961681434491,-1.6610483199023807,9.696058214461312,-0.017453292519943295,-0.01090830782496456,0.015271630954950384,56.0625,67.6875,-55.0
1774889061.3430874,-1.1035110560770656,0.10552989743769904,-9.426243299548425,-0.006433434139562849,-1.6372818632332982,9.720792567707868,-0.003272492347489368,-0.008726646259971648,0.020725784867432664,56.0625,67.6875,-55.0
1774889061.6460829,0.0,0.0,0.0,0.03920507364144113,-1.6214655518087402,9.737253003492622,0.003272492347489368,-0.007635815477475192,0.0545415391248228,56.0625,67.6875,-55.0
1774889061.6747763,-0.8240767990138709,0.12159282642169088,-9.418654694957809,0.05299293353562132,-1.6551955111375716,9.68083300659394,-0.01090830782496456,-0.013089969389957472,0.039269908169872414,55.375,69.0625,-52.1875
1774889061.7208147,-0.7473844955607363,0.12814427405828074,-9.383774794655286,0.0419564287127396,-1.6668380014536692,9.673864133168335,0.0,-0.001090830782496456,0.0272707695624114,55.0,72.0625,-51.5
1774889061.9641318,0.0,0.0,0.0,0.06806287511214257,-1.6745859487038939,9.73278354819008,0.003272492347489368,-0.001090830782496456,0.006544984694978736,55.0,72.0625,-51.5
1774889062.030224,-0.6282362519973652,0.13112352482271936,-9.34115974369175,0.08543642356283065,-1.622875222024247,9.771993760714059,0.0,0.003272492347489368,0.017453292519943295,54.6875,70.25,-49.0
1774889062.4479532,-0.36452863545116143,0.166619284551675,-9.36904666730917,0.007430041282559311,-1.558623486189176,9.737497772286472,-0.011999138607461015,-0.006544984694978736,0.02181661564992912,53.5,72.75,-46.25
1774889062.7223434,0.0,0.0,0.0,-0.031851619305969456,-1.5824997273867991,9.704883678335168,-0.017453292519943295,-0.008726646259971648,0.00545415391248228,53.5,71.0,-41.5
1774889062.7581475,-0.2111602241467494,0.17919713520811031,-9.361723628054879,-0.05799312562273483,-1.5983890991887273,9.622967352402128,0.02181661564992912,0.001090830782496456,0.039269908169872414,53.5,71.0,-41.5
1774889063.0802994,-0.14899474504302054,0.19130456259252804,-9.361629445714625,-0.038593777276269434,-1.5855475166757615,9.698912309144463,0.006544984694978736,-0.001090830782496456,0.032724923474893676,54.6875,71.0,-41.0625
1774889063.167057,-0.06892064477623892,0.23994780824362907,-9.432169513470477,-0.025683727656616865,-1.5770015869632588,9.679205483642027,0.0,0.0,0.019634954084936207,51.0,66.1875,-36.5
1774889063.428172,0.0,0.0,0.0,-0.06057868604459368,-1.6148008183990301,9.759753939214765,-0.00545415391248228,0.002181661564992912,0.008726646259971648,51.0,66.1875,-36.5
1774889063.4784844,0.049655953038453535,0.24970183432392506,-9.396596057404407,-0.0838008910495661,-1.6399557846744541,9.719694908808272,0.013089969389957472,0.007635815477475192,0.011999138607461015,50.6875,63.1875,-35.25
1774889063.758278,0.09789346640386681,0.2606754958584276,-9.389426490082156,-0.06580389199815428,-1.6098645698288923,9.699726294976081,0.004363323129985824,-0.008726646259971648,0.019634954084936207,50.6875,63.1875,-35.25
1774889063.7837155,0.0,0.0,0.0,-0.04379175504713366,-1.522936968343678,9.609499836266444,0.006544984694978736,0.002181661564992912,0.013089969389957472,51.375,61.0625,-34.5
1774889063.8010247,0.0,0.0,0.0,-0.04379175504713366,-1.522936968343678,9.609499836266444,0.006544984694978736,0.002181661564992912,0.013089969389957472,51.375,61.0625,-34.5
1774889063.8241127,0.0,0.0,0.0,-0.02914292379791071,-1.4450169503562857,9.532729577354168,-0.007635815477475192,0.014180800172453928,-0.015271630954950384,51.375,61.0625,-34.5
1774889063.8530464,0.14445029151382152,0.2925348580284932,-9.368109348280736,-0.019394290239719933,-1.39316204880931,9.481639827628031,0.003272492347489368,-0.00545415391248228,0.013089969389957472,51.375,61.0625,-34.5
1774889064.0874681,0.14445029151382152,0.2925348580284932,-9.368109348280736,-0.019394290239719933,-1.39316204880931,9.481639827628031,0.003272492347489368,-0.00545415391248228,0.013089969389957472,51.375,61.0625,-34.5
1774889064.11929,0.0,0.0,0.0,-0.032977353750032516,-1.5158734413310133,9.688488212822183,-0.004363323129985824,0.002181661564992912,0.007635815477475192,51.0,59.5625,-34.0625
1774889064.1732416,0.2694588806641453,0.30971472866935357,-9.333038649941624,0.014346710017930933,-1.5782898995412555,9.83412376742228,0.007635815477475192,-0.014180800172453928,0.04145156973486533,50.6875,60.6875,-34.5
1774889064.450376,0.3263834221551164,0.30030344840461887,-9.325868159129843,0.014346710017930933,-1.5782898995412555,9.83412376742228,0.007635815477475192,-0.014180800172453928,0.04145156973486533,50.6875,60.6875,-34.5
1774889064.4876122,0.0,0.0,0.0,0.0764498094000689,-1.5654815004185019,9.839434544568666,0.004363323129985824,0.007635815477475192,0.006544984694978736,50.6875,60.6875,-34.5
1774889064.555452,0.4240153415649149,0.3082095038465245,-9.311511814674075,0.05057147707633545,-1.6292825757654534,9.86203455843469,0.004363323129985824,-0.007635815477475192,0.019634954084936207,51.0,57.0,-32.875
1774889064.8303049,0.0,0.0,0.0,0.043690088195845245,-1.64624812072266,9.868044199325418,0.009817477042468103,0.001090830782496456,0.0272707695624114,50.6875,54.375,-32.5
1774889064.8721037,0.5693511653443276,0.3339298389860098,-9.28285511595335,0.03576548905871018,-1.587291155520419,9.775035308693848,0.001090830782496456,-0.008726646259971648,0.0,50.6875,54.375,-32.5
1774889065.1513386,0.0,0.0,0.0,0.008006813990910168,-1.5219453652923196,9.814526569264297,-0.00545415391248228,-0.006544984694978736,-0.019634954084936207,49.5625,55.5625,-32.875
1774889065.258949,0.48507358995784583,0.33420177051452404,-9.304225492181372,-0.018087336682257742,-1.5547457359440784,9.79963193445102,0.001090830782496456,0.007635815477475192,-0.016362461737446838,49.5625,52.875,-30.0625
1774889065.5114021,0.0,0.0,0.0,-0.03545270246448866,-1.5765740162086759,9.789719721366756,0.014180800172453928,0.003272492347489368,0.01090830782496456,49.5625,52.875,-30.0625
1774889065.538183,0.0,0.0,0.0,-0.03545270246448866,-1.5765740162086759,9.789719721366756,0.014180800172453928,0.003272492347489368,0.01090830782496456,49.5625,52.875,-30.0625
1774889065.5597382,0.3375966940881728,0.3361633490322981,-9.283376976152448,-0.07472324268287815,-1.5439244418064764,9.652761751472218,0.015271630954950384,0.011999138607461015,-0.022907446432425576,48.375,50.0,-30.875
1774889065.8299935,0.3375966940881728,0.3361633490322981,-9.283376976152448,-0.07472324268287815,-1.5439244418064764,9.652761751472218,0.015271630954950384,0.011999138607461015,-0.022907446432425576,48.375,50.0,-30.875
1774889065.8514957,0.0,0.0,0.0,-0.06645304182873875,-1.5493018955979614,9.581590568900268,-0.00545415391248228,0.004363323129985824,0.004363323129985824,48.375,47.375,-29.0
1774889065.8861248,0.0,0.0,0.0,-0.0609493155445058,-1.5997120949285712,9.554297612176754,0.003272492347489368,0.006544984694978736,-0.004363323129985824,48.375,47.375,-29.0
1774889065.910996,0.25858749238970175,0.3578739305251722,-9.304725326483831,-0.033870865231764066,-1.6332595194642683,9.536134454359559,0.009817477042468103,0.003272492347489368,-0.014180800172453928,48.375,47.375,-29.0
1774889066.1781652,0.25858749238970175,0.3578739305251722,-9.304725326483831,-0.033870865231764066,-1.6332595194642683,9.536134454359559,0.009817477042468103,0.003272492347489368,-0.014180800172453928,48.375,47.375,-29.0
1774889066.2072594,0.0,0.0,0.0,-0.05933691122989618,-1.655584955743488,9.524047075727983,-0.004363323129985824,0.007635815477475192,-0.02181661564992912,48.375,47.375,-29.0
1774889066.2553399,0.039276447883091065,0.3477953684033681,-10.19639687554242,-0.03279782817212774,-1.5232573690737918,9.475861719785703,0.015271630954950384,0.001090830782496456,-0.007635815477475192,47.0,44.0625,-28.0625
1774889066.2748065,0.039276447883091065,0.3477953684033681,-10.19639687554242,-0.03279782817212774,-1.5232573690737918,9.475861719785703,0.015271630954950384,0.001090830782496456,-0.007635815477475192,47.0,44.0625,-28.0625
1774889066.4953616,0.039276447883091065,0.3477953684033681,-10.19639687554242,-0.03279782817212774,-1.5232573690737918,9.475861719785703,0.015271630954950384,0.001090830782496456,-0.007635815477475192,47.0,44.0625,-28.0625
1774889066.5537326,-0.015035672275966583,0.35666282906324936,-9.319658071326783,-0.021826588272804336,-1.445230173463066,9.547493366598712,0.004363323129985824,0.006544984694978736,0.015271630954950384,44.6875,41.875,-26.5625
1774889066.5826075,-0.05278065486835596,0.3886753226160951,-9.333935534592987,0.028961101518567428,-1.3933039464050139,9.501500299569901,0.009817477042468103,0.022907446432425576,-0.007635815477475192,44.6875,41.875,-26.5625
1774889066.7738159,-0.05278065486835596,0.3886753226160951,-9.333935534592987,0.028961101518567428,-1.3933039464050139,9.501500299569901,0.009817477042468103,0.022907446432425576,-0.007635815477475192,44.6875,41.875,-26.5625
1774889066.8100781,0.0,0.0,0.0,0.0627597417390569,-1.4022340745469952,9.564555555043393,0.007635815477475192,0.00545415391248228,0.001090830782496456,44.0625,37.875,-25.375
1774889066.8244343,0.0,0.0,0.0,0.08525235925024287,-1.4182123101913744,9.64331435196816,-0.006544984694978736,0.011999138607461015,-0.028361600344907856,44.0625,37.875,-25.375
1774889066.8464315,-0.16021332805794306,0.4149619522922394,-9.34086946235614,0.013248040554632343,-1.4288456475241214,9.792735691040445,-0.031634092692397225,0.0,-0.05999569303730508,44.0625,37.875,-25.375
1774889067.1078186,-0.18698256916226327,0.3987330136259314,-9.348000388766534,-0.03467002919635392,-1.4961340254686526,9.858722805974132,-0.009817477042468103,0.006544984694978736,-0.016362461737446838,44.0625,38.875,-23.75
1774889067.2062368,-0.3082179433277886,0.42400920722290186,-9.313792673599831,0.04035795939179654,-1.604106072516737,9.931860562563584,0.015271630954950384,0.014180800172453928,-0.001090830782496456,42.5625,33.75,-24.1875
1774889067.5231876,-0.43091218812826887,0.378884453677137,-9.328241867837082,-0.022279613803284144,-1.5070954733605628,9.824970319913168,-0.02399827721492203,-0.002181661564992912,-0.05126904677733343,42.875,27.1875,-27.25
1774889067.5451076,-0.46520016223396404,0.36907011653970856,-9.328331923223086,-0.0047914989845339595,-1.4913415114305462,9.799891910428867,-0.002181661564992912,0.003272492347489368,-0.0272707695624114,42.875,27.1875,-27.25
1774889068.0347126,-0.5237421858764781,0.3154572956776114,-9.257663356707017,0.09931483153142763,-1.5574490765614313,9.785452705727186,-0.003272492347489368,0.001090830782496456,0.00545415391248228,41.375,23.875,-31.25
1774889068.2549453,0.0,0.0,0.0,0.14972070364778914,-1.5616475006546338,9.696655810360424,0.002181661564992912,0.001090830782496456,0.001090830782496456,40.375,22.0,-35.25
1774889068.2985091,-0.40610966412093824,0.33929291070078565,-9.173176039734367,0.15650435481218714,-1.56444150498919,9.637562468420159,0.016362461737446838,0.002181661564992912,0.02181661564992912,40.375,22.0,-35.25
1774889068.345082,-0.40610966412093824,0.33929291070078565,-9.173176039734367,0.15650435481218714,-1.56444150498919,9.637562468420159,0.001090830782496456,0.019634954084936207,-0.001090830782496456,40.375,24.5625,-35.25
1774889068.6896822,-0.28216898116084516,0.3703900780792087,-9.13102909038961,0.01719615039796718,-1.541050228243007,9.8058083977018,0.014180800172453928,0.0,0.03490658503988659,40.6875,21.5625,-38.5
1774889068.9636838,-0.28216898116084516,0.3703900780792087,-9.13102909038961,0.01719615039796718,-1.541050228243007,9.8058083977018,0.014180800172453928,0.0,0.03490658503988659,40.6875,21.5625,-38.5
1774889069.0055535,0.0,0.0,0.0,-0.005281712540336228,-1.4938673512614316,9.813900758908451,-0.004363323129985824,0.031634092692397225,-0.01090830782496456,38.875,22.0,-40.0
1774889069.061998,-0.03173040864150715,0.3974023752840343,-9.130187027015658,-0.020240479231595714,-1.4791932322340609,9.819286134893881,-0.002181661564992912,-0.028361600344907856,0.05781403147231216,39.1875,22.375,-40.0
1774889069.2735677,-0.03173040864150715,0.3974023752840343,-9.130187027015658,-0.020240479231595714,-1.4791932322340609,9.819286134893881,-0.002181661564992912,-0.028361600344907856,0.05781403147231216,39.1875,22.375,-40.0
1774889069.3346267,0.0,0.0,0.0,-0.06030137673013052,-1.4828082167712733,9.916533170258536,-0.001090830782496456,-0.006544984694978736,0.025089107997418487,39.1875,22.375,-40.0
1774889069.3687477,0.12313160355451495,0.38878503505472034,-9.185598367515487,-0.07023589796926134,-1.642434198842776,10.004665767924385,-0.015271630954950384,-0.004363323129985824,0.022907446432425576,38.0625,21.25,-44.0
1774889069.5830514,0.12313160355451495,0.38878503505472034,-9.185598367515487,-0.07023589796926134,-1.642434198842776,10.004665767924385,-0.015271630954950384,-0.004363323129985824,0.022907446432425576,38.0625,21.25,-44.0
1774889069.6179204,0.0,0.0,0.0,-0.0768472108780292,-1.6483101555527235,10.063317027165384,0.006544984694978736,-0.001090830782496456,0.018544123302439753,38.0,22.0625,-45.6875
1774889069.6792288,0.3833254208587469,0.38162171226883695,-9.184827472737485,-0.047795848692416126,-1.6522205391044562,10.102348785012774,0.016362461737446838,0.001090830782496456,0.05672320068981571,38.0,22.0625,-45.6875
1774889069.9902103,0.5708771807262651,0.40393603786946436,-9.226598088130944,0.007819423390469947,-1.5896524341386733,9.914939320620174,0.011999138607461015,0.001090830782496456,0.03599741582238305,36.1875,22.0625,-46.5
1774889070.257734,0.598852529833858,0.4060329583267284,-9.198265649581417,-0.004831596204283008,-1.4894153475822707,9.85307505196515,0.019634954084936207,0.006544984694978736,0.016362461737446838,36.1875,24.25,-47.25
1774889070.308602,0.0,0.0,0.0,0.01685529694243199,-1.4193635744932895,9.768418620049243,-0.015271630954950384,0.002181661564992912,0.0272707695624114,36.1875,24.25,-47.25
1774889070.6723864,0.9494033585696903,0.4973865989568408,-9.196702953650531,0.03758364328499943,-1.4383613840037488,9.935689201000068,0.014180800172453928,-0.011999138607461015,0.039269908169872414,36.5625,23.1875,-49.5625
1774889070.7225404,0.9494033585696903,0.4973865989568408,-9.196702953650531,-0.01178473401115051,-1.4255290725297574,9.836777860200744,-0.002181661564992912,0.0,0.028361600344907856,36.1875,25.375,-50.75
1774889070.9558697,1.0446909072612995,0.5331658579540135,-9.20262891213537,-0.01178473401115051,-1.4255290725297574,9.836777860200744,-0.002181661564992912,0.0,0.028361600344907856,36.1875,25.375,-50.75
1774889070.9918134,0.0,0.0,0.0,-0.04798394932814866,-1.4169893125901276,9.734157239030354,0.009817477042468103,0.00545415391248228,0.007635815477475192,36.1875,25.375,-50.75
1774889071.0375662,1.0865269207874684,0.5365341417444187,-9.202467090327861,-0.08587972958329812,-1.4688196762873922,9.598131230474475,-0.015271630954950384,-0.013089969389957472,-0.022907446432425576,35.875,24.6875,-50.75
1774889071.2873182,1.0871140621024689,0.5294940465064157,-9.195465141955175,-0.08587972958329812,-1.4688196762873922,9.598131230474475,-0.015271630954950384,-0.013089969389957472,-0.022907446432425576,35.875,24.6875,-50.75
1774889071.3385825,0.0,0.0,0.0,-0.07387755923484371,-1.5227362950714494,9.772702163536895,-0.00545415391248228,0.007635815477475192,-0.017453292519943295,37.0,25.6875,-52.75
1774889071.3606436,0.9846644391146693,0.49344372486580246,-9.224321353086495,-0.052509802111697396,-1.558617202584144,9.888877169404838,-0.014180800172453928,0.002181661564992912,-0.02181661564992912,37.0,25.6875,-52.75
1774889071.6185193,0.9846644391146693,0.49344372486580246,-9.224321353086495,-0.052509802111697396,-1.558617202584144,9.888877169404838,-0.014180800172453928,0.002181661564992912,-0.02181661564992912,37.0,25.6875,-52.75
1774889071.6520312,0.0,0.0,0.0,-0.038289798439730474,-1.5256286466934132,9.94277455609887,0.013089969389957472,0.004363323129985824,0.001090830782496456,36.5625,26.5,-54.0
1774889071.671783,0.0,0.0,0.0,-0.038289798439730474,-1.5256286466934132,9.94277455609887,0.013089969389957472,0.004363323129985824,0.001090830782496456,36.5625,26.5,-54.0
1774889071.7052014,0.8672589663149162,0.46993594415169243,-9.224836837991774,-0.012493520165361989,-1.5024457587959281,10.002512490584973,-0.019634954084936207,0.013089969389957472,-0.04908738521234052,36.5625,28.0,-53.5625
1774889071.957459,0.8034114122485355,0.47876341241009956,-9.217906273501168,-0.012493520165361989,-1.5024457587959281,10.002512490584973,-0.019634954084936207,0.013089969389957472,-0.04908738521234052,36.5625,28.0,-53.5625
1774889071.9958904,0.0,0.0,0.0,-0.0016240746936449033,-1.585255417840759,10.041813374905773,-0.015271630954950384,-0.01090830782496456,-0.04908738521234052,36.5625,28.0,-53.5625
1774889072.0410385,0.6657242175661093,0.44658619546727957,-9.211999575800254,-0.01780636210311455,-1.6403643208905907,10.021136110499151,0.015271630954950384,0.002181661564992912,-0.017453292519943295,37.0,27.5625,-54.75
1774889072.4216073,0.47860065985738354,0.41747424753461443,-9.212683209034482,-0.0758835708101245,-1.7415863972345167,10.014920089196963,-0.016362461737446838,0.006544984694978736,-0.06326818538479445,36.5625,29.75,-55.1875
1774889072.645481,0.47860065985738354,0.41747424753461443,-9.212683209034482,-0.0758835708101245,-1.7415863972345167,10.014920089196963,-0.016362461737446838,0.006544984694978736,-0.06326818538479445,36.5625,29.75,-55.1875
1774889072.668767,0.0,0.0,0.0,-0.037119221869832277,-1.7845421818335045,10.02330959952154,-0.00545415391248228,-0.00545415391248228,-0.00545415391248228,36.5625,29.75,-55.1875
1774889072.6937413,0.0,0.0,0.0,-0.037119221869832277,-1.7845421818335045,10.02330959952154,-0.00545415391248228,-0.00545415391248228,-0.00545415391248228,36.5625,29.75,-55.1875
1774889072.7455447,0.5268666549057692,0.4283443628370271,-9.205436088819269,-0.05815354457868995,-1.7361912073682302,10.012167166388977,0.002181661564992912,0.003272492347489368,0.022907446432425576,34.6875,30.1875,-56.375
1774889072.9979239,0.0,0.0,0.0,-0.07215165137265425,-1.6973239505627262,9.85422197477902,-0.001090830782496456,0.006544984694978736,-0.009817477042468103,31.75,30.875,-56.375
1774889073.0290577,0.0,0.0,0.0,-0.08146723507493885,-1.6681131136270508,9.749111214125989,-0.006544984694978736,0.0,-0.02399827721492203,31.75,30.875,-56.375
1774889073.054424,0.46362959665653797,0.4301727704142917,-9.184438428189244,-0.06759598172300456,-1.6252578460015523,9.799585198539026,0.014180800172453928,-0.00545415391248228,0.009817477042468103,31.75,30.875,-56.375
1774889073.2969928,0.46362959665653797,0.4301727704142917,-9.184438428189244,-0.06759598172300456,-1.6252578460015523,9.799585198539026,0.014180800172453928,-0.00545415391248228,0.009817477042468103,31.75,30.875,-56.375
1774889073.3251724,0.0,0.0,0.0,-0.055019705862025745,-1.5933930324141703,9.833175071334551,0.004363323129985824,0.00545415391248228,-0.002181661564992912,29.1875,32.0,-56.375
1774889073.3479397,0.0,0.0,0.0,0.013561675968998127,-1.5755324666323778,9.85552875645651,0.006544984694978736,-0.007635815477475192,-0.002181661564992912,29.1875,32.0,-56.375
1774889073.3611472,0.0,0.0,0.0,0.013561675968998127,-1.5755324666323778,9.85552875645651,0.006544984694978736,-0.007635815477475192,-0.002181661564992912,29.1875,32.0,-56.375
1774889073.3993995,0.38633021271109275,0.43103467925125677,-9.198802918400363,0.02909581410743767,-1.5469209010835907,9.760016197856608,-0.017453292519943295,0.011999138607461015,-0.015271630954950384,29.1875,32.0,-56.375
1774889073.6358163,0.38633021271109275,0.43103467925125677,-9.198802918400363,0.02909581410743767,-1.5469209010835907,9.760016197856608,-0.017453292519943295,0.011999138607461015,-0.015271630954950384,29.1875,32.0,-56.375
1774889073.6636791,0.0,0.0,0.0,0.03943360951087615,-1.554641117481557,9.76001077949263,-0.002181661564992912,0.004363323129985824,0.002181661564992912,29.1875,30.875,-56.875
1774889073.695537,0.3353367814302391,0.4549495940545565,-9.184791409990302,0.02078564659234979,-1.5799116675829685,9.73551729475929,-0.026179938779914945,0.0,-0.018544123302439753,27.6875,33.0625,-54.5
1774889073.9656382,0.0,0.0,0.0,0.0037972804943643863,-1.5397998752753708,9.706910804371532,0.001090830782496456,0.00545415391248228,0.013089969389957472,27.6875,33.0625,-54.5
1774889073.9979002,0.0,0.0,0.0,0.0037972804943643863,-1.5397998752753708,9.706910804371532,0.001090830782496456,0.00545415391248228,0.013089969389957472,27.6875,33.0625,-54.5
1774889074.0286217,0.3032486803757619,0.5016705710409931,-9.247810647068892,-0.007508287371361147,-1.5131059255727437,9.791571967500815,-0.031634092692397225,0.019634954084936207,-0.015271630954950384,27.375,32.375,-56.875
1774889074.0518677,0.2962191723165526,0.5011476146576935,-9.261963528528788,0.008383765456702231,-1.5488631875537122,9.92485059510454,-0.00545415391248228,-0.006544984694978736,0.015271630954950384,27.375,32.375,-56.875
1774889074.285069,0.0,0.0,0.0,0.018959749087916318,-1.5960750279184939,10.013546032954997,-0.014180800172453928,0.002181661564992912,-0.008726646259971648,25.5,32.0,-57.25
1774889074.3296118,0.2591039379506035,0.5262090129948652,-9.262072791022353,-0.017488504142140822,-1.6040781983392074,10.062536520929557,0.0,0.019634954084936207,-0.013089969389957472,25.5,32.0,-57.25
1774889074.3570752,0.26500957073256887,0.5406789690460079,-9.247901122446379,-0.041744409513077396,-1.6495455593407535,10.095139143417018,-0.004363323129985824,0.008726646259971648,-0.002181661564992912,25.5,32.0,-57.25
1774889074.3729138,0.27951615407267943,0.5348354848337796,-9.247848058889128,-0.05788644358121886,-1.62962690457379,9.912784010340786,0.00545415391248228,-0.009817477042468103,0.006544984694978736,25.5,32.0,-57.25
1774889074.6352499,0.0,0.0,0.0,-0.11880546254502225,-1.6130261506250092,10.055692531197094,-0.006544984694978736,0.0,0.001090830782496456,24.75,32.375,-57.25
1774889074.6605816,0.0,0.0,0.0,-0.11880546254502225,-1.6130261506250092,10.055692531197094,-0.006544984694978736,0.0,0.001090830782496456,24.75,32.375,-57.25
1774889074.6828754,0.0,0.0,0.0,-0.11880546254502225,-1.6130261506250092,10.055692531197094,-0.006544984694978736,0.0,0.001090830782496456,24.75,32.375,-57.25
1774889075.0879905,0.0,0.0,0.0,-0.1528748058695932,-1.57455579882618,9.885383696491953,0.014180800172453928,-0.004363323129985824,0.0272707695624114,23.375,34.5625,-58.5
1774889075.1166077,0.0,0.0,0.0,-0.1528748058695932,-1.57455579882618,9.885383696491953,0.014180800172453928,-0.004363323129985824,0.0272707695624114,23.375,34.5625,-58.5
1774889075.469069,0.36695007341072244,0.4929519330256727,-9.289957531103056,-0.038378177053264226,-1.5219737276562557,9.962610081573276,-0.01090830782496456,0.006544984694978736,-0.001090830782496456,21.5,35.25,-62.375
1774889075.8058634,0.20482002236744773,0.5008812270956413,-9.31176973726431,-0.06068014378001789,-1.632944611666151,9.927341788651447,0.009817477042468103,0.0,-0.026179938779914945,19.25,39.375,-63.5625
1774889076.1792893,-0.297654261774657,0.5510997493799942,-9.341858531328343,-0.15893845112136876,-1.6505445351242394,9.76700413150102,-0.01090830782496456,0.015271630954950384,-0.07853981633974483,18.1875,39.75,-66.0
1774889076.6514657,-1.6060309461043256,0.4160236477371502,-9.354431497110916,-0.2231615554186346,-1.7017831733409419,9.72713177507547,-0.007635815477475192,0.007635815477475192,-0.19962203319685143,15.5625,45.375,-66.0
1774889076.905651,-2.87163103633886,0.26948952243650603,-9.392380839198307,-0.11514109377359118,-1.7621638845281171,9.69461606378057,0.0272707695624114,0.011999138607461015,-0.11562806294462433,14.0625,45.75,-64.0
1774889077.269183,-3.719391602588635,0.1649697869612194,-9.385602550608535,-0.11522282956878023,-1.837141959384494,9.887480945753664,0.002181661564992912,0.018544123302439753,-0.16253378659197193,14.0625,49.0625,-60.75
1774889077.731826,-5.334532298500995,0.07218188512913065,-9.43841861843072,0.005011747412715928,-1.7511445580428542,9.801599091345489,0.006544984694978736,0.013089969389957472,-0.11235557059713497,12.25,47.0,-57.5625
1774889077.9716685,-6.151512304620621,0.008705076130671719,-9.494864860973747,0.05236079518004377,-1.6936636375419125,9.87313439854582,-0.02945243112740431,0.011999138607461015,-0.17889624832941878,11.875,44.75,-55.6875
1774889078.3675418,-6.97122919621363,-0.025629431941539816,-9.517821667882382,-0.001416371981832809,-1.7094907106315163,9.882530640315336,-0.009817477042468103,0.013089969389957472,-0.1559888018969932,13.375,42.875,-54.0625
1774889078.5933988,-8.063374353562239,-0.08901490305396556,-9.526326444404837,-0.13433718463100108,-1.7610228211476238,9.908976989202028,0.013089969389957472,0.015271630954950384,-0.12762720155208535,12.6875,41.375,-56.0625
1774889078.8942308,0.0,0.0,0.0,-0.09274500743457173,-1.780751346291999,9.972876320180797,-0.007635815477475192,0.02945243112740431,-0.1538071403320003,13.375,39.25,-54.875
1774889078.9597375,-8.875494177350186,-0.14102647328629728,-9.505759514855683,0.008526579435616244,-1.7303233369544466,9.918392371632608,0.00545415391248228,0.014180800172453928,-0.15162547876700738,13.375,39.25,-54.875
1774889079.2313673,-9.959980469453505,-0.22360559311202702,-9.497460634282684,0.02024335851094841,-1.7512534380722042,9.798790674589588,-0.007635815477475192,0.013089969389957472,-0.1734420944169365,15.0625,39.375,-54.75
1774889079.281647,-10.150349523086883,-0.21972985863844272,-9.51266922002321,-0.01328916470265036,-1.7842852661084252,9.892858335253363,-0.008726646259971648,0.037088246604879506,-0.17998707911191522,15.0625,39.375,-54.75
1774889079.6930845,-11.614292630536797,-0.33524552660836887,-9.516822459798401,-0.0675985046178947,-1.6437362906709592,9.859175115424655,0.001090830782496456,0.0,-0.16907877128695067,16.875,40.875,-53.875
1774889080.0207307,-12.550794260740004,-0.518278833940972,-10.420442286118362,-0.013225082685451486,-1.631511045245546,10.051499947486537,0.004363323129985824,0.01090830782496456,-0.08290313946973066,18.0,39.75,-56.6875
1774889080.3695078,-13.591495551139122,-0.508639769298728,-9.46660747973429,0.07214038299199796,-1.549326646496121,9.996058985244389,0.019634954084936207,0.013089969389957472,-0.16471544815696484,19.0625,40.875,-55.875
1774889080.722318,-15.127722688829076,-0.6654807203185297,-9.469122731577873,-0.021779428136602594,-1.613047367624803,10.044614068949757,0.003272492347489368,0.014180800172453928,-0.17671458676442586,21.25,44.5625,-56.25
1774889081.0257516,-16.4769233933895,-0.7145331479317067,-9.420115083051464,0.046338413615712164,-1.7285366406217548,10.104389133849057,-0.015271630954950384,0.02945243112740431,-0.16907877128695067,22.75,45.6875,-53.875
1774889081.2545907,-16.4769233933895,-0.7145331479317067,-9.420115083051464,0.046338413615712164,-1.7285366406217548,10.104389133849057,-0.015271630954950384,0.02945243112740431,-0.16907877128695067,22.75,45.6875,-53.875
1774889081.2859912,0.0,0.0,0.0,0.04087303174921764,-1.6989201453146987,9.87879843515631,-0.004363323129985824,0.014180800172453928,-0.05999569303730508,26.0625,49.0,-51.5
1774889081.3389778,-17.283524390067043,-0.7320036025205106,-9.372293877368573,0.03723588116938131,-1.6390693580379503,9.728670345189512,-0.016362461737446838,0.03381575425739013,-0.09490227807719166,26.0625,49.0,-51.5
1774889081.5555413,-17.283524390067043,-0.7320036025205106,-9.372293877368573,0.03723588116938131,-1.6390693580379503,9.728670345189512,-0.016362461737446838,0.03381575425739013,-0.09490227807719166,26.0625,49.0,-51.5
1774889081.5775356,0.0,0.0,0.0,0.03481539808813438,-1.6260002213409304,9.732460241284157,0.013089969389957472,0.013089969389957472,-0.05672320068981571,28.6875,51.875,-46.0
1774889081.6626186,-17.969244283696664,-0.7724140580847718,-9.313659987325316,0.08338126924592296,-1.6173028568608863,9.878822178213964,-0.007635815477475192,0.01090830782496456,-0.14726215563702155,28.6875,51.875,-46.0
1774889081.9218993,0.0,0.0,0.0,0.11570131398510321,-1.6148599696626635,10.036436423002536,0.009817477042468103,0.004363323129985824,-0.03381575425739013,32.375,53.0625,-38.375
1774889081.9668999,-18.769414134026235,-0.8019006333163021,-9.306446918401925,0.1069537254271794,-1.6767102606626512,10.007149516905011,0.008726646259971648,0.022907446432425576,-0.1265363707695889,32.375,53.0625,-38.375
1774889082.3016238,-20.056971225409953,-0.8256247001363534,-9.283125133995961,0.07412806565066735,-1.5437141698525776,9.799244550806243,0.001090830782496456,0.022907446432425576,-0.12980886311707826,36.375,54.5625,-30.5
1774889082.5426052,-20.056971225409953,-0.8256247001363534,-9.283125133995961,0.07412806565066735,-1.5437141698525776,9.799244550806243,0.001090830782496456,0.022907446432425576,-0.12980886311707826,36.375,54.5625,-30.5
1774889082.5610812,0.0,0.0,0.0,0.04933139962576863,-1.5056755097663814,9.756010804805323,0.00545415391248228,0.00545415391248228,-0.05345070834232634,40.1875,52.5625,-21.5
1774889082.5967922,0.0,0.0,0.0,0.02613927196846889,-1.523847658593845,9.780761017111407,0.006544984694978736,0.006544984694978736,-0.15271630954950383,40.1875,52.5625,-21.5
1774889082.635237,-21.285181475493044,-0.9028974505455308,-9.306570850209708,0.010705170085577056,-1.5426312440569574,9.810612453752398,0.007635815477475192,0.022907446432425576,-0.14944381720201447,40.1875,52.5625,-21.5
1774889082.89347,0.0,0.0,0.0,-0.04305250450242461,-1.5618217337708995,9.830478251374581,0.001090830782496456,0.009817477042468103,-0.06217735460229799,40.1875,52.5625,-21.5
1774889082.9300728,0.0,0.0,0.0,-0.04305250450242461,-1.5618217337708995,9.830478251374581,0.001090830782496456,0.009817477042468103,-0.06217735460229799,40.1875,52.5625,-21.5
1774889082.9564352,-22.10229566118225,-0.9611333741394149,-9.294413222307192,-0.0286509608183765,-1.5745927903037116,9.85707916460592,-0.016362461737446838,0.025089107997418487,-0.17671458676442586,42.375,48.875,-13.5625
1774889082.9807143,-22.479438070114174,-0.9780955896162344,-9.293658262321957,-0.06924356998221723,-1.5764015623496102,9.874781775209707,-0.022907446432425576,0.017453292519943295,-0.18871372537188688,42.375,48.875,-13.5625
1774889083.2249427,-22.479438070114174,-0.9780955896162344,-9.293658262321957,-0.06924356998221723,-1.5764015623496102,9.874781775209707,-0.022907446432425576,0.017453292519943295,-0.18871372537188688,42.375,48.875,-13.5625
1774889083.241617,0.0,0.0,0.0,-0.0728417159803619,-1.577605279940848,9.886562664815408,-0.022907446432425576,0.04145156973486533,-0.15817046346198613,45.5,42.875,-8.0625
1774889083.2559385,0.0,0.0,0.0,-0.0728417159803619,-1.577605279940848,9.886562664815408,-0.022907446432425576,0.04145156973486533,-0.15817046346198613,45.5,42.875,-8.0625
1774889083.305578,-23.316603268872214,-0.9043281262085904,-9.294236595775384,-0.013272649792124877,-1.6123669145264716,9.877335196505085,0.02399827721492203,0.003272492347489368,-0.13962634015954636,45.875,44.6875,-7.0
1774889083.5672855,0.0,0.0,0.0,0.03799876373102522,-1.5112218039576177,9.687555235724735,0.001090830782496456,0.007635815477475192,-0.04690572364734761,45.875,44.6875,-7.0
1774889083.599755,0.0,0.0,0.0,0.0788095401061038,-1.4439108627389625,9.561258791806482,0.013089969389957472,-0.013089969389957472,-0.09599310885968812,45.875,44.6875,-7.0
1774889083.6483529,-24.41426456526542,-0.9727467763971859,-9.188886331410094,0.1293844378487112,-1.4894341993680515,9.460484360666007,0.037088246604879506,-0.004363323129985824,-0.015271630954950384,47.375,36.875,-5.0
1774889083.8942363,-24.41426456526542,-0.9727467763971859,-9.188886331410094,0.1293844378487112,-1.4894341993680515,9.460484360666007,0.037088246604879506,-0.004363323129985824,-0.015271630954950384,47.375,36.875,-5.0
1774889083.9284172,-24.94105104846881,-1.0325683321649224,-9.166139767778747,0.19213006790375797,-1.5688422046131933,9.711038789498808,-0.004363323129985824,0.015271630954950384,-0.10581058590215622,52.0625,30.6875,-1.375
1774889083.9716,-24.94105104846881,-1.0325683321649224,-9.166139767778747,0.19213006790375797,-1.5688422046131933,9.711038789498808,-0.004363323129985824,0.015271630954950384,-0.10581058590215622,52.0625,30.6875,-1.375
1774889084.2276816,0.0,0.0,0.0,0.1864792656955445,-1.6608533142989113,9.933309901543748,0.009817477042468103,0.026179938779914945,-0.14289883250703572,52.5,31.5,-0.6875
1774889084.252392,0.0,0.0,0.0,0.1864792656955445,-1.6608533142989113,9.933309901543748,0.009817477042468103,0.026179938779914945,-0.14289883250703572,52.5,31.5,-0.6875
1774889084.2808826,-25.817509250401326,-1.0454628612671908,-9.127994818336031,0.11740964479585694,-1.6839836530850159,9.99241471323509,0.013089969389957472,0.019634954084936207,-0.15162547876700738,52.5,26.0,-3.0625
1774889084.528688,-26.14729484541603,-1.056595381301255,-9.121062212041956,0.07144458364533504,-1.619093954188689,10.03843852858631,-0.009817477042468103,0.006544984694978736,-0.16471544815696484,52.5,26.0,-3.0625
1774889084.553733,0.0,0.0,0.0,0.04085534891303935,-1.5759105844386154,9.945297730412024,-0.01090830782496456,0.025089107997418487,-0.14508049407202864,53.1875,21.875,-3.75
1774889084.5759013,0.0,0.0,0.0,0.04085534891303935,-1.5759105844386154,9.945297730412024,-0.01090830782496456,0.025089107997418487,-0.14508049407202864,53.1875,21.875,-3.75
1774889084.8964589,-27.39238636647447,-1.097702882774785,-9.166529645466936,0.01715344319551858,-1.5772785396256637,9.823101558946178,-0.003272492347489368,0.02399827721492203,-0.14180800172453928,53.5625,23.0,-6.25
1774889084.9218652,0.0,0.0,0.0,-0.03207102736505013,-1.5781888985215835,9.741781371856332,0.00545415391248228,0.009817477042468103,-0.15707963267948966,53.5625,23.0,-6.25
1774889084.93949,0.0,0.0,0.0,-0.06482936264974318,-1.5854849556120818,9.741185483071161,-0.004363323129985824,0.022907446432425576,-0.1538071403320003,54.875,17.375,-6.375
1774889084.9819293,-28.38373018069321,-1.0954643051767903,-9.177475115791237,-0.08662966884712418,-1.5903404001035104,9.790965601350935,-0.03381575425739013,0.017453292519943295,-0.1908953869368798,54.875,17.375,-6.375
1774889085.255569,0.0,0.0,0.0,-0.06434130031559131,-1.6036069792956456,9.824093713985768,0.013089969389957472,0.025089107997418487,-0.1308996938995747,54.5625,14.75,-8.75
1774889085.3100653,-29.321197877890643,-1.059943598877173,-9.160900904400881,-0.0695793102791627,-1.6325064097945277,9.85952054970826,-0.008726646259971648,0.018544123302439753,-0.17016960206944712,54.5625,14.75,-8.75
1774889085.6138818,-29.76607375541662,-1.02555387721336,-9.138909148227121,-0.0028178015438072024,-1.6517386579637425,9.883096713137892,-0.013089969389957472,0.038179077387375956,-0.16471544815696484,53.75,16.25,-9.5625
1774889085.656399,0.0,0.0,0.0,-0.02863610910905306,-1.6210510520869141,9.841919487512882,0.015271630954950384,0.025089107997418487,-0.11453723216212788,53.75,16.25,-9.5625
1774889085.6769931,-30.61047286632698,-1.0111104416389032,-9.12450022564714,-0.1026848034087608,-1.5905934580569459,9.80448116871723,-0.018544123302439753,0.0272707695624114,-0.14944381720201447,53.5,13.0,-13.5
1774889085.7024333,-30.883808287554178,-1.0576918132847333,-9.158909246645116,-0.15196338228710188,-1.5803596045855786,9.752805492113591,-0.017453292519943295,0.00545415391248228,-0.1559888018969932,53.5,13.0,-13.5
1774889085.920704,-30.883808287554178,-1.0576918132847333,-9.158909246645116,-0.15196338228710188,-1.5803596045855786,9.752805492113591,-0.017453292519943295,0.00545415391248228,-0.1559888018969932,53.5,13.0,-13.5
1774889085.939546,0.0,0.0,0.0,-0.08440437483326141,-1.5802393128346561,9.718415906589001,0.001090830782496456,0.0,-0.018544123302439753,51.1875,13.0,-16.25
1774889085.973193,0.0,0.0,0.0,-0.039444610056292864,-1.5901945951401224,9.652043569384075,0.020725784867432664,0.008726646259971648,-0.03599741582238305,51.1875,13.0,-16.25
1774889086.0142567,-31.307570444557204,-1.0368946818331208,-9.090258269487684,-0.009524388830700628,-1.6001648360139396,9.664740419426213,0.002181661564992912,0.032724923474893676,-0.09272061651219876,51.1875,13.0,-16.25
1774889086.2202642,-31.307570444557204,-1.0368946818331208,-9.090258269487684,-0.009524388830700628,-1.6001648360139396,9.664740419426213,0.002181661564992912,0.032724923474893676,-0.09272061651219876,51.1875,13.0,-16.25
1774889086.2521448,0.0,0.0,0.0,-0.006338374372436763,-1.6067999199405767,9.673190031296148,-0.001090830782496456,0.006544984694978736,-0.06654067773228381,50.5,13.0,-22.25
1774889086.317697,-31.83905844726119,-1.047363251445839,-9.101641678191248,-0.014253452462533777,-1.6346312761262454,9.976528095558665,-0.00545415391248228,0.015271630954950384,-0.09490227807719166,50.5,13.0,-22.25
1774889086.5380187,-32.04940329331802,-1.0707764439805707,-9.097957406368648,-0.019520848514277725,-1.6531527327711883,10.17839618881717,-0.019634954084936207,0.019634954084936207,-0.10690141668465268,50.5,14.0625,-21.375
1774889086.578657,0.0,0.0,0.0,-0.10665403442902863,-1.6654785552701707,10.165552234744293,-0.007635815477475192,0.009817477042468103,-0.136353847812057,50.5,14.0625,-21.375
1774889086.8742428,0.0,0.0,0.0,-0.15639777539782765,-1.7516608161006522,10.142411917824782,0.004363323129985824,0.011999138607461015,-0.07090400086226964,45.375,14.5,-28.5625
1774889086.9523423,-33.743383125345986,-1.11817593364592,-9.107565904294532,-0.11411630757158772,-1.6306812330989549,10.128224657540228,0.009817477042468103,0.014180800172453928,-0.1090830782496456,45.375,14.5,-28.5625
1774889087.291,0.0,0.0,0.0,-0.12277469182868132,-1.7408420393590218,10.366321460644572,0.003272492347489368,0.00545415391248228,-0.04254240051736178,43.5,17.0,-32.0625
1774889087.354853,-34.77388950764575,-1.1891978357849684,-9.08614299420108,-0.09174052105077433,-1.6903836921774422,10.146774600467861,-0.01090830782496456,0.025089107997418487,-0.14289883250703572,43.5,17.0,-32.0625
1774889087.5712404,0.0,0.0,0.0,-0.06439740365784116,-1.6568042257847715,10.000668617519382,-0.008726646259971648,0.006544984694978736,-0.07744898555724837,41.6875,18.0625,-33.25
1774889087.6413832,0.0,0.0,0.0,-0.06439740365784116,-1.6568042257847715,10.000668617519382,-0.008726646259971648,0.006544984694978736,-0.07744898555724837,41.6875,18.0625,-33.25
1774889087.915922,-177.82074963072944,-90.0,171.1699909562497,-0.042855752768159505,-1.5341041147880854,9.90343671797794,0.009817477042468103,0.014180800172453928,-0.12326387842209953,41.6875,18.0625,-33.25
1774889087.961573,0.0,0.0,0.0,-0.02852002473708396,-1.4524485615698395,9.698235283277182,0.009817477042468103,0.01090830782496456,-0.1538071403320003,40.875,18.5,-36.875
1774889087.9822922,-36.87683935432294,-1.3518300994118875,-9.071321608213347,-0.0725015451900883,-1.4984610542749746,9.702170712441461,0.006544984694978736,0.032724923474893676,-0.19416787928436915,40.875,18.5,-36.875
1774889088.2345874,0.0,0.0,0.0,-0.10177075574578748,-1.5290818541770201,9.56429500488125,-0.026179938779914945,0.02399827721492203,-0.06326818538479445,37.1875,18.5,-38.875
1774889088.254518,0.0,0.0,0.0,-0.10177075574578748,-1.5290818541770201,9.56429500488125,-0.026179938779914945,0.02399827721492203,-0.06326818538479445,37.1875,18.5,-38.875
1774889088.278228,0.0,0.0,0.0,-0.06772730109498996,-1.5260438725038483,9.613034953379914,0.006544984694978736,-0.026179938779914945,-0.1189005552921137,37.1875,18.5,-38.875
1774889088.3107433,-37.74037650468336,-1.4096033824951018,-9.116637706851018,-0.00493042182735777,-1.5240221296368315,9.414658136839838,-0.003272492347489368,0.02399827721492203,-0.0719948316447661,37.1875,18.5,-38.875
1774889088.3287985,-37.74037650468336,-1.4096033824951018,-9.116637706851018,-0.00493042182735777,-1.5240221296368315,9.414658136839838,-0.003272492347489368,0.02399827721492203,-0.0719948316447661,37.1875,18.5,-38.875
1774889088.5282342,-37.74037650468336,-1.4096033824951018,-9.116637706851018,-0.00493042182735777,-1.5240221296368315,9.414658136839838,-0.003272492347489368,0.02399827721492203,-0.0719948316447661,37.1875,18.5,-38.875
1774889088.6110523,-38.33602948082629,-1.4805634464152766,-9.049231748415316,0.06438554312619121,-1.3904083661036075,9.577712944749237,0.04908738521234052,0.016362461737446838,-0.08290313946973066,37.0,14.875,-40.6875
1774889088.890343,-39.249474040834976,-1.4759455554188836,-8.9674161702956,0.11765471089870815,-1.3879901807992499,9.82966955770015,0.00545415391248228,0.00545415391248228,-0.12544553998709243,35.1875,12.6875,-42.5625
1774889089.0127022,-39.249474040834976,-1.4759455554188836,-8.9674161702956,0.11765471089870815,-1.3879901807992499,9.82966955770015,0.00545415391248228,0.00545415391248228,-0.12544553998709243,35.1875,12.6875,-42.5625
1774889089.3222024,-39.44914209229512,-1.5112499920954934,-8.95812305151426,0.07174831934226533,-1.5490747257208937,9.82881513802307,0.02399827721492203,0.0,0.030543261909900768,34.5,12.6875,-45.0
1774889089.7991567,-39.602253029556174,-1.4264419673834299,-8.893563035451368,-0.03034000485461611,-1.390180341396276,9.855274389842364,-0.009817477042468103,-0.008726646259971648,-0.016362461737446838,33.6875,11.1875,-47.0
1774889089.9940512,0.0,0.0,0.0,-0.03022626943264393,-1.4101906854285926,9.836784488984701,0.00545415391248228,0.002181661564992912,0.0,33.6875,12.6875,-45.75
1774889090.0152423,0.0,0.0,0.0,-0.030150579779829358,-1.42350734585191,9.824479666509653,0.002181661564992912,-0.003272492347489368,0.018544123302439753,33.6875,12.6875,-45.75
1774889090.0423844,0.0,0.0,0.0,-0.030150579779829358,-1.42350734585191,9.824479666509653,0.002181661564992912,-0.003272492347489368,0.018544123302439753,33.6875,12.6875,-45.75
1774889090.387428,0.0,0.0,0.0,0.01450328137205856,-1.4215533171335517,9.75512897984183,0.002181661564992912,-0.008726646259971648,0.05672320068981571,33.6875,12.6875,-45.75
1774889090.429054,81.30147557841141,-1.3865881847514903,-8.857096356376877,0.03306755369207223,-1.4210337152006893,9.736687720253682,0.002181661564992912,-0.007635815477475192,0.08944812416470939,35.1875,13.0,-44.5625
1774889090.4842772,81.35083796664412,-1.3456607293388558,-8.835109801727683,0.03204142271525407,-1.417342814211384,9.771246831902609,0.0,-0.007635815477475192,0.05126904677733343,35.1875,13.0,-44.5625
1774889090.7559247,0.0,0.0,0.0,0.00125253864694121,-1.3914707788818312,9.810971093190993,0.00545415391248228,-0.006544984694978736,0.05345070834232634,36.25,12.6875,-42.25
1774889091.242681,82.37522049620641,-1.1083206717665826,-8.782775600529366,-0.08845047133248253,-1.3686334172037213,9.90098548251509,0.001090830782496456,-0.011999138607461015,0.04581489286485115,38.5,14.0625,-39.5
1774889091.4500954,82.3251331317536,-1.0812733075832803,-8.76457643350606,-0.1338837213491923,-1.53666217948121,9.658540345742852,0.017453292519943295,0.016362461737446838,-0.06763150851478027,41.5,14.875,-35.875
1774889091.493516,82.14646314707132,-1.0787341605694027,-8.748775857930758,-0.2028319190275844,-1.7016891913892935,9.535259483226458,0.01090830782496456,0.025089107997418487,-0.17562375598192942,41.5,14.875,-35.875
1774889091.7821872,80.18391535870413,-1.2345318317081198,-8.734015600802186,-0.04522975527673015,-1.7671519926374262,9.672604396350218,-0.008726646259971648,0.025089107997418487,-0.2945243112740431,43.6875,13.75,-31.5625
1774889092.0290964,80.18391535870413,-1.2345318317081198,-8.734015600802186,-0.04522975527673015,-1.7671519926374262,9.672604396350218,-0.008726646259971648,0.025089107997418487,-0.2945243112740431,43.6875,13.75,-31.5625
1774889092.0498557,0.0,0.0,0.0,0.01004144360064052,-1.7112377838901045,9.70518431375125,0.0,0.01090830782496456,-0.09490227807719166,43.6875,13.75,-31.5625
1774889092.1105268,78.37171406668101,-1.3572155008841453,-8.709915733790867,0.06573081616240264,-1.6616086855668113,9.783650383169427,-0.007635815477475192,0.015271630954950384,-0.2694352032766246,47.375,13.75,-29.1875
1774889092.4064968,0.0,0.0,0.0,0.06381379413866782,-1.654380338859879,9.812535294587676,-0.011999138607461015,0.007635815477475192,-0.27052603405912107,50.6875,14.0625,-27.1875
1774889092.4804537,76.66586154644203,-1.4622704366612118,-8.731880756211103,0.07926359593300836,-1.693056407067491,9.831757880470919,-0.002181661564992912,0.017453292519943295,-0.2181661564992912,50.6875,14.0625,-27.1875
1774889092.722753,0.0,0.0,0.0,0.07281970790495072,-1.6753084462245142,9.740851833718962,0.001090830782496456,0.02399827721492203,-0.18216874067690814,52.875,16.0,-25.1875
1774889092.751766,75.64376393123467,-1.495313517739711,-8.719176637459988,0.09863737777109863,-1.6768778233705037,9.680354875092615,-0.008726646259971648,0.015271630954950384,-0.20398535632683726,52.875,16.0,-25.1875
1774889092.7760205,75.64376393123467,-1.495313517739711,-8.719176637459988,0.09863737777109863,-1.6768778233705037,9.680354875092615,-0.008726646259971648,0.015271630954950384,-0.20398535632683726,52.875,16.0,-25.1875
1774889093.2911594,73.32874466656689,-1.4975251188435934,-8.732596998449758,0.1448973003837037,-1.672389581777829,9.688666325416564,-0.015271630954950384,0.01090830782496456,-0.16689710972195776,56.875,19.25,-22.375
1774889093.5393295,72.92004701904938,-1.531402311712928,-8.711786319255273,0.17002512468358788,-1.6654870407611968,9.717265579265527,0.006544984694978736,0.01090830782496456,-0.07963064712224129,58.0625,18.5,-21.25
1774889093.5672493,72.79798473325579,-1.518363131764096,-8.728519563248183,0.1332204914157534,-1.663651564332315,9.728215608668648,-0.006544984694978736,0.007635815477475192,-0.06544984694978735,58.0625,18.5,-21.25
1774889093.8689358,72.3846780392577,-1.541790496166036,-8.769204102336682,0.07124972561288853,-1.6894734188541067,9.74035222937009,0.003272492347489368,-0.001090830782496456,-0.0916297857297023,59.1875,18.5,-21.5625
1774889094.0076613,72.24099465005267,-1.544025205125034,-8.804254614303021,0.06079634331306935,-1.646163113934553,9.730199069589178,0.00545415391248228,-0.001090830782496456,-0.04145156973486533,60.1875,20.75,-20.875
1774889094.2401,0.0,0.0,0.0,0.05383973416447121,-1.6173405898183963,9.723442255173206,0.0,0.002181661564992912,-0.013089969389957472,60.1875,20.75,-20.875
1774889094.2700589,72.06669828367632,-1.4909825609948537,-8.85756585720921,0.0759710821450502,-1.6215753039390204,9.702220112121342,-0.008726646259971648,-0.001090830782496456,0.008726646259971648,60.875,18.75,-18.875
1774889094.5949593,72.06357346028916,-1.4490740943868134,-8.87885430966018,0.04255025991236912,-1.6128884626854885,9.67869824827878,-0.001090830782496456,-0.004363323129985824,0.001090830782496456,62.375,18.75,-20.1875
1774889094.93058,0.0,0.0,0.0,0.025534686022446976,-1.600136736652495,9.711743806056086,0.0,0.0,-0.001090830782496456,62.0,18.75,-18.1875
1774889094.9981992,72.9886796187195,-1.385645769763801,-8.878995535369736,0.023683271721444542,-1.5967458850074676,9.714505595158055,0.0,0.001090830782496456,0.002181661564992912,60.5,17.375,-19.375
1774889095.3079445,73.88431401689839,-1.356766289964183,-8.963964427395181,0.028321453784843444,-1.5818450940364162,9.70642417099503,-0.022907446432425576,-0.002181661564992912,-0.013089969389957472,60.875,17.0,-19.0
1774889095.706925,74.72064987580241,-1.3388500156845822,-8.992335413775326,0.06714817923188773,-1.6153872410326218,9.708416353363884,-0.0272707695624114,-0.007635815477475192,0.025089107997418487,60.1875,17.0,-20.5625
1774889096.1169772,77.36580000484824,-1.151406626181774,-9.118220043627659,0.032737568406108565,-1.6268160911109855,9.767495490285167,-0.006544984694978736,-0.02399827721492203,0.18435040224190105,56.5,15.1875,-20.5625
1774889096.4042962,78.72019278534266,-1.052247229609242,-9.120276367911234,0.008915596935488362,-1.6285899251349047,9.7934255734883,0.015271630954950384,-0.017453292519943295,0.21598449493429828,51.6875,10.6875,-23.6875
1774889096.7047021,0.0,0.0,0.0,-0.01748255178441162,-1.6290616109288474,9.6885812179634,0.003272492347489368,-0.003272492347489368,0.07526732399225546,48.0,10.0,-26.0625
1774889096.9079735,80.10412158324998,-0.9398804504004112,-9.112306916834456,-0.03505022487086204,-1.6327206242629602,9.658949811037601,0.009817477042468103,0.006544984694978736,0.15817046346198613,48.0,10.0,-26.0625
1774889097.038699,0.0,0.0,0.0,0.016815807372940327,-1.5649083109092479,9.639230440732987,0.019634954084936207,0.0,0.04690572364734761,43.875,8.5,-29.25
1774889097.1096475,80.50672943276214,-0.8452998711279446,-9.080984885115777,0.051332072449647895,-1.606752878275831,9.632797643489704,0.011999138607461015,-0.004363323129985824,0.022907446432425576,43.875,8.5,-29.25
1774889097.4121284,0.0,0.0,0.0,-0.08311996625383153,-1.6286444199633263,9.629012872954993,0.020725784867432664,0.00545415391248228,0.015271630954950384,43.5,10.0,-30.0625
1774889097.4763165,80.70214245560335,-0.8059065066748464,-9.034511230724744,-0.01851918025054991,-1.612372318091818,9.759802434563936,0.011999138607461015,-0.00545415391248228,0.02181661564992912,40.1875,7.75,-32.375
1774889097.7451916,0.0,0.0,0.0,0.06126814997708377,-1.6483749799700886,9.97395567167769,-0.007635815477475192,0.009817477042468103,-0.04036073895236887,38.375,7.0625,-37.1875
1774889097.788698,80.64240079254547,-0.8375830596421461,-9.056971576752817,0.11436572696069594,-1.6087772268349245,9.989358013850351,0.001090830782496456,0.002181661564992912,-0.04363323129985824,38.375,7.0625,-37.1875
1774889098.0466626,0.0,0.0,0.0,0.09952489569470002,-1.6894689390935786,10.039749440998655,-0.011999138607461015,0.006544984694978736,-0.032724923474893676,38.0,5.1875,-40.375
1774889098.0694358,0.0,0.0,0.0,0.08964848827012756,-1.682956361484477,9.99634680358838,0.006544984694978736,-0.006544984694978736,-0.05126904677733343,38.0,5.1875,-40.375
1774889098.1212854,80.2204445557932,-0.8463518348851921,-9.060595216442831,0.07638562604113566,-1.7087283192017528,9.967462833231071,0.01090830782496456,0.01090830782496456,-0.050178215994836975,38.0,5.1875,-40.375
1774889098.4175975,0.0,0.0,0.0,0.06755933938362026,-1.6957732638050942,9.948240873613372,0.015271630954950384,0.00545415391248228,-0.06763150851478027,38.0,5.1875,-40.375
1774889098.4788358,79.84247579501705,-0.8619374971265334,-9.009182115060394,0.05165020908716786,-1.6737713723267915,9.952174432747748,0.006544984694978736,0.004363323129985824,-0.06544984694978735,37.6875,6.25,-44.25
1774889098.7518132,0.0,0.0,0.0,0.15778623160689673,-1.4765820716735296,9.956534248914727,0.011999138607461015,-0.07417649320975901,0.2181661564992912,37.6875,6.6875,-47.0625
1774889098.773185,0.0,0.0,0.0,0.23546433113214887,-1.2435675873671381,9.94765824624577,-0.03490658503988659,-0.02399827721492203,0.40033489717619936,37.25,7.75,-46.75
1774889099.0518157,0.0,0.0,0.0,0.2670875684010606,-1.0884990510035766,9.91164536025515,0.004363323129985824,-0.05781403147231216,0.45160394395353276,37.25,7.75,-46.75
1774889099.099651,0.0,0.0,0.0,0.2670875684010606,-1.0884990510035766,9.91164536025515,0.004363323129985824,-0.05781403147231216,0.45160394395353276,37.25,7.75,-46.75
1774889099.1329522,84.81681788007035,-0.6469406633274974,-9.114605640410353,0.28478736784149544,-1.1726289278925637,9.887679186918689,0.014180800172453928,-0.05781403147231216,0.5519603759432067,34.0,8.5,-47.0625
1774889099.4326832,0.0,0.0,0.0,-0.3062179581975739,-1.4046412191932478,10.252865489014507,0.08617563181722002,-0.09053895494720585,0.6065019150680295,29.875,8.875,-49.875
1774889099.4573474,0.0,0.0,0.0,-0.3062179581975739,-1.4046412191932478,10.252865489014507,0.08617563181722002,-0.09053895494720585,0.6065019150680295,29.875,8.875,-49.875
1774889099.8378808,91.0742271765366,-0.2324072153315766,-9.052462365766665,-0.01869995759571838,-1.5517325305845087,9.926408227969722,-0.09053895494720585,0.06654067773228381,0.2519819107566813,25.375,7.375,-54.375
1774889099.907075,91.45541353150493,-0.24231662420341044,-9.044029003602274,0.07118317979524758,-1.7083732299943668,9.382356507543513,-0.06326818538479445,0.04254240051736178,0.14180800172453928,25.375,7.375,-54.375
1774889100.2692301,91.68865664096667,-0.27342375555472104,-9.035135503359282,-0.023149014487368683,-1.6172484034158852,9.432403381620562,0.007635815477475192,0.00545415391248228,-0.01090830782496456,26.0625,9.5625,-53.5625
1774889100.5283616,91.68865664096667,-0.27342375555472104,-9.035135503359282,-0.023149014487368683,-1.6172484034158852,9.432403381620562,0.007635815477475192,0.00545415391248228,-0.01090830782496456,26.0625,9.5625,-53.5625
1774889100.5536323,0.0,0.0,0.0,-0.018750522257227765,-1.5914079495520643,9.541988109962492,0.0,0.001090830782496456,0.0,26.0625,9.5625,-53.5625
1774889100.6129234,91.66943188820282,-0.2698387197254198,-9.04996377974034,-0.008304144705129973,-1.5260065464880972,9.652305408582745,0.0,0.002181661564992912,0.0,25.1875,7.875,-56.0625
1774889100.8960388,0.0,0.0,0.0,-0.005526315537889518,-1.5005815076390723,9.668259782195312,-0.001090830782496456,0.001090830782496456,-0.001090830782496456,25.1875,7.875,-56.0625
1774889100.925689,0.0,0.0,0.0,-0.003677701257475994,-1.4970418751306172,9.668841904490487,0.0,-0.001090830782496456,0.0,25.1875,7.875,-56.0625
1774889100.9524288,91.60955871329894,-0.26411495906123816,-9.059226614073108,-0.002447469104235377,-1.5214471828950813,9.625742848180042,-0.001090830782496456,-0.001090830782496456,0.02399827721492203,24.875,7.875,-57.5625
1774889101.2153025,0.0,0.0,0.0,-0.0016287633488473526,-1.6079359884408884,9.640547359848597,0.038179077387375956,0.01090830782496456,-0.05781403147231216,24.875,7.875,-57.5625
1774889101.2859209,91.23669020671167,-0.29294808986697113,-9.137825552263811,0.005606299600459615,-1.6654933223883606,9.606913144791637,-0.014180800172453928,-0.003272492347489368,-0.02181661564992912,24.5,7.5,-57.25
1774889101.54686,90.87095007202585,-0.32228289480074146,-9.166920667273653,0.0038784714150574516,-1.4981730571235172,9.599665465250592,-0.015271630954950384,0.002181661564992912,-0.04799655442984406,24.0625,8.25,-58.75
1774889101.6431134,90.87095007202585,-0.32228289480074146,-9.166920667273653,0.0038784714150574516,-1.4981730571235172,9.599665465250592,-0.015271630954950384,0.002181661564992912,-0.04799655442984406,24.0625,8.25,-58.75
1774889101.948443,90.45539591300299,-0.38512268947652045,-9.145694144344313,-0.03303300133038958,-1.7071030808535763,9.723422441650953,-0.00545415391248228,0.006544984694978736,-0.09381144729469522,24.0625,9.0,-62.0
1774889102.3919604,89.89840177532098,-0.4345565960197963,-9.089143776843816,-0.003411950007063319,-1.680935339795437,9.641175153023173,0.01090830782496456,0.01090830782496456,-0.07526732399225546,24.0625,6.75,-65.1875
1774889102.8445404,89.3212926244817,-0.4161794655366143,-9.062774932664837,0.02077391606244139,-1.6748193528018696,9.707375400518236,-0.001090830782496456,0.026179938779914945,-0.06763150851478027,24.875,6.75,-66.25
1774889103.0175083,88.99750476273191,-0.4365929050087952,-9.056436399060493,0.02051503249434587,-1.623030549844155,9.701563134948945,0.003272492347489368,0.016362461737446838,-0.05999569303730508,25.875,5.6875,-66.375
1774889103.0448742,88.84449081791857,-0.45397498077887793,-9.090475617307435,-0.033179038945412895,-1.585220568287312,9.697695137139842,-0.02181661564992912,0.001090830782496456,-0.07417649320975901,25.875,5.6875,-66.375
1774889103.3007703,0.0,0.0,0.0,-0.015390056369383481,-1.5634035596337208,9.64828946390378,-0.018544123302439753,0.01090830782496456,-0.04799655442984406,28.1875,7.1875,-65.5625
1774889103.3340237,88.70882322089204,-0.45532313181007555,-9.110115905768563,-0.0035516871809917194,-1.5120883553061981,9.561888752945602,0.004363323129985824,0.015271630954950384,-0.004363323129985824,28.1875,7.1875,-65.5625
1774889103.5598605,88.70882322089204,-0.45532313181007555,-9.110115905768563,-0.0035516871809917194,-1.5120883553061981,9.561888752945602,0.004363323129985824,0.015271630954950384,-0.004363323129985824,28.1875,7.1875,-65.5625
1774889103.6003711,88.7144842959395,-0.4149850047853067,-9.100574092623708,-0.003810909283491091,-1.5197703190841634,9.46612529710176,0.013089969389957472,0.014180800172453928,0.018544123302439753,31.0625,6.0,-62.0
1774889103.8810904,0.0,0.0,0.0,-0.009226340972156043,-1.4663253625991046,9.721649918260763,0.014180800172453928,0.009817477042468103,0.019634954084936207,32.5625,7.5,-61.1875
1774889103.9573476,88.8274446852374,-0.36114437485743567,-9.096324380008646,0.021567617136720722,-1.3636024333695171,9.826584385622498,0.013089969389957472,-0.001090830782496456,0.022907446432425576,32.5625,7.5,-61.1875
1774889104.2883806,89.03098449199334,-0.33023805972993764,-9.092302855244805,-0.014076566612844583,-1.3963253092435084,9.985697462399667,-0.006544984694978736,-0.00545415391248228,0.028361600344907856,33.6875,6.75,-58.75
1774889104.5125234,89.03098449199334,-0.33023805972993764,-9.092302855244805,-0.014076566612844583,-1.3963253092435084,9.985697462399667,-0.006544984694978736,-0.00545415391248228,0.028361600344907856,33.6875,6.75,-58.75
1774889104.5638294,0.0,0.0,0.0,-0.036128691493850895,-1.5480845611799126,9.963720927338237,-0.01090830782496456,-0.00545415391248228,0.03381575425739013,35.1875,6.0,-58.0
1774889104.8268702,89.34419195374488,-0.30514355876380134,-9.092990790609717,-0.05080413426378488,-1.4851681744230172,9.865467996065853,0.003272492347489368,-0.013089969389957472,0.037088246604879506,35.1875,6.0,-58.0
1774889104.852093,0.0,0.0,0.0,-0.05053514236978053,-1.5570318199072533,9.883709560544222,0.00545415391248228,-0.013089969389957472,0.11235557059713497,36.1875,6.0,-56.5
1774889104.896454,89.89023891176824,-0.28138400745068776,-9.143709850285784,-0.04032079614719883,-1.5245735922318273,9.862398000859757,-0.0272707695624114,-0.006544984694978736,0.07635815477475191,36.1875,6.0,-56.5
1774889105.2479365,90.49585194825674,-0.25292443395206043,-9.165190367950698,-0.007821752869461362,-1.488598054319071,9.758494349846073,0.002181661564992912,-0.015271630954950384,0.10362892433716332,36.5625,5.6875,-53.6875
1774889105.2772064,90.68329514906956,-0.2230933250321089,-9.170559046494395,-0.005205289159921944,-1.5024474676393789,9.698785995910027,-0.004363323129985824,-0.002181661564992912,0.0818123086872342,37.0,8.25,-54.5
1774889105.6324902,91.26667210594944,-0.12663778673578593,-9.180990296926632,-0.002317114417513427,-1.5501179815557482,9.641523751189231,0.009817477042468103,0.002181661564992912,0.07417649320975901,37.0,6.0,-52.875
1774889105.9401667,0.0,0.0,0.0,0.008493321360966994,-1.6169807495537978,9.664429821346253,0.002181661564992912,-0.00545415391248228,0.06763150851478027,37.0,5.6875,-50.875
1774889105.9651737,91.71295103059691,-0.061188261310311305,-9.17104454132829,-0.011073348047489575,-1.6614771747504418,9.679673555158182,0.016362461737446838,-0.011999138607461015,0.08399397025222712,37.0,5.6875,-50.875
1774889106.2428129,91.71295103059691,-0.061188261310311305,-9.17104454132829,-0.011073348047489575,-1.6614771747504418,9.679673555158182,0.016362461737446838,-0.011999138607461015,0.08399397025222712,37.0,5.6875,-50.875
1774889106.2796066,0.0,0.0,0.0,-0.044165418208714835,-1.6910890486611703,9.66640230777512,-0.001090830782496456,-0.020725784867432664,0.05126904677733343,36.5625,5.25,-49.6875
1774889106.3327212,92.02290236679073,-0.03644973385118872,-9.161201339993351,-0.0661878212383652,-1.6505834092307055,9.65757044089124,-0.011999138607461015,-0.00545415391248228,0.030543261909900768,36.5625,5.25,-49.6875
1774889106.592432,92.02290236679073,-0.03644973385118872,-9.161201339993351,-0.0661878212383652,-1.6505834092307055,9.65757044089124,-0.011999138607461015,-0.00545415391248228,0.030543261909900768,36.5625,5.25,-49.6875
1774889106.6221569,0.0,0.0,0.0,-0.07749837274091724,-1.6838393693991203,9.688489160918948,-0.00545415391248228,-0.01090830782496456,0.04581489286485115,37.375,5.6875,-48.5
1774889106.653254,92.34713598909445,-0.029883786521008,-9.171371201521746,-0.06829985988212979,-1.732731733056339,9.742516340785848,0.003272492347489368,-0.016362461737446838,0.031634092692397225,37.375,5.6875,-48.5
1774889106.6782491,92.42924075405182,-0.03824052445467166,-9.176829611928909,-0.06217835232872812,-1.7652690549067298,9.768435490342169,-0.00545415391248228,-0.008726646259971648,0.031634092692397225,37.375,7.5,-49.25
1774889106.9983432,92.42924075405182,-0.03824052445467166,-9.176829611928909,-0.06217835232872812,-1.7652690549067298,9.768435490342169,-0.00545415391248228,-0.008726646259971648,0.031634092692397225,37.375,7.5,-49.25
1774889107.0281456,0.0,0.0,0.0,-0.01127299353118788,-1.7334004918153543,9.82917084703118,-0.00545415391248228,-0.006544984694978736,0.06981317007977318,37.375,7.5,-49.25
1774889107.0430372,0.0,0.0,0.0,-0.01127299353118788,-1.7334004918153543,9.82917084703118,-0.00545415391248228,-0.006544984694978736,0.06981317007977318,37.375,7.5,-49.25
1774889107.0640779,0.0,0.0,0.0,-0.01127299353118788,-1.7334004918153543,9.82917084703118,-0.00545415391248228,-0.006544984694978736,0.06981317007977318,37.375,7.5,-49.25
1774889107.3585343,92.56128186515616,0.003305811560120334,-9.215586801279672,0.0226039540984578,-1.6452900849268317,9.826103096254178,-0.01090830782496456,-0.011999138607461015,0.037088246604879506,38.0625,6.75,-47.75
1774889107.3846664,0.0,0.0,0.0,0.031768237486408606,-1.5866535934002564,9.760504419942036,-0.015271630954950384,-0.003272492347489368,0.06654067773228381,38.0625,6.75,-47.75
1774889107.425417,92.77221971827699,0.04498789936458102,-9.230323320186104,0.02114140717273981,-1.6111887857409175,9.716849233641533,-0.002181661564992912,0.002181661564992912,0.03381575425739013,37.0,7.1875,-46.5
1774889107.7196403,92.62935749674757,0.05356064372477778,-9.229654158580667,0.030794928845062935,-1.6275166821675706,9.687797194818932,0.007635815477475192,-0.00545415391248228,0.04363323129985824,37.0,7.1875,-46.5
1774889107.7816615,0.0,0.0,0.0,0.007113234315216658,-1.6383827148449543,9.648392717271113,-0.004363323129985824,-0.004363323129985824,0.06326818538479445,37.375,6.0,-45.75
1774889107.8263395,93.04938756301343,0.11656665010939078,-9.198708249004488,-0.008646668852534602,-1.6188530445516598,9.622169477639895,0.011999138607461015,-0.004363323129985824,0.03490658503988659,37.375,6.0,-45.75
1774889108.0707755,93.04938756301343,0.11656665010939078,-9.198708249004488,-0.008646668852534602,-1.6188530445516598,9.622169477639895,0.011999138607461015,-0.004363323129985824,0.03490658503988659,37.375,6.0,-45.75
1774889108.1173017,0.0,0.0,0.0,-0.022479820068338784,-1.632617160790739,9.594682869476141,-0.002181661564992912,-0.003272492347489368,0.01090830782496456,36.5625,5.6875,-43.75
1774889108.1420567,93.3205831246345,0.14726459017722654,-9.17875363528542,-0.03168562767603238,-1.6250514678559964,9.599806620739932,0.013089969389957472,-0.017453292519943295,0.07417649320975901,36.5625,5.6875,-43.75
1774889108.1653702,93.42228831276236,0.16573050244782128,-9.188156007813577,-0.06791799516921786,-1.63674214225885,9.603216419969932,0.003272492347489368,-0.00545415391248228,0.05890486225480862,37.375,7.1875,-43.75
1774889108.3896224,0.0,0.0,0.0,-0.06192422562799357,-1.671283049139114,9.648972055462696,-0.002181661564992912,-0.003272492347489368,0.04254240051736178,37.375,7.1875,-43.75
1774889108.4545891,0.0,0.0,0.0,-0.06192422562799357,-1.671283049139114,9.648972055462696,-0.002181661564992912,-0.003272492347489368,0.04254240051736178,37.375,7.1875,-43.75
1774889108.4759731,0.0,0.0,0.0,-0.06192422562799357,-1.671283049139114,9.648972055462696,-0.002181661564992912,-0.003272492347489368,0.04254240051736178,37.375,7.1875,-43.75
1774889108.7413704,0.0,0.0,0.0,-0.03855538744203088,-1.7129120658531356,9.870286661374527,-0.001090830782496456,0.0,0.022907446432425576,37.0,5.0,-43.375
1774889108.7762895,93.69174504214259,0.24673110104427573,-9.175748263282664,-0.025658179650773657,-1.645035713148967,9.880226105064489,0.00545415391248228,0.006544984694978736,0.08944812416470939,37.375,5.0,-41.375
1774889109.0435874,93.69174504214259,0.24673110104427573,-9.175748263282664,-0.025658179650773657,-1.645035713148967,9.880226105064489,0.00545415391248228,0.006544984694978736,0.08944812416470939,37.375,5.0,-41.375
1774889109.0655131,0.0,0.0,0.0,-0.017075231936942964,-1.680147439628549,10.003919603565475,0.0,0.002181661564992912,0.026179938779914945,37.375,3.875,-41.75
1774889109.0927603,93.97602248417273,0.28939463806561594,-9.174407624060445,-0.014708487818516174,-1.6700627843038327,9.969157335314788,0.01090830782496456,0.004363323129985824,0.04908738521234052,37.375,3.875,-41.75
1774889109.144039,94.07686836825164,0.30720630534485316,-9.163714979586004,-0.013133446045967258,-1.6633515588382153,9.949368545821256,0.007635815477475192,-0.009817477042468103,0.044724062082354694,37.6875,4.1875,-41.0
1774889109.4019806,94.07686836825164,0.30720630534485316,-9.163714979586004,-0.013133446045967258,-1.6633515588382153,9.949368545821256,0.007635815477475192,-0.009817477042468103,0.044724062082354694,37.6875,4.1875,-41.0
1774889109.4339387,0.0,0.0,0.0,-0.008740161633386003,-1.602018414235718,9.936199327468573,0.0,-0.00545415391248228,0.04363323129985824,37.6875,4.1875,-41.0
1774889109.4620416,94.35342796787432,0.3395742340539498,-9.172587628277002,-0.005816479933015681,-1.5612018916388732,9.927435359764672,-0.00545415391248228,-0.003272492347489368,0.05672320068981571,37.375,3.5,-41.75
1774889109.5121515,94.27988643800717,0.35334329340775567,-9.172240364995588,0.009509644408193754,-1.6009411859474934,9.854700803011271,0.006544984694978736,0.001090830782496456,0.018544123302439753,37.375,3.5,-41.75
1774889109.831797,94.53275307137642,0.39244610153091813,-9.140729120957314,0.007597837640196017,-1.6529718167179406,9.80282414350728,-0.01090830782496456,-0.00545415391248228,0.017453292519943295,37.6875,5.0,-39.5
1774889110.145631,94.79299137910232,0.38894981716366084,-9.15587271847292,-0.004979059045815292,-1.655322822535741,9.734977201809958,0.009817477042468103,-0.011999138607461015,0.006544984694978736,38.375,2.5625,-39.0625
1774889110.166299,94.79299137910232,0.38894981716366084,-9.15587271847292,-0.004979059045815292,-1.655322822535741,9.734977201809958,0.009817477042468103,-0.011999138607461015,0.006544984694978736,38.375,2.5625,-39.0625
1774889110.2133994,94.87478382900923,0.4055168392143211,-9.155062525356758,-0.013348843297214322,-1.6568873906450314,9.73331227220554,0.004363323129985824,0.001090830782496456,0.06872233929727672,38.375,2.5625,-39.0625
1774889110.4661057,94.87478382900923,0.4055168392143211,-9.155062525356758,-0.013348843297214322,-1.6568873906450314,9.73331227220554,0.004363323129985824,0.001090830782496456,0.06872233929727672,38.375,2.5625,-39.0625
1774889110.508448,0.0,0.0,0.0,-0.009245165787222957,-1.6441338978735653,9.731466923817921,0.0,-0.007635815477475192,0.05890486225480862,39.1875,2.5625,-38.0
1774889110.5298667,0.0,0.0,0.0,-0.009245165787222957,-1.6441338978735653,9.731466923817921,0.0,-0.007635815477475192,0.05890486225480862,39.1875,2.5625,-38.0
1774889110.56789,95.2689063540862,0.4483399000169846,-9.182927911830197,-0.0028074428488087597,-1.6026097223683602,9.777807785316686,0.007635815477475192,-0.009817477042468103,0.0272707695624114,39.1875,2.5625,-38.0
1774889110.834958,95.49593839488037,0.4815813912886145,-9.186380875815592,0.001476789852628651,-1.5749758474250797,9.788576440738856,0.007635815477475192,-0.008726646259971648,0.037088246604879506,39.1875,1.875,-38.0
1774889110.8967967,95.59062287685889,0.4848284079357899,-9.190789992298384,0.004327898857420178,-1.5800015942921715,9.795742860628547,0.00545415391248228,-0.006544984694978736,0.044724062082354694,39.1875,1.875,-38.0
1774889110.9139433,95.64228613715534,0.48879646418400285,-9.190775242530425,0.012915503465773286,-1.5833461726909501,9.75033535740119,-0.002181661564992912,0.003272492347489368,0.04908738521234052,39.1875,1.875,-38.0
1774889111.2251787,96.04996978243304,0.5470714603372646,-9.108151667936237,0.0038065685053148782,-1.0190901442128288,9.651715470457821,0.04036073895236887,-0.011999138607461015,0.14508049407202864,40.1875,1.875,-36.75
1774889111.250556,96.16186653188667,0.5696949751397119,-9.092347554672509,-0.010847218011146862,-0.811997575283591,9.841812993743824,0.007635815477475192,0.014180800172453928,0.07963064712224129,40.1875,1.875,-36.75
1774889111.4691257,0.0,0.0,0.0,-0.07746604826876062,-0.674179784036757,9.998426777328058,-0.001090830782496456,0.003272492347489368,-0.002181661564992912,40.1875,1.875,-36.75
1774889111.54777,0.0,0.0,0.0,-0.07746604826876062,-0.674179784036757,9.998426777328058,-0.001090830782496456,0.003272492347489368,-0.002181661564992912,40.1875,1.875,-36.75
1774889111.5819638,96.13977749275021,0.5618710388685703,-9.067696622915712,-0.12180013562410771,-0.8969040839756135,10.102651500812772,0.009817477042468103,0.00545415391248228,-0.001090830782496456,40.1875,2.1875,-36.25
1774889111.803388,0.0,0.0,0.0,-0.07436640624653981,-1.0919561814939431,10.051587868561905,-0.001090830782496456,-0.001090830782496456,0.00545415391248228,40.1875,2.1875,-36.25
1774889111.8445363,0.0,0.0,0.0,-0.07436640624653981,-1.0919561814939431,10.051587868561905,-0.001090830782496456,-0.001090830782496456,0.00545415391248228,40.1875,2.1875,-36.25
1774889111.8631566,96.15153201221014,0.5637199748954022,-9.087630963206138,-0.04279978921524408,-1.221761173517696,9.947358245863393,0.0,0.002181661564992912,-0.003272492347489368,39.875,2.1875,-36.75
1774889111.898606,96.15153201221014,0.5637199748954022,-9.087630963206138,-0.028482781617772592,-1.3349058393512885,9.87799459627871,0.004363323129985824,0.004363323129985824,-0.002181661564992912,39.875,2.1875,-36.75
1774889112.1281655,96.15153201221014,0.5637199748954022,-9.087630963206138,-0.028482781617772592,-1.3349058393512885,9.87799459627871,0.004363323129985824,0.004363323129985824,-0.002181661564992912,39.875,2.1875,-36.75
1774889112.1491675,0.0,0.0,0.0,-0.022300084700428734,-1.4235827973840895,9.831833862322837,0.0,0.001090830782496456,0.0,39.1875,1.875,-37.5
1774889112.1633894,96.15153201221014,0.5637199748954022,-9.087630963206138,-0.014840457259866931,-1.4692158755391138,9.807804632939028,-0.003272492347489368,-0.002181661564992912,0.001090830782496456,39.1875,1.875,-37.5
1774889112.2057521,96.15153201221014,0.5637199748954022,-9.087630963206138,-0.00987615852767155,-1.5062744027110377,9.791813449208183,0.001090830782496456,-0.002181661564992912,0.0,39.1875,1.875,-37.5
1774889112.4505324,96.15153201221014,0.5637199748954022,-9.087630963206138,-0.00987615852767155,-1.5062744027110377,9.791813449208183,0.001090830782496456,-0.002181661564992912,0.0,39.1875,1.875,-37.5
1774889112.4727378,0.0,0.0,0.0,-0.006572473176245923,-1.53093643857308,9.781171495068532,0.001090830782496456,0.002181661564992912,-0.002181661564992912,39.875,1.875,-36.0
1774889112.506201,96.15153201221014,0.5637199748954022,-9.087630963206138,-0.004373907479455638,-1.5473487479462773,9.767399170052373,-0.001090830782496456,-0.001090830782496456,0.0,39.875,1.875,-36.0
1774889112.8141396,96.15153201221014,0.5637199748954022,-9.087630963206138,-0.002910786567829751,-1.5549258447893124,9.75823384160107,-0.001090830782496456,0.0,0.0,40.1875,3.375,-37.5625
1774889112.8318243,0.0,0.0,0.0,-0.0019370959452742202,-1.5499329829746764,9.752134417900155,-0.002181661564992912,0.0,0.0,40.1875,3.375,-37.5625
1774889112.8543348,96.15153201221014,0.5637199748954022,-9.087630963206138,-0.0012891157128004501,-1.5533005126255959,9.748075319562224,-0.002181661564992912,0.0,0.001090830782496456,39.875,2.1875,-37.0625
1774889112.8690536,96.15153201221014,0.5637199748954022,-9.087630963206138,-0.0012891157128004501,-1.5533005126255959,9.748075319562224,-0.002181661564992912,0.0,0.001090830782496456,39.875,2.1875,-37.0625
1774889112.89386,96.15153201221014,0.5637199748954022,-9.087630963206138,-0.0008578921065026343,-1.5555415659905116,9.735338699839472,0.0,0.0,0.001090830782496456,39.875,2.1875,-37.0625
1774889113.1216805,0.0,0.0,0.0,-0.0039160293209141335,-1.5570329619706567,9.740243068520623,0.003272492347489368,0.0,0.0,41.0,1.1875,-36.75
1774889113.1534517,0.0,0.0,0.0,-0.005951185475473932,-1.5580254693354585,9.733471535970583,-0.001090830782496456,0.001090830782496456,-0.001090830782496456,41.0,1.1875,-36.75
1774889113.1730807,0.0,0.0,0.0,-0.005951185475473932,-1.5580254693354585,9.733471535970583,-0.001090830782496456,0.001090830782496456,-0.001090830782496456,41.0,1.1875,-36.75
1774889113.2047746,96.15153201221014,0.5637199748954022,-9.087630963206138,-0.002635633540092651,-1.5535542827967121,9.731537457818686,-0.001090830782496456,0.0,0.002181661564992912,40.1875,3.0,-36.25
1774889113.4469776,96.15153201221014,0.5637199748954022,-9.087630963206138,-0.002635633540092651,-1.5535542827967121,9.731537457818686,-0.001090830782496456,0.0,0.002181661564992912,40.1875,3.0,-36.25
1774889113.4876144,0.0,0.0,0.0,-0.001753984678975895,-1.5523653354972715,9.731023161003806,0.001090830782496456,0.001090830782496456,0.0,40.1875,3.0,-36.25
1774889113.511,0.0,0.0,0.0,-0.0011672572105657852,-1.5515741043509055,9.737371125633215,-0.001090830782496456,-0.001090830782496456,0.001090830782496456,40.5625,2.1875,-37.5
1774889113.538591,96.15153201221014,0.5637199748954022,-9.087630963206138,-0.004121908341833512,-1.5543926605689493,9.741595625182676,-0.001090830782496456,0.001090830782496456,-0.003272492347489368,40.5625,2.1875,-37.5
1774889113.7816284,96.15153201221014,0.5637199748954022,-9.087630963206138,-0.004121908341833512,-1.5543926605689493,9.741595625182676,-0.001090830782496456,0.001090830782496456,-0.003272492347489368,40.5625,2.1875,-37.5
1774889113.845626,96.15153201221014,0.5637199748954022,-9.087630963206138,-0.002743083956757041,-1.5562683782467215,9.73771675902745,0.001090830782496456,-0.001090830782496456,0.0,41.0,1.875,-38.25
1774889114.1049883,96.15153201221014,0.5637199748954022,-9.087630963206138,-0.0018254917309662455,-1.5575166474081394,9.735135416930921,0.0,0.001090830782496456,0.0,41.0,1.875,-38.25
1774889114.1354215,0.0,0.0,0.0,-0.001214844354879254,-1.5616924682983022,9.74679800943044,0.0,-0.001090830782496456,0.001090830782496456,41.375,1.875,-37.5
1774889114.174036,96.15153201221014,0.5637199748954022,-9.087630963206138,-0.0008084653474715083,-1.5611263187464104,9.754559334459175,-0.001090830782496456,-0.001090830782496456,-0.002181661564992912,41.375,1.875,-37.5
1774889114.4522622,96.15153201221014,0.5637199748954022,-9.087630963206138,-0.0008084653474715083,-1.5611263187464104,9.754559334459175,-0.001090830782496456,-0.001090830782496456,-0.002181661564992912,41.375,1.875,-37.5
1774889114.4734988,0.0,0.0,0.0,-0.0005380246575926108,-1.5640946642512508,9.756379297858798,0.0,0.0,-0.002181661564992912,40.1875,2.1875,-36.75
1774889114.5171585,96.15153201221014,0.5637199748954022,-9.087630963206138,-0.0003580493994986563,-1.56607006502613,9.747555128048965,0.0,0.002181661564992912,0.0,40.1875,2.1875,-36.75
1774889114.7497368,96.15153201221014,0.5637199748954022,-9.087630963206138,-0.0003580493994986563,-1.56607006502613,9.747555128048965,0.0,0.002181661564992912,0.0,40.1875,2.1875,-36.75
1774889114.7819622,0.0,0.0,0.0,-0.0035833895830118772,-1.5673846721751397,9.741682741612957,-0.002181661564992912,0.001090830782496456,0.001090830782496456,41.0,1.875,-36.75
1774889114.8311348,96.15153201221014,0.5637199748954022,-9.087630963206138,-0.005729817445729325,-1.5682595285476815,9.754500292575244,-0.001090830782496456,0.0,0.0,41.0,1.875,-36.75
1774889115.111116,96.15153201221014,0.5637199748954022,-9.087630963206138,-0.005729817445729325,-1.5682595285476815,9.754500292575244,-0.001090830782496456,0.0,0.0,41.0,1.875,-36.75
1774889115.1433322,0.0,0.0,0.0,-0.010503352918516892,-1.5889124059347384,9.76303022955922,0.001090830782496456,0.001090830782496456,0.001090830782496456,39.875,1.5,-36.25
1774889115.2007701,96.15153201221014,0.5637199748954022,-9.087630963206138,-0.010222922616008871,-1.5638882349309198,9.741283163822324,-0.001090830782496456,0.0,-0.002181661564992912,39.875,3.6875,-34.75
1774889115.4771743,0.0,0.0,0.0,-0.010148352510745117,-1.5558973534974583,9.734163707775238,-0.001090830782496456,0.001090830782496456,-0.002181661564992912,39.875,3.6875,-34.75
1774889115.5281763,0.0,0.0,0.0,-0.010148352510745117,-1.5558973534974583,9.734163707775238,-0.001090830782496456,0.001090830782496456,-0.002181661564992912,39.875,3.6875,-34.75
