timestamp,tag_id,x,y,z,quality
1774889047.5004904,1,1.881,4.934,0.544,50
1774889047.874358,1,1.872,4.988,0.583,51
1774889047.874358,0,2.039,4.721,0.601,48
1774889047.9623199,1,1.872,4.988,0.583,51
1774889047.9623199,0,2.045,4.711,0.591,46
1774889047.9832492,1,1.861,5.001,0.607,51
1774889047.9832492,0,2.046,4.702,0.596,48
1774889048.0398688,1,1.861,5.001,0.607,51
1774889048.0398688,0,2.046,4.702,0.596,48
1774889048.0620794,1,1.848,5.004,0.597,46
1774889048.0620794,0,2.046,4.702,0.596,48
1774889048.3558223,1,1.845,5.011,0.611,49
1774889048.3558223,0,2.045,4.711,0.615,49
1774889048.3907642,1,1.852,5.006,0.598,46
1774889048.3907642,0,2.044,4.722,0.603,47
1774889048.4143364,1,1.852,5.006,0.598,46
1774889048.4143364,0,2.044,4.722,0.603,47
1774889048.4361448,1,1.852,5.006,0.598,46
1774889048.4361448,0,2.044,4.722,0.603,47
1774889048.670437,1,1.861,4.989,0.595,47
1774889048.670437,0,2.056,4.725,0.616,51
1774889048.722631,1,1.861,4.989,0.595,47
1774889048.722631,0,2.052,4.73,0.614,48
1774889048.7390246,1,1.861,4.989,0.595,47
1774889048.7390246,0,2.052,4.73,0.614,48
1774889048.7576518,1,1.861,4.989,0.595,47
1774889048.7576518,0,2.052,4.73,0.614,48
1774889048.9680617,1,1.862,4.986,0.662,52
1774889048.9680617,0,2.053,4.729,0.606,49
1774889049.0090523,1,1.862,4.986,0.662,52
1774889049.0090523,0,2.05,4.729,0.625,51
1774889049.02656,1,1.862,4.986,0.662,52
1774889049.02656,0,2.05,4.729,0.625,51
1774889049.0558684,1,1.862,4.986,0.662,52
1774889049.0558684,0,2.05,4.729,0.625,51
1774889049.3280146,1,1.842,4.989,0.666,49
1774889049.3280146,0,2.038,4.71,0.599,47
1774889049.3662548,1,1.842,4.989,0.666,49
1774889049.3662548,0,2.038,4.71,0.599,47
1774889049.422625,1,1.831,4.985,0.669,50
1774889049.422625,0,2.044,4.705,0.596,47
1774889049.6717672,1,1.845,4.991,0.658,49
1774889049.6717672,0,2.039,4.709,0.598,48
1774889049.7339046,1,1.85,4.921,0.671,49
1774889049.7339046,0,2.036,4.716,0.6,48
1774889049.755194,1,1.85,4.921,0.671,49
1774889049.755194,0,2.036,4.716,0.6,48
1774889050.0130794,1,1.864,4.927,0.628,45
1774889050.0130794,0,2.038,4.725,0.599,48
1774889050.043934,1,1.864,4.927,0.628,45
1774889050.043934,0,2.038,4.725,0.599,48
1774889050.0861554,1,1.873,4.944,0.612,47
1774889050.0861554,0,2.038,4.725,0.599,48
1774889050.3546457,1,1.958,4.95,0.691,63
1774889050.3546457,0,2.031,4.728,0.589,47
1774889050.3726175,1,1.936,4.943,0.672,48
1774889050.3726175,0,2.031,4.728,0.589,47
1774889050.4254305,1,1.936,4.943,0.672,48
1774889050.4254305,0,2.031,4.72,0.595,48
1774889050.4490235,1,1.936,4.943,0.672,48
1774889050.4490235,0,2.031,4.72,0.595,48
1774889050.7270198,1,1.874,4.934,0.666,50
1774889050.7270198,0,2.037,4.725,0.588,47
1774889050.7470267,1,1.874,4.934,0.666,50
1774889050.7470267,0,2.037,4.725,0.588,47
1774889050.763334,1,1.874,4.934,0.666,50
1774889050.763334,0,2.037,4.725,0.588,47
1774889050.785287,1,1.867,4.961,0.666,50
1774889050.785287,0,2.031,4.714,0.595,48
1774889050.8056016,1,1.867,4.961,0.666,50
1774889050.8056016,0,2.031,4.714,0.595,48
1774889051.0183923,1,1.875,4.954,0.645,49
1774889051.0183923,0,2.025,4.718,0.598,49
1774889051.0583656,1,1.875,4.954,0.645,49
1774889051.0583656,0,2.025,4.718,0.598,49
1774889051.0902297,1,1.886,4.957,0.623,47
1774889051.0902297,0,2.025,4.718,0.598,49
1774889051.385365,1,1.93,4.954,0.649,43
1774889051.385365,0,2.05,4.718,0.596,48
1774889051.4288678,1,1.93,4.954,0.649,43
1774889051.4288678,0,2.047,4.733,0.592,48
1774889051.4633474,1,1.921,4.964,0.614,45
1774889051.4633474,0,2.047,4.733,0.592,48
1774889051.7115989,1,1.903,4.921,0.574,45
1774889051.7115989,0,2.027,4.727,0.601,49
1774889051.733321,1,1.903,4.921,0.574,45
1774889051.733321,0,2.027,4.727,0.601,49
1774889051.76312,1,1.903,4.921,0.574,45
1774889051.76312,0,2.027,4.727,0.601,49
1774889051.8265686,1,1.899,4.908,0.569,45
1774889051.8265686,0,2.016,4.715,0.597,46
1774889052.0641959,1,1.898,4.936,0.567,47
1774889052.0641959,0,2.038,4.707,0.587,47
1774889052.1012611,1,1.894,4.947,0.566,46
1774889052.1012611,0,2.046,4.71,0.589,48
1774889052.1224966,1,1.894,4.947,0.566,46
1774889052.1224966,0,2.046,4.71,0.589,48
1774889052.3725104,1,1.894,4.947,0.537,45
1774889052.3725104,0,2.055,4.702,0.575,44
1774889052.4099042,1,1.894,4.947,0.537,45
1774889052.4099042,0,2.059,4.708,0.576,48
1774889052.4424577,1,1.894,4.947,0.537,45
1774889052.4424577,0,2.059,4.708,0.576,48
1774889052.4661973,1,1.894,4.947,0.537,45
1774889052.4661973,0,2.059,4.708,0.576,48
1774889052.718407,1,1.885,4.978,0.608,51
1774889052.718407,0,2.057,4.724,0.62,51
1774889052.7362702,1,1.885,4.978,0.608,51
1774889052.7362702,0,2.057,4.724,0.62,51
1774889052.7915876,1,1.873,4.974,0.619,49
1774889052.7915876,0,2.057,4.724,0.62,51
1774889053.0597632,1,1.854,4.992,0.632,48
1774889053.0597632,0,2.067,4.708,0.644,50
1774889053.1046429,1,1.855,4.985,0.649,51
1774889053.1046429,0,2.066,4.713,0.64,49
1774889053.1376374,1,1.855,4.985,0.649,51
1774889053.1376374,0,2.066,4.713,0.64,49
1774889053.470652,1,1.865,4.983,0.628,48
1774889053.470652,0,2.069,4.701,0.624,48
1774889053.52915,1,1.865,4.978,0.63,49
1774889053.52915,0,2.072,4.706,0.618,48
1774889053.561274,1,1.865,4.978,0.63,49
1774889053.561274,0,2.072,4.706,0.618,48
1774889053.8907814,1,1.865,4.995,0.648,47
1774889053.8907814,0,2.078,4.704,0.621,50
1774889053.9553783,1,1.865,4.995,0.648,47
1774889053.9553783,0,2.078,4.704,0.621,50
1774889054.261704,1,1.858,5.003,0.651,47
1774889054.261704,0,2.063,4.707,0.637,49
1774889054.3137355,1,1.856,5.0,0.641,48
1774889054.3137355,0,2.063,4.707,0.637,49
1774889054.6014001,1,1.865,4.969,0.63,49
1774889054.6014001,0,2.048,4.721,0.627,49
1774889054.6199405,1,1.865,4.969,0.63,49
1774889054.6199405,0,2.048,4.721,0.627,49
1774889054.6387546,1,1.865,4.969,0.63,49
1774889054.6387546,0,2.048,4.721,0.627,49
1774889054.6576545,1,1.865,4.969,0.63,49
1774889054.6576545,0,2.048,4.721,0.627,49
1774889054.6915672,1,1.873,4.957,0.631,49
1774889054.6915672,0,2.048,4.721,0.627,49
1774889054.9284708,1,1.883,4.942,0.574,44
1774889054.9284708,0,2.059,4.696,0.629,48
1774889054.969646,1,1.897,4.927,0.55,43
1774889054.969646,0,2.059,4.696,0.629,48
1774889055.2981763,1,1.886,4.931,0.568,46
1774889055.2981763,0,2.066,4.711,0.608,50
1774889055.5664499,1,1.949,4.942,0.657,63
1774889055.5664499,0,2.044,4.71,0.639,49
1774889055.6244829,1,1.949,4.942,0.657,63
1774889055.6244829,0,2.044,4.728,0.647,51
1774889055.6622095,1,1.931,4.952,0.619,44
1774889055.6622095,0,2.044,4.728,0.647,51
1774889055.9664254,1,1.911,4.942,0.591,47
1774889055.9664254,0,2.062,4.712,0.676,61
1774889055.9983792,1,1.906,4.946,0.599,49
1774889055.9983792,0,2.071,4.713,0.668,50
1774889056.3176596,1,1.885,4.95,0.586,45
1774889056.3176596,0,2.06,4.692,0.673,48
1774889056.7817278,1,1.869,4.959,0.61,47
1774889056.7817278,0,2.056,4.721,0.672,52
1774889057.124741,1,1.884,4.943,0.609,47
1774889057.124741,0,2.07,4.751,0.633,48
1774889057.6899505,1,1.926,4.872,0.577,46
1774889057.6899505,0,2.101,4.668,0.541,47
1774889057.7778428,1,1.936,4.865,0.569,46
1774889057.7778428,0,2.101,4.668,0.541,47
1774889057.9085588,1,1.935,4.858,0.55,43
1774889057.9085588,0,2.123,4.682,0.521,45
1774889058.2762825,1,1.986,4.868,0.591,52
1774889058.2762825,0,2.14,4.674,0.516,45
1774889058.5548596,1,2.028,4.884,0.604,52
1774889058.5548596,0,2.203,4.718,0.509,49
1774889058.823372,1,2.123,4.839,0.516,44
1774889058.823372,0,2.234,4.763,0.49,45
1774889058.8468714,1,2.123,4.839,0.516,44
1774889058.8468714,0,2.234,4.763,0.49,45
1774889058.8835702,1,2.123,4.839,0.516,44
1774889058.8835702,0,2.234,4.763,0.49,45
1774889059.1631753,1,2.2,4.714,0.387,38
1774889059.1631753,0,2.316,4.882,0.518,52
1774889059.248427,1,2.2,4.714,0.387,38
1774889059.248427,0,2.308,4.976,0.505,50
1774889059.518648,1,2.279,4.685,0.367,43
1774889059.518648,0,2.493,5.186,0.822,69
1774889059.5500977,1,2.279,4.685,0.367,43
1774889059.5500977,0,2.493,5.186,0.822,69
1774889059.6863825,1,2.321,4.709,0.321,39
1774889059.6863825,0,2.453,5.158,0.79,59
1774889059.860562,1,2.272,4.79,0.483,64
1774889059.860562,0,2.387,5.122,0.735,57
1774889059.8795502,1,2.251,4.845,0.572,62
1774889059.8795502,0,2.387,5.122,0.735,57
1774889059.9121964,1,2.251,4.845,0.572,62
1774889059.9121964,0,2.373,5.097,0.731,59
1774889059.9385352,1,2.251,4.845,0.572,62
1774889059.9385352,0,2.373,5.097,0.731,59
1774889060.323289,1,2.225,4.979,0.705,58
1774889060.323289,0,2.506,4.798,0.318,37
1774889060.5785105,1,2.252,4.963,0.674,57
1774889060.5785105,0,2.488,4.81,0.351,54
1774889060.6190414,1,2.252,4.963,0.674,57
1774889060.6190414,0,2.477,4.851,0.372,49
1774889061.0240552,1,2.279,4.915,0.615,52
1774889061.0240552,0,2.53,4.944,0.463,47
1774889061.259805,1,2.321,4.889,0.613,55
1774889061.259805,0,2.538,4.902,0.489,52
1774889061.2792308,1,2.331,4.891,0.598,52
1774889061.2792308,0,2.538,4.902,0.489,52
1774889061.298743,1,2.331,4.891,0.598,52
1774889061.298743,0,2.54,4.919,0.486,52
1774889061.3205817,1,2.331,4.891,0.598,52
1774889061.3205817,0,2.54,4.919,0.486,52
1774889061.3430874,1,2.331,4.891,0.598,52
1774889061.3430874,0,2.54,4.919,0.486,52
1774889061.6460829,1,2.409,4.843,0.586,61
1774889061.6460829,0,2.601,5.045,0.421,51
1774889061.6747763,1,2.431,4.822,0.597,55
1774889061.6747763,0,2.601,5.045,0.421,51
1774889061.7208147,1,2.431,4.822,0.597,55
1774889061.7208147,0,2.627,5.074,0.424,53
1774889061.9641318,1,2.467,4.849,0.613,56
1774889061.9641318,0,2.666,5.05,0.347,44
1774889062.030224,1,2.467,4.849,0.613,56
1774889062.030224,0,2.704,5.002,0.305,43
1774889062.4479532,1,2.525,4.896,0.597,58
1774889062.4479532,0,2.849,4.919,0.2,42
1774889062.7223434,1,2.558,4.869,0.576,53
1774889062.7223434,0,2.851,4.847,0.232,43
1774889062.7581475,1,2.558,4.869,0.576,53
1774889062.7581475,0,2.851,4.847,0.232,43
1774889063.0802994,1,2.58,4.844,0.555,52
1774889063.0802994,0,2.928,4.762,0.204,41
1774889063.167057,1,2.604,4.836,0.568,57
1774889063.167057,0,2.949,4.755,0.22,46
1774889063.428172,1,2.667,4.804,0.511,51
1774889063.428172,0,2.978,4.761,0.211,42
1774889063.4784844,1,2.682,4.795,0.481,49
1774889063.4784844,0,2.978,4.761,0.211,42
1774889063.758278,1,2.687,4.86,0.522,57
1774889063.758278,0,3.024,4.748,0.211,44
1774889063.7837155,1,2.689,4.887,0.518,54
1774889063.7837155,0,3.024,4.748,0.211,44
1774889063.8010247,1,2.689,4.887,0.518,54
1774889063.8010247,0,3.051,4.735,0.21,43
1774889063.8241127,1,2.689,4.887,0.518,54
1774889063.8241127,0,3.051,4.735,0.21,43
1774889063.8530464,1,2.689,4.887,0.518,54
1774889063.8530464,0,3.051,4.735,0.21,43
1774889064.0874681,1,2.694,4.948,0.57,61
1774889064.0874681,0,3.043,4.702,0.234,44
1774889064.11929,1,2.694,4.948,0.57,61
1774889064.11929,0,3.06,4.716,0.254,48
1774889064.1732416,1,2.701,4.959,0.595,61
1774889064.1732416,0,3.06,4.716,0.254,48
1774889064.450376,1,2.721,4.991,0.634,61
1774889064.450376,0,3.071,4.68,0.32,48
1774889064.4876122,1,2.743,4.973,0.634,59
1774889064.4876122,0,3.071,4.68,0.32,48
1774889064.555452,1,2.743,4.973,0.634,59
1774889064.555452,0,3.086,4.676,0.316,47
1774889064.8303049,1,2.817,4.965,0.52,44
1774889064.8303049,0,3.176,4.684,0.24,46
1774889064.8721037,1,2.817,4.965,0.52,44
1774889064.8721037,0,3.176,4.684,0.24,46
1774889065.1513386,1,2.918,4.811,0.386,45
1774889065.1513386,0,3.18,4.75,0.303,51
1774889065.258949,1,2.945,4.781,0.352,44
1774889065.258949,0,3.168,4.746,0.339,53
1774889065.5114021,1,3.045,4.873,0.298,45
1774889065.5114021,0,3.284,4.725,0.256,44
1774889065.538183,1,3.045,4.873,0.298,45
1774889065.538183,0,3.284,4.725,0.256,44
1774889065.5597382,1,3.045,4.873,0.298,45
1774889065.5597382,0,3.284,4.725,0.256,44
1774889065.8299935,1,3.124,4.771,0.275,47
1774889065.8299935,0,3.369,4.768,0.165,43
1774889065.8514957,1,3.124,4.771,0.275,47
1774889065.8514957,0,3.369,4.768,0.165,43
1774889065.8861248,1,3.146,4.797,0.287,50
1774889065.8861248,0,3.369,4.768,0.165,43
1774889065.910996,1,3.146,4.797,0.287,50
1774889065.910996,0,3.402,4.794,0.15,42
1774889066.1781652,1,3.226,4.706,0.271,45
1774889066.1781652,0,3.439,4.765,0.142,42
1774889066.2072594,1,3.226,4.706,0.271,45
1774889066.2072594,0,3.458,4.751,0.154,44
1774889066.2553399,1,3.226,4.706,0.271,45
1774889066.2553399,0,3.458,4.751,0.154,44
1774889066.2748065,1,3.252,4.76,0.257,46
1774889066.2748065,0,3.458,4.751,0.154,44
1774889066.4953616,1,3.275,4.709,0.256,46
1774889066.4953616,0,3.466,4.689,0.188,43
1774889066.5537326,1,3.275,4.709,0.256,46
1774889066.5537326,0,3.466,4.689,0.188,43
1774889066.5826075,1,3.293,4.704,0.269,48
1774889066.5826075,0,3.466,4.689,0.188,43
1774889066.7738159,1,3.204,4.822,0.462,61
1774889066.7738159,0,3.487,4.643,0.209,44
1774889066.8100781,1,3.204,4.822,0.462,61
1774889066.8100781,0,3.496,4.644,0.22,45
1774889066.8244343,1,3.204,4.822,0.462,61
1774889066.8244343,0,3.496,4.644,0.22,45
1774889066.8464315,1,3.204,4.822,0.462,61
1774889066.8464315,0,3.496,4.644,0.22,45
1774889067.1078186,1,3.259,4.855,0.375,50
1774889067.1078186,0,3.576,4.675,0.149,39
1774889067.2062368,1,3.271,4.818,0.378,51
1774889067.2062368,0,3.576,4.675,0.149,39
1774889067.5231876,1,3.283,4.998,0.402,53
1774889067.5231876,0,3.576,4.701,0.198,48
1774889067.5451076,1,3.283,4.998,0.402,53
1774889067.5451076,0,3.576,4.701,0.198,48
1774889068.0347126,1,3.317,5.006,0.461,55
1774889068.0347126,0,3.604,4.863,0.248,47
1774889068.2549453,1,3.35,4.968,0.467,57
1774889068.2549453,0,3.662,4.9,0.22,59
1774889068.2985091,1,3.382,4.957,0.506,62
1774889068.2985091,0,3.689,4.815,0.214,42
1774889068.345082,1,3.382,4.957,0.506,62
1774889068.345082,0,3.689,4.815,0.214,42
1774889068.6896822,1,3.399,4.869,0.535,56
1774889068.6896822,0,3.714,4.749,0.223,47
1774889068.9636838,1,3.424,4.896,0.574,61
1774889068.9636838,0,3.709,4.869,0.243,50
1774889069.0055535,1,3.424,4.896,0.574,61
1774889069.0055535,0,3.705,4.9,0.243,47
1774889069.061998,1,3.424,4.896,0.574,61
1774889069.061998,0,3.705,4.9,0.243,47
1774889069.2735677,1,3.437,4.89,0.624,62
1774889069.2735677,0,3.72,5.04,0.271,52
1774889069.3346267,1,3.437,4.89,0.624,62
1774889069.3346267,0,3.73,5.069,0.286,51
1774889069.3687477,1,3.437,4.89,0.624,62
1774889069.3687477,0,3.73,5.069,0.286,51
1774889069.5830514,1,3.463,4.85,0.641,60
1774889069.5830514,0,3.736,4.891,0.336,50
1774889069.6179204,1,3.463,4.85,0.641,60
1774889069.6179204,0,3.752,4.825,0.345,49
1774889069.6792288,1,3.48,4.993,0.651,64
1774889069.6792288,0,3.752,4.825,0.345,49
1774889069.9902103,1,3.499,4.986,0.655,61
1774889069.9902103,0,3.906,4.66,0.201,47
1774889070.257734,1,3.529,5.265,0.655,61
1774889070.257734,0,3.916,4.603,0.271,47
1774889070.308602,1,3.534,5.122,0.679,59
1774889070.308602,0,3.936,4.665,0.261,45
1774889070.6723864,1,3.551,4.894,0.661,59
1774889070.6723864,0,3.976,4.63,0.285,45
1774889070.7225404,1,3.558,4.865,0.645,59
1774889070.7225404,0,3.989,4.6,0.279,43
1774889070.9558697,1,3.59,4.827,0.629,60
1774889070.9558697,0,3.99,4.613,0.287,44
1774889070.9918134,1,3.607,4.831,0.607,57
1774889070.9918134,0,3.998,4.585,0.312,47
1774889071.0375662,1,3.607,4.831,0.607,57
1774889071.0375662,0,3.998,4.585,0.312,47
1774889071.2873182,1,3.655,4.832,0.634,61
1774889071.2873182,0,4.009,4.653,0.327,47
1774889071.3385825,1,3.655,4.832,0.634,61
1774889071.3385825,0,3.998,4.644,0.351,50
1774889071.3606436,1,3.655,4.832,0.634,61
1774889071.3606436,0,3.998,4.644,0.351,50
1774889071.6185193,1,3.662,4.803,0.723,60
1774889071.6185193,0,4.03,4.64,0.364,48
1774889071.6520312,1,3.662,4.803,0.723,60
1774889071.6520312,0,4.03,4.64,0.364,48
1774889071.671783,1,3.683,4.805,0.74,61
1774889071.671783,0,4.03,4.64,0.364,48
1774889071.7052014,1,3.683,4.805,0.74,61
1774889071.7052014,0,4.055,5.038,0.398,71
1774889071.957459,1,3.708,4.737,0.776,59
1774889071.957459,0,4.028,4.844,0.402,49
1774889071.9958904,1,3.731,4.74,0.755,60
1774889071.9958904,0,4.028,4.844,0.402,49
1774889072.0410385,1,3.731,4.74,0.755,60
1774889072.0410385,0,4.033,4.95,0.385,61
1774889072.4216073,1,3.809,4.83,0.688,61
1774889072.4216073,0,4.022,4.936,0.515,60
1774889072.645481,1,3.86,4.795,0.662,59
1774889072.645481,0,4.064,4.773,0.524,55
1774889072.668767,1,3.882,4.782,0.656,59
1774889072.668767,0,4.064,4.773,0.524,55
1774889072.6937413,1,3.882,4.782,0.656,59
1774889072.6937413,0,4.064,4.773,0.524,55
1774889072.7455447,1,3.882,4.782,0.656,59
1774889072.7455447,0,4.064,4.773,0.524,55
1774889072.9979239,1,3.947,4.794,0.606,57
1774889072.9979239,0,4.209,4.646,0.429,37
1774889073.0290577,1,3.947,4.794,0.606,57
1774889073.0290577,0,4.209,4.646,0.429,37
1774889073.054424,1,3.947,4.794,0.606,57
1774889073.054424,0,4.209,4.646,0.429,37
1774889073.2969928,1,4.009,4.779,0.522,52
1774889073.2969928,0,4.168,4.653,0.51,46
1774889073.3251724,1,4.009,4.779,0.522,52
1774889073.3251724,0,4.168,4.653,0.51,46
1774889073.3479397,1,4.009,4.779,0.522,52
1774889073.3479397,0,4.168,4.653,0.51,46
1774889073.3611472,1,4.009,4.779,0.522,52
1774889073.3611472,0,4.168,4.653,0.51,46
1774889073.3993995,1,4.012,4.778,0.524,55
1774889073.3993995,0,4.163,4.672,0.579,61
1774889073.6358163,1,4.047,4.928,0.54,59
1774889073.6358163,0,4.314,4.648,0.405,30
1774889073.6636791,1,4.047,4.928,0.54,59
1774889073.6636791,0,4.314,4.648,0.405,30
1774889073.695537,1,4.059,4.957,0.551,59
1774889073.695537,0,4.33,4.628,0.391,44
1774889073.9656382,1,4.08,4.966,0.542,57
1774889073.9656382,0,4.422,4.591,0.319,64
1774889073.9979002,1,4.087,4.936,0.529,54
1774889073.9979002,0,4.361,4.594,0.4,57
1774889074.0286217,1,4.087,4.936,0.529,54
1774889074.0286217,0,4.361,4.594,0.4,57
1774889074.0518677,1,4.087,4.936,0.529,54
1774889074.0518677,0,4.361,4.594,0.4,57
1774889074.285069,1,4.105,4.892,0.612,62
1774889074.285069,0,4.301,4.601,0.508,56
1774889074.3296118,1,4.105,4.892,0.612,62
1774889074.3296118,0,4.294,4.598,0.539,55
1774889074.3570752,1,4.105,4.892,0.612,62
1774889074.3570752,0,4.294,4.598,0.539,55
1774889074.3729138,1,4.105,4.892,0.612,62
1774889074.3729138,0,4.294,4.598,0.539,55
1774889074.6352499,1,4.14,5.187,0.743,62
1774889074.6352499,0,4.281,4.622,0.589,56
1774889074.6605816,1,4.14,5.187,0.743,62
1774889074.6605816,0,4.281,4.622,0.589,56
1774889074.6828754,1,4.14,5.187,0.743,62
1774889074.6828754,0,4.281,4.619,0.596,55
1774889075.0879905,1,4.171,4.957,0.724,62
1774889075.0879905,0,4.411,4.722,0.758,56
1774889075.1166077,1,4.167,4.939,0.744,62
1774889075.1166077,0,4.411,4.722,0.758,56
1774889075.469069,1,4.183,4.832,0.735,61
1774889075.469069,0,4.457,4.659,0.59,40
1774889075.8058634,1,4.207,4.843,0.743,61
1774889075.8058634,0,4.655,4.572,0.379,29
1774889076.1792893,1,4.262,4.947,0.748,63
1774889076.1792893,0,4.749,4.61,0.34,43
1774889076.6514657,1,4.303,4.91,0.722,61
1774889076.6514657,0,4.682,4.659,0.421,51
1774889076.905651,1,4.338,4.915,0.697,58
1774889076.905651,0,4.646,4.614,0.491,50
1774889077.269183,1,4.375,4.906,0.675,59
1774889077.269183,0,4.745,4.573,0.386,35
1774889077.731826,1,4.534,4.91,0.552,54
1774889077.731826,0,4.827,4.613,0.335,37
1774889077.9716685,1,4.565,4.885,0.577,55
1774889077.9716685,0,4.839,4.615,0.319,38
1774889078.3675418,1,4.683,4.844,0.458,67
1774889078.3675418,0,4.874,4.587,0.359,38
1774889078.5933988,1,4.687,4.855,0.536,53
1774889078.5933988,0,4.921,4.543,0.359,35
1774889078.8942308,1,4.674,4.874,0.544,53
1774889078.8942308,0,4.969,4.521,0.366,38
1774889078.9597375,1,4.674,4.874,0.544,53
1774889078.9597375,0,4.969,4.521,0.366,38
1774889079.2313673,1,4.694,4.894,0.516,49
1774889079.2313673,0,4.889,4.635,0.452,64
1774889079.281647,1,4.721,4.886,0.497,46
1774889079.281647,0,4.889,4.635,0.452,64
1774889079.6930845,1,5.075,4.816,0.279,16
1774889079.6930845,0,4.84,4.594,0.586,48
1774889080.0207307,1,5.012,4.808,0.353,46
1774889080.0207307,0,4.844,4.56,0.617,50
1774889080.3695078,1,4.902,4.805,0.481,47
1774889080.3695078,0,4.909,4.558,0.56,40
1774889080.722318,1,4.926,4.786,0.512,46
1774889080.722318,0,5.023,4.515,0.421,33
1774889081.0257516,1,4.998,4.743,0.458,38
1774889081.0257516,0,5.012,4.51,0.425,38
1774889081.2545907,1,5.045,4.701,0.44,37
1774889081.2545907,0,5.101,4.493,0.367,27
1774889081.2859912,1,5.045,4.701,0.44,37
1774889081.2859912,0,5.101,4.493,0.367,27
1774889081.3389778,1,5.044,4.697,0.445,41
1774889081.3389778,0,5.193,4.471,0.297,15
1774889081.5555413,1,5.075,4.673,0.443,39
1774889081.5555413,0,5.069,4.491,0.433,46
1774889081.5775356,1,5.084,4.665,0.449,39
1774889081.5775356,0,5.03,4.458,0.469,43
1774889081.6626186,1,5.084,4.665,0.449,39
1774889081.6626186,0,5.03,4.458,0.469,43
1774889081.9218993,1,5.136,4.668,0.46,36
1774889081.9218993,0,5.042,4.464,0.453,34
1774889081.9668999,1,5.149,4.675,0.442,36
1774889081.9668999,0,5.042,4.464,0.453,34
1774889082.3016238,1,5.132,4.601,0.471,40
1774889082.3016238,0,5.072,4.452,0.458,41
1774889082.5426052,1,5.095,4.591,0.522,43
1774889082.5426052,0,5.068,4.434,0.462,36
1774889082.5610812,1,5.095,4.591,0.522,43
1774889082.5610812,0,5.068,4.434,0.462,36
1774889082.5967922,1,5.103,4.593,0.524,41
1774889082.5967922,0,5.063,4.414,0.467,37
1774889082.635237,1,5.103,4.593,0.524,41
1774889082.635237,0,5.063,4.414,0.467,37
1774889082.89347,1,5.254,4.494,0.454,27
1774889082.89347,0,5.064,4.371,0.514,41
1774889082.9300728,1,5.254,4.494,0.454,27
1774889082.9300728,0,5.065,4.375,0.501,36
1774889082.9564352,1,5.254,4.494,0.454,27
1774889082.9564352,0,5.065,4.375,0.501,36
1774889082.9807143,1,5.289,4.484,0.439,28
1774889082.9807143,0,5.053,4.374,0.5,38
1774889083.2249427,1,5.348,4.49,0.38,24
1774889083.2249427,0,5.018,4.346,0.559,45
1774889083.241617,1,5.348,4.49,0.38,24
1774889083.241617,0,5.018,4.346,0.559,45
1774889083.2559385,1,5.348,4.49,0.38,24
1774889083.2559385,0,5.018,4.346,0.559,45
1774889083.305578,1,5.366,4.484,0.354,24
1774889083.305578,0,5.019,4.339,0.559,40
1774889083.5672855,1,5.371,4.451,0.324,23
1774889083.5672855,0,5.019,4.297,0.589,42
1774889083.599755,1,5.382,4.442,0.32,24
1774889083.599755,0,5.032,4.292,0.605,41
1774889083.6483529,1,5.382,4.442,0.32,24
1774889083.6483529,0,5.032,4.292,0.605,41
1774889083.8942363,1,5.444,4.388,0.262,14
1774889083.8942363,0,5.038,4.267,0.597,39
1774889083.9284172,1,5.444,4.388,0.262,14
1774889083.9284172,0,5.038,4.267,0.597,39
1774889083.9716,1,5.453,4.364,0.253,18
1774889083.9716,0,5.038,4.267,0.597,39
1774889084.2276816,1,5.346,4.379,0.357,42
1774889084.2276816,0,5.045,4.273,0.569,38
1774889084.252392,1,5.346,4.379,0.357,42
1774889084.252392,0,5.045,4.273,0.569,38
1774889084.2808826,1,5.295,4.394,0.433,43
1774889084.2808826,0,5.035,4.27,0.574,40
1774889084.528688,1,5.257,4.395,0.514,41
1774889084.528688,0,5.026,4.259,0.586,39
1774889084.553733,1,5.257,4.395,0.514,41
1774889084.553733,0,5.026,4.259,0.586,39
1774889084.5759013,1,5.238,4.404,0.527,39
1774889084.5759013,0,5.026,4.259,0.586,39
1774889084.8964589,1,5.22,4.428,0.537,37
1774889084.8964589,0,4.994,4.218,0.584,39
1774889084.9218652,1,5.22,4.428,0.537,37
1774889084.9218652,0,4.994,4.218,0.584,39
1774889084.93949,1,5.22,4.428,0.537,37
1774889084.93949,0,4.994,4.218,0.584,39
1774889084.9819293,1,5.208,4.404,0.501,31
1774889084.9819293,0,4.994,4.218,0.584,39
1774889085.255569,1,5.115,4.315,0.362,62
1774889085.255569,0,4.987,4.193,0.658,43
1774889085.3100653,1,5.099,4.267,0.291,20
1774889085.3100653,0,4.987,4.184,0.657,40
1774889085.6138818,1,5.18,4.155,0.067,13
1774889085.6138818,0,5.007,4.147,0.664,38
1774889085.656399,1,5.18,4.155,0.067,13
1774889085.656399,0,5.007,4.147,0.664,38
1774889085.6769931,1,5.119,4.091,-0.025,11
1774889085.6769931,0,5.011,4.125,0.674,39
1774889085.7024333,1,5.119,4.091,-0.025,11
1774889085.7024333,0,5.011,4.125,0.674,39
1774889085.920704,1,5.147,4.003,-0.172,7
1774889085.920704,0,4.997,4.08,0.696,38
1774889085.939546,1,5.147,4.003,-0.172,7
1774889085.939546,0,4.997,4.08,0.696,38
1774889085.973193,1,5.186,3.985,-0.175,7
1774889085.973193,0,4.997,4.078,0.668,36
1774889086.0142567,1,5.186,3.985,-0.175,7
1774889086.0142567,0,4.997,4.078,0.668,36
1774889086.2202642,1,5.205,3.934,-0.247,7
1774889086.2202642,0,4.989,4.056,0.679,37
1774889086.2521448,1,5.205,3.934,-0.247,7
1774889086.2521448,0,4.989,4.056,0.679,37
1774889086.317697,1,5.27,3.948,-0.178,8
1774889086.317697,0,4.985,4.026,0.688,37
1774889086.5380187,1,5.137,3.912,-0.225,15
1774889086.5380187,0,5.0,4.014,0.652,35
1774889086.578657,1,5.137,3.912,-0.225,15
1774889086.578657,0,5.004,4.017,0.64,35
1774889086.8742428,1,5.194,4.051,0.238,15
1774889086.8742428,0,5.075,4.013,0.546,21
1774889086.9523423,1,5.194,4.051,0.238,15
1774889086.9523423,0,5.075,4.013,0.546,21
1774889087.291,1,5.32,4.09,0.371,21
1774889087.291,0,5.135,3.96,0.442,26
1774889087.354853,1,5.32,4.09,0.371,21
1774889087.354853,0,5.135,3.96,0.442,26
1774889087.5712404,1,5.255,4.092,0.431,32
1774889087.5712404,0,5.103,3.947,0.474,32
1774889087.6413832,1,5.255,4.092,0.431,32
1774889087.6413832,0,5.089,3.935,0.46,26
1774889087.915922,1,5.311,3.948,0.351,14
1774889087.915922,0,5.048,3.896,0.481,27
1774889087.961573,1,5.311,3.948,0.351,14
1774889087.961573,0,5.048,3.896,0.481,27
1774889087.9822922,1,5.37,3.941,0.363,17
1774889087.9822922,0,5.029,3.875,0.476,26
1774889088.2345874,1,5.289,3.925,0.472,38
1774889088.2345874,0,4.991,3.848,0.488,29
1774889088.254518,1,5.289,3.925,0.472,38
1774889088.254518,0,4.991,3.848,0.488,29
1774889088.278228,1,5.231,3.913,0.501,30
1774889088.278228,0,4.991,3.848,0.488,29
1774889088.3107433,1,5.231,3.913,0.501,30
1774889088.3107433,0,4.96,3.836,0.513,31
1774889088.3287985,1,5.231,3.913,0.501,30
1774889088.3287985,0,4.96,3.836,0.513,31
1774889088.5282342,1,5.314,3.881,0.505,23
1774889088.5282342,0,4.916,3.841,0.529,31
1774889088.6110523,1,5.375,3.843,0.47,21
1774889088.6110523,0,4.908,3.836,0.521,29
1774889088.890343,1,5.525,3.763,0.396,21
1774889088.890343,0,4.915,3.824,0.475,27
1774889089.0127022,1,5.464,3.761,0.41,19
1774889089.0127022,0,4.916,3.806,0.473,26
1774889089.3222024,1,5.528,3.694,0.397,24
1774889089.3222024,0,4.887,3.751,0.48,29
1774889089.7991567,1,5.428,3.691,0.395,19
1774889089.7991567,0,4.863,3.657,0.477,30
1774889089.9940512,1,5.34,3.721,0.481,38
1774889089.9940512,0,4.846,3.671,0.497,30
1774889090.0152423,1,5.34,3.721,0.481,38
1774889090.0152423,0,4.846,3.671,0.497,30
1774889090.0423844,1,5.34,3.721,0.481,38
1774889090.0423844,0,4.846,3.671,0.497,30
1774889090.387428,1,5.349,3.721,0.404,22
1774889090.387428,0,4.88,3.696,0.517,27
1774889090.429054,1,5.349,3.721,0.404,22
1774889090.429054,0,5.075,3.678,0.4,62
1774889090.4842772,1,5.414,3.714,0.372,19
1774889090.4842772,0,5.075,3.678,0.4,62
1774889090.7559247,1,5.475,3.698,0.334,19
1774889090.7559247,0,4.957,3.759,0.387,25
1774889091.242681,1,5.336,3.752,0.294,29
1774889091.242681,0,5.009,3.825,0.427,16
1774889091.4500954,1,5.23,3.755,0.228,23
1774889091.4500954,0,5.034,3.834,0.392,16
1774889091.493516,1,5.222,4.025,0.1,69
1774889091.493516,0,5.012,3.831,0.404,26
1774889091.7821872,1,5.133,3.904,0.176,21
1774889091.7821872,0,4.801,3.701,0.146,19
1774889092.0290964,1,5.048,3.897,0.206,25
1774889092.0290964,0,5.001,3.778,-0.016,4
1774889092.0498557,1,5.048,3.897,0.206,25
1774889092.0498557,0,5.001,3.778,-0.016,4
1774889092.1105268,1,5.098,3.867,0.126,11
1774889092.1105268,0,5.097,3.815,0.008,10
1774889092.4064968,1,5.358,3.826,0.064,10
1774889092.4064968,0,5.063,3.902,-0.053,20
1774889092.4804537,1,5.376,3.819,0.032,8
1774889092.4804537,0,5.13,3.948,-0.075,7
1774889092.722753,1,5.379,3.806,-0.057,7
1774889092.722753,0,5.253,3.992,-0.066,7
1774889092.751766,1,5.379,3.806,-0.057,7
1774889092.751766,0,5.253,3.992,-0.066,7
1774889092.7760205,1,5.379,3.806,-0.057,7
1774889092.7760205,0,5.253,3.992,-0.066,7
1774889093.2911594,1,5.548,3.934,0.09,11
1774889093.2911594,0,5.338,3.883,-0.036,9
1774889093.5393295,1,5.596,3.867,0.143,6
1774889093.5393295,0,5.252,3.866,0.1,22
1774889093.5672493,1,5.596,3.867,0.143,6
1774889093.5672493,0,5.252,3.866,0.1,22
1774889093.8689358,1,5.343,4.011,0.336,31
1774889093.8689358,0,5.192,3.796,0.045,16
1774889094.0076613,1,5.307,4.044,0.41,35
1774889094.0076613,0,5.22,3.795,0.02,11
1774889094.2401,1,5.315,4.079,0.443,21
1774889094.2401,0,5.253,3.803,-0.025,10
1774889094.2700589,1,5.315,4.079,0.443,21
1774889094.2700589,0,5.253,3.803,-0.025,10
1774889094.5949593,1,5.36,4.081,0.458,28
1774889094.5949593,0,5.125,3.875,0.092,25
1774889094.93058,1,5.352,4.097,0.517,42
1774889094.93058,0,5.1,3.891,0.115,20
1774889094.9981992,1,5.292,4.111,0.55,38
1774889094.9981992,0,5.1,3.891,0.115,20
1774889095.3079445,1,5.192,4.128,0.588,34
1774889095.3079445,0,5.016,3.945,0.155,20
1774889095.706925,1,5.135,4.098,0.528,31
1774889095.706925,0,5.044,3.86,0.138,17
1774889096.1169772,1,5.114,4.069,0.58,33
1774889096.1169772,0,5.106,3.901,-0.011,7
1774889096.4042962,1,5.101,4.042,0.63,33
1774889096.4042962,0,5.119,3.829,0.128,18
1774889096.7047021,1,5.084,4.185,0.565,65
1774889096.7047021,0,5.037,3.936,0.211,27
1774889096.9079735,1,5.173,4.065,0.566,21
1774889096.9079735,0,5.118,3.912,0.198,8
1774889097.038699,1,5.182,4.008,0.533,22
1774889097.038699,0,5.047,3.894,0.266,29
1774889097.1096475,1,5.257,3.954,0.465,15
1774889097.1096475,0,5.029,3.912,0.283,26
1774889097.4121284,1,5.418,3.824,0.414,20
1774889097.4121284,0,4.917,3.869,0.34,30
1774889097.4763165,1,5.44,3.804,0.43,24
1774889097.4763165,0,4.917,3.869,0.34,30
1774889097.7451916,1,5.447,3.758,0.403,21
1774889097.7451916,0,4.914,3.803,0.375,30
1774889097.788698,1,5.414,3.74,0.425,22
1774889097.788698,0,4.914,3.803,0.375,30
1774889098.0466626,1,5.34,3.724,0.491,24
1774889098.0466626,0,4.833,3.795,0.412,28
1774889098.0694358,1,5.317,3.718,0.507,23
1774889098.0694358,0,4.833,3.795,0.412,28
1774889098.1212854,1,5.317,3.718,0.507,23
1774889098.1212854,0,4.825,3.813,0.432,31
1774889098.4175975,1,5.229,3.707,0.577,33
1774889098.4175975,0,4.81,3.776,0.382,29
1774889098.4788358,1,5.229,3.707,0.577,33
1774889098.4788358,0,4.801,3.744,0.355,27
1774889098.7518132,1,5.11,3.704,0.685,37
1774889098.7518132,0,4.77,3.699,0.373,33
1774889098.773185,1,5.065,3.71,0.744,38
1774889098.773185,0,4.77,3.699,0.373,33
1774889099.0518157,1,4.992,3.721,0.81,38
1774889099.0518157,0,4.703,3.694,0.364,31
1774889099.099651,1,4.974,3.713,0.795,32
1774889099.099651,0,4.714,3.753,0.366,30
1774889099.1329522,1,4.974,3.713,0.795,32
1774889099.1329522,0,4.714,3.753,0.366,30
1774889099.4326832,1,5.116,3.703,0.614,17
1774889099.4326832,0,4.801,3.69,0.362,25
1774889099.4573474,1,5.116,3.703,0.614,17
1774889099.4573474,0,4.801,3.69,0.362,25
1774889099.8378808,1,5.385,3.638,0.382,21
1774889099.8378808,0,4.871,3.607,0.455,30
1774889099.907075,1,5.427,3.626,0.356,21
1774889099.907075,0,4.891,3.642,0.436,24
1774889100.2692301,1,5.123,3.671,0.619,36
1774889100.2692301,0,5.033,3.602,0.361,30
1774889100.5283616,1,5.128,3.611,0.414,15
1774889100.5283616,0,5.125,3.501,0.329,19
1774889100.5536323,1,5.128,3.611,0.414,15
1774889100.5536323,0,5.125,3.501,0.329,19
1774889100.6129234,1,4.993,3.576,0.41,35
1774889100.6129234,0,5.11,3.476,0.297,23
1774889100.8960388,1,4.867,3.63,0.508,35
1774889100.8960388,0,5.054,3.453,0.335,24
1774889100.925689,1,4.867,3.63,0.508,35
1774889100.925689,0,5.016,3.499,0.324,59
1774889100.9524288,1,4.867,3.63,0.508,35
1774889100.9524288,0,5.016,3.499,0.324,59
1774889101.2153025,1,4.854,3.59,0.417,20
1774889101.2153025,0,5.028,3.46,0.361,30
1774889101.2859209,1,4.874,3.601,0.442,28
1774889101.2859209,0,5.028,3.46,0.361,30
1774889101.54686,1,5.123,3.597,0.384,18
1774889101.54686,0,5.149,3.396,0.355,22
1774889101.6431134,1,5.199,3.593,0.37,21
1774889101.6431134,0,5.183,3.362,0.349,26
1774889101.948443,1,5.305,3.639,0.309,16
1774889101.948443,0,5.229,3.255,0.354,29
1774889102.3919604,1,5.352,3.536,0.329,22
1774889102.3919604,0,5.323,3.172,0.356,31
1774889102.8445404,1,5.19,3.509,0.512,30
1774889102.8445404,0,4.974,3.21,0.632,42
1774889103.0175083,1,5.147,3.486,0.502,27
1774889103.0175083,0,4.894,3.196,0.711,41
1774889103.0448742,1,5.147,3.486,0.502,27
1774889103.0448742,0,4.894,3.196,0.711,41
1774889103.3007703,1,5.221,3.398,0.444,27
1774889103.3007703,0,4.854,3.295,0.617,34
1774889103.3340237,1,5.221,3.398,0.444,27
1774889103.3340237,0,4.854,3.295,0.617,34
1774889103.5598605,1,5.333,3.329,0.375,27
1774889103.5598605,0,4.922,3.255,0.556,32
1774889103.6003711,1,5.304,3.326,0.384,26
1774889103.6003711,0,4.922,3.255,0.556,32
1774889103.8810904,1,5.321,3.254,0.364,26
1774889103.8810904,0,4.983,3.351,0.375,26
1774889103.9573476,1,5.321,3.254,0.364,26
1774889103.9573476,0,4.983,3.351,0.375,26
1774889104.2883806,1,5.34,3.188,0.355,20
1774889104.2883806,0,4.945,3.39,0.298,27
1774889104.5125234,1,5.323,3.207,0.277,26
1774889104.5125234,0,5.037,3.382,0.173,13
1774889104.5638294,1,5.323,3.207,0.277,26
1774889104.5638294,0,5.037,3.382,0.173,13
1774889104.8268702,1,5.342,3.049,0.372,29
1774889104.8268702,0,4.892,3.389,0.278,23
1774889104.852093,1,5.342,3.049,0.372,29
1774889104.852093,0,4.892,3.389,0.278,23
1774889104.896454,1,5.348,3.061,0.43,39
1774889104.896454,0,4.793,3.402,0.367,42
1774889105.2479365,1,5.407,3.031,0.488,42
1774889105.2479365,0,5.035,3.362,0.143,18
1774889105.2772064,1,5.407,3.031,0.488,42
1774889105.2772064,0,5.035,3.362,0.143,18
1774889105.6324902,1,5.294,3.182,0.329,18
1774889105.6324902,0,4.953,3.296,0.209,34
1774889105.9401667,1,5.287,3.087,0.449,47
1774889105.9401667,0,4.973,3.003,0.455,42
1774889105.9651737,1,5.201,3.141,0.517,36
1774889105.9651737,0,4.973,3.003,0.455,42
1774889106.2428129,1,5.05,2.959,0.441,39
1774889106.2428129,0,4.972,2.822,0.511,59
1774889106.2796066,1,5.05,2.959,0.441,39
1774889106.2796066,0,4.972,2.822,0.511,59
1774889106.3327212,1,5.026,2.96,0.472,37
1774889106.3327212,0,4.987,2.799,0.546,40
1774889106.592432,1,5.007,2.967,0.504,31
1774889106.592432,0,4.977,2.743,0.551,39
1774889106.6221569,1,5.007,2.967,0.504,31
1774889106.6221569,0,4.977,2.743,0.551,39
1774889106.653254,1,5.007,2.967,0.504,31
1774889106.653254,0,4.977,2.743,0.551,39
1774889106.6782491,1,5.013,2.933,0.56,40
1774889106.6782491,0,4.977,2.743,0.551,39
1774889106.9983432,1,5.169,3.016,0.438,28
1774889106.9983432,0,4.913,2.723,0.65,44
1774889107.0281456,1,5.169,3.016,0.438,28
1774889107.0281456,0,4.913,2.723,0.65,44
1774889107.0430372,1,5.169,3.016,0.438,28
1774889107.0430372,0,4.913,2.723,0.65,44
1774889107.0640779,1,5.169,3.016,0.438,28
1774889107.0640779,0,4.913,2.723,0.65,44
1774889107.3585343,1,5.041,3.143,0.55,44
1774889107.3585343,0,4.961,2.701,0.589,39
1774889107.3846664,1,5.111,3.069,0.562,41
1774889107.3846664,0,4.961,2.701,0.589,39
1774889107.425417,1,5.111,3.069,0.562,41
1774889107.425417,0,4.961,2.701,0.589,39
1774889107.7196403,1,5.216,2.935,0.631,59
1774889107.7196403,0,4.976,2.71,0.587,38
1774889107.7816615,1,5.216,2.935,0.631,59
1774889107.7816615,0,4.976,2.71,0.587,38
1774889107.8263395,1,5.183,2.933,0.653,39
1774889107.8263395,0,4.965,2.699,0.611,43
1774889108.0707755,1,5.128,2.868,0.719,65
1774889108.0707755,0,4.971,2.667,0.653,43
1774889108.1173017,1,5.128,2.868,0.719,65
1774889108.1173017,0,4.973,2.663,0.645,41
1774889108.1420567,1,5.128,2.868,0.719,65
1774889108.1420567,0,4.973,2.663,0.645,41
1774889108.1653702,1,5.128,2.868,0.719,65
1774889108.1653702,0,4.973,2.663,0.645,41
1774889108.3896224,1,5.119,2.792,0.719,42
1774889108.3896224,0,5.219,2.532,0.564,45
1774889108.4545891,1,5.119,2.792,0.719,42
1774889108.4545891,0,5.219,2.532,0.564,45
1774889108.4759731,1,5.152,2.758,0.669,57
1774889108.4759731,0,5.196,2.52,0.591,44
1774889108.7413704,1,5.072,2.738,0.691,42
1774889108.7413704,0,5.153,2.504,0.632,42
1774889108.7762895,1,5.103,2.71,0.657,59
1774889108.7762895,0,5.153,2.504,0.632,42
1774889109.0435874,1,5.039,2.704,0.758,47
1774889109.0435874,0,5.084,2.48,0.654,44
1774889109.0655131,1,5.039,2.704,0.758,47
1774889109.0655131,0,5.084,2.48,0.654,44
1774889109.0927603,1,5.097,2.748,1.053,57
1774889109.0927603,0,5.084,2.48,0.654,44
1774889109.144039,1,5.097,2.748,1.053,57
1774889109.144039,0,5.105,2.482,0.632,41
1774889109.4019806,1,5.05,2.7,0.955,45
1774889109.4019806,0,5.304,2.426,0.53,42
1774889109.4339387,1,5.05,2.7,0.955,45
1774889109.4339387,0,5.416,2.381,0.496,45
1774889109.4620416,1,5.05,2.7,0.955,45
1774889109.4620416,0,5.416,2.381,0.496,45
1774889109.5121515,1,5.032,2.679,0.963,48
1774889109.5121515,0,5.44,2.373,0.468,41
1774889109.831797,1,5.065,2.648,0.889,49
1774889109.831797,0,5.383,2.367,0.486,43
1774889110.145631,1,5.035,2.607,0.878,47
1774889110.145631,0,5.216,2.373,0.591,44
1774889110.166299,1,5.035,2.607,0.878,47
1774889110.166299,0,5.216,2.373,0.591,44
1774889110.2133994,1,5.058,2.587,0.912,54
1774889110.2133994,0,5.177,2.379,0.598,41
1774889110.4661057,1,5.041,2.591,0.998,54
1774889110.4661057,0,5.216,2.349,0.603,48
1774889110.508448,1,5.041,2.591,0.998,54
1774889110.508448,0,5.168,2.348,0.615,43
1774889110.5298667,1,5.041,2.591,0.998,54
1774889110.5298667,0,5.168,2.348,0.615,43
1774889110.56789,1,5.041,2.591,0.998,54
1774889110.56789,0,5.168,2.348,0.615,43
1774889110.834958,1,5.078,2.689,0.841,35
1774889110.834958,0,5.122,2.329,0.633,44
1774889110.8967967,1,5.09,2.779,0.683,26
1774889110.8967967,0,5.079,2.324,0.651,46
1774889110.9139433,1,5.09,2.779,0.683,26
1774889110.9139433,0,5.079,2.324,0.651,46
1774889111.2251787,1,5.152,2.719,0.696,50
1774889111.2251787,0,5.068,2.281,0.59,43
1774889111.250556,1,5.152,2.719,0.696,50
1774889111.250556,0,5.068,2.281,0.59,43
1774889111.4691257,1,5.207,2.618,0.75,44
1774889111.4691257,0,5.136,2.241,0.527,40
1774889111.54777,1,5.207,2.618,0.75,44
1774889111.54777,0,5.167,2.246,0.51,41
1774889111.5819638,1,5.226,2.599,0.78,53
1774889111.5819638,0,5.167,2.246,0.51,41
1774889111.803388,1,5.259,2.574,0.807,51
1774889111.803388,0,5.189,2.236,0.48,38
1774889111.8445363,1,5.259,2.574,0.807,51
1774889111.8445363,0,5.189,2.236,0.48,38
1774889111.8631566,1,5.259,2.574,0.807,51
1774889111.8631566,0,5.189,2.236,0.48,38
1774889111.898606,1,5.242,2.65,0.704,32
1774889111.898606,0,5.226,2.226,0.446,38
1774889112.1281655,1,5.2,2.732,0.636,66
1774889112.1281655,0,5.248,2.214,0.437,39
1774889112.1491675,1,5.2,2.732,0.636,66
1774889112.1491675,0,5.248,2.214,0.437,39
1774889112.1633894,1,5.231,2.803,0.518,24
1774889112.1633894,0,5.248,2.214,0.437,39
1774889112.2057521,1,5.231,2.803,0.518,24
1774889112.2057521,0,5.23,2.218,0.45,40
1774889112.4505324,1,5.257,2.784,0.5,35
1774889112.4505324,0,5.267,2.191,0.404,38
1774889112.4727378,1,5.27,2.715,0.568,51
1774889112.4727378,0,5.267,2.191,0.404,38
1774889112.506201,1,5.27,2.715,0.568,51
1774889112.506201,0,5.282,2.194,0.406,40
1774889112.8141396,1,5.262,2.723,0.494,28
1774889112.8141396,0,5.313,2.183,0.391,39
1774889112.8318243,1,5.262,2.723,0.494,28
1774889112.8318243,0,5.313,2.183,0.391,39
1774889112.8543348,1,5.262,2.723,0.494,28
1774889112.8543348,0,5.313,2.183,0.391,39
1774889112.8690536,1,5.253,2.676,0.56,48
1774889112.8690536,0,5.313,2.183,0.391,39
1774889112.89386,1,5.253,2.676,0.56,48
1774889112.89386,0,5.313,2.187,0.381,38
1774889113.1216805,1,5.3,2.687,0.466,34
1774889113.1216805,0,5.41,2.143,0.37,39
1774889113.1534517,1,5.3,2.687,0.466,34
1774889113.1534517,0,5.41,2.143,0.37,39
1774889113.1730807,1,5.309,2.626,0.53,50
1774889113.1730807,0,5.41,2.143,0.37,39
1774889113.2047746,1,5.309,2.626,0.53,50
1774889113.2047746,0,5.341,2.164,0.418,42
1774889113.4469776,1,5.293,2.652,0.516,31
1774889113.4469776,0,5.331,2.155,0.452,62
1774889113.4876144,1,5.291,2.699,0.46,30
1774889113.4876144,0,5.331,2.155,0.452,62
1774889113.511,1,5.291,2.699,0.46,30
1774889113.511,0,5.366,2.156,0.422,40
1774889113.538591,1,5.291,2.699,0.46,30
1774889113.538591,0,5.366,2.156,0.422,40
1774889113.7816284,1,5.308,2.695,0.47,32
1774889113.7816284,0,5.344,2.177,0.423,40
1774889113.845626,1,5.307,2.667,0.513,45
1774889113.845626,0,5.344,2.177,0.423,40
1774889114.1049883,1,5.322,2.668,0.566,53
1774889114.1049883,0,5.275,2.207,0.47,42
1774889114.1354215,1,5.322,2.668,0.566,53
1774889114.1354215,0,5.275,2.207,0.47,42
1774889114.174036,1,5.322,2.668,0.566,53
1774889114.174036,0,5.275,2.207,0.47,42
1774889114.4522622,1,5.326,2.686,0.523,33
1774889114.4522622,0,5.295,2.192,0.43,39
1774889114.4734988,1,5.317,2.636,0.589,51
1774889114.4734988,0,5.295,2.192,0.43,39
1774889114.5171585,1,5.317,2.636,0.589,51
1774889114.5171585,0,5.294,2.201,0.426,40
1774889114.7497368,1,5.309,2.628,0.588,37
1774889114.7497368,0,5.351,2.171,0.398,41
1774889114.7819622,1,5.306,2.593,0.628,50
1774889114.7819622,0,5.351,2.171,0.398,41
1774889114.8311348,1,5.306,2.593,0.628,50
1774889114.8311348,0,5.338,2.178,0.398,39
1774889115.111116,1,5.298,2.537,0.701,49
1774889115.111116,0,5.379,2.175,0.366,37
1774889115.1433322,1,5.298,2.537,0.701,49
1774889115.1433322,0,5.379,2.175,0.366,37
1774889115.2007701,1,5.293,2.531,0.723,50
1774889115.2007701,0,5.412,2.17,0.354,40
1774889115.4771743,1,5.261,2.584,0.628,37
1774889115.4771743,0,5.421,2.121,0.422,40
1774889115.5281763,1,5.261,2.584,0.628,37
1774889115.5281763,0,5.418,2.138,0.417,41
1774889115.5671837,1,5.273,2.562,0.674,52
1774889115.5671837,0,5.418,2.138,0.417,41
