timestamp,motor_speed_mps,steering_angle_rad,steering_angle_deg
1772911893.1985474,0.0,0.0,0.0
1772911893.2299645,0.0,0.0,0.0
1772911893.2737415,0.0,0.0,0.0
1772911893.297025,0.0,0.0,0.0
1772911893.3814185,0.11440736809954101,0.00048535596464873077,0.027808848335873056
1772911893.405066,0.11440736809954101,0.00048535596464873077,0.027808848335873056
1772911893.461299,0.11440736809954101,0.00048535596464873077,0.027808848335873056
1772911893.5252028,0.11440736809954101,0.00048535596464873077,0.027808848335873056
1772911893.5687,0.11440736809954101,0.00048535596464873077,0.027808848335873056
1772911893.5958571,0.11440736809954101,0.00048535596464873077,0.027808848335873056
1772911893.6426446,0.11440736809954101,0.00048535596464873077,0.027808848335873056
1772911893.6627097,0.12804471353069652,-0.0027133473619309414,-0.1554633521915988
1772911893.7014387,0.12804471353069652,-0.0027133473619309414,-0.1554633521915988
1772911893.7507467,0.12804471353069652,-0.0027133473619309414,-0.1554633521915988
1772911893.801683,0.12804471353069652,-0.0027133473619309414,-0.1554633521915988
1772911893.8361201,0.12804471353069652,-0.0027133473619309414,-0.1554633521915988
1772911893.8910313,0.12804471353069652,-0.0027133473619309414,-0.1554633521915988
1772911893.9538028,0.12804471353069652,-0.0027133473619309414,-0.1554633521915988
1772911893.9712367,0.12993414262294364,-0.01828746856070141,-1.047794766506373
1772911893.9918604,0.12993414262294364,-0.01828746856070141,-1.047794766506373
1772911894.0229988,0.12993414262294364,-0.01828746856070141,-1.047794766506373
1772911894.0629752,0.12993414262294364,-0.01828746856070141,-1.047794766506373
1772911894.1011765,0.12993414262294364,-0.01828746856070141,-1.047794766506373
1772911894.1564596,0.12993414262294364,-0.01828746856070141,-1.047794766506373
1772911894.2448435,0.12993414262294364,-0.01828746856070141,-1.047794766506373
1772911894.3101017,0.1299999434243684,-0.030140291591583244,-1.7269115014913627
1772911894.4579804,0.1299999434243684,-0.030140291591583244,-1.7269115014913627
1772911894.564909,0.1299999434243684,-0.030140291591583244,-1.7269115014913627
1772911894.6553276,0.1299999434243684,-0.030140291591583244,-1.7269115014913627
1772911894.688023,0.1299999434243684,-0.030140291591583244,-1.7269115014913627
1772911894.7059314,0.1299999434243684,-0.030140291591583244,-1.7269115014913627
1772911894.7483027,0.1299999434243684,-0.030140291591583244,-1.7269115014913627
1772911894.773458,0.12999963088331115,-0.02068151917317605,-1.1849637625418796
1772911894.791759,0.12999963088331115,-0.02068151917317605,-1.1849637625418796
1772911894.8227403,0.12999963088331115,-0.02068151917317605,-1.1849637625418796
1772911894.8373537,0.12999963088331115,-0.02068151917317605,-1.1849637625418796
1772911894.8619378,0.12999963088331115,-0.02068151917317605,-1.1849637625418796
1772911894.9020345,0.1299617238895078,-0.031490764555758013,-1.804287902685099
1772911894.9865036,0.1299617238895078,-0.031490764555758013,-1.804287902685099
1772911895.0756829,0.1299617238895078,-0.031490764555758013,-1.804287902685099
1772911895.1364665,0.12999996192261967,-0.049267267749658714,-2.822806510196437
1772911895.1808345,0.12999996192261967,-0.049267267749658714,-2.822806510196437
1772911895.1980326,0.12999996192261967,-0.049267267749658714,-2.822806510196437
1772911895.2344503,0.12999996192261967,-0.049267267749658714,-2.822806510196437
1772911895.2558596,0.12999996192261967,-0.049267267749658714,-2.822806510196437
1772911895.2777107,0.12999996192261967,-0.049267267749658714,-2.822806510196437
1772911895.314338,0.12999996192261967,-0.049267267749658714,-2.822806510196437
1772911895.3467941,0.12999996192261967,-0.049267267749658714,-2.822806510196437
1772911895.3677397,0.12999996192261967,-0.049267267749658714,-2.822806510196437
1772911895.3994937,0.12999995536422604,-0.0791548050515193,-4.535236257632865
1772911895.4321096,0.12999995536422604,-0.0791548050515193,-4.535236257632865
1772911895.4528553,0.12999995536422604,-0.0791548050515193,-4.535236257632865
1772911895.4665802,0.12999995536422604,-0.0791548050515193,-4.535236257632865
1772911895.4852555,0.12999995536422604,-0.0791548050515193,-4.535236257632865
1772911895.5124135,0.12999995536422604,-0.0791548050515193,-4.535236257632865
1772911895.5497801,0.12999995536422604,-0.0791548050515193,-4.535236257632865
1772911895.5807736,0.12999995536422604,-0.0791548050515193,-4.535236257632865
1772911895.6232886,0.12999995536422604,-0.0791548050515193,-4.535236257632865
1772911895.6766438,0.12999995536422604,-0.0791548050515193,-4.535236257632865
1772911895.698596,0.12999995536422604,-0.0791548050515193,-4.535236257632865
1772911895.7404966,0.12999999810531057,-0.10600808278831345,-6.073815738043785
1772911895.7684898,0.12999999810531057,-0.10600808278831345,-6.073815738043785
1772911895.789182,0.12999999810531057,-0.10600808278831345,-6.073815738043785
1772911895.807986,0.12999999810531057,-0.10600808278831345,-6.073815738043785
1772911895.8394322,0.12999999810531057,-0.10600808278831345,-6.073815738043785
1772911895.8801997,0.12999999810531057,-0.10600808278831345,-6.073815738043785
1772911895.9220915,0.12999999810531057,-0.10600808278831345,-6.073815738043785
1772911895.9796941,0.12999999810531057,-0.10600808278831345,-6.073815738043785
1772911896.041832,0.12999998486410877,-0.12981994944110187,-7.438135199576868
1772911896.0775783,0.12999998486410877,-0.12981994944110187,-7.438135199576868
1772911896.101733,0.12999998486410877,-0.12981994944110187,-7.438135199576868
1772911896.1428046,0.12999998486410877,-0.12981994944110187,-7.438135199576868
1772911896.2165349,0.12999998486410877,-0.12981994944110187,-7.438135199576868
1772911896.2794797,0.12999998486410877,-0.12981994944110187,-7.438135199576868
1772911896.3297744,0.12999998486410877,-0.12981994944110187,-7.438135199576868
1772911896.3573465,0.12999999341300297,-0.15829427812867178,-9.069594057842908
1772911896.390987,0.12999999341300297,-0.15829427812867178,-9.069594057842908
1772911896.4686337,0.12999999341300297,-0.15829427812867178,-9.069594057842908
1772911896.509926,0.12999999341300297,-0.15829427812867178,-9.069594057842908
1772911896.5292447,0.12999999341300297,-0.15829427812867178,-9.069594057842908
1772911896.5787315,0.12999999341300297,-0.15829427812867178,-9.069594057842908
1772911896.603822,0.1300000041503734,-0.17984635614549724,-10.304437167943687
1772911896.6365602,0.1300000041503734,-0.17984635614549724,-10.304437167943687
1772911896.6529982,0.1300000041503734,-0.17984635614549724,-10.304437167943687
1772911896.6876059,0.1300000041503734,-0.17984635614549724,-10.304437167943687
1772911896.7165742,0.1300000041503734,-0.17984635614549724,-10.304437167943687
1772911896.7567008,0.1300000041503734,-0.17984635614549724,-10.304437167943687
1772911896.7877457,0.1300000041503734,-0.17984635614549724,-10.304437167943687
1772911896.8342357,0.1300000041503734,-0.17984635614549724,-10.304437167943687
1772911896.8489044,0.1300000041503734,-0.17984635614549724,-10.304437167943687
1772911896.8635638,0.1300000041503734,-0.17984635614549724,-10.304437167943687
1772911896.888667,0.1300000041503734,-0.17984635614549724,-10.304437167943687
1772911896.9141557,0.12999999232359455,-0.18946662604611883,-10.855638031026045
1772911896.9500053,0.12999999232359455,-0.18946662604611883,-10.855638031026045
1772911896.968033,0.12999999232359455,-0.18946662604611883,-10.855638031026045
1772911896.9912875,0.12999999232359455,-0.18946662604611883,-10.855638031026045
1772911897.009548,0.12999999232359455,-0.18946662604611883,-10.855638031026045
1772911897.0493333,0.12999999232359455,-0.18946662604611883,-10.855638031026045
1772911897.0793731,0.12999999232359455,-0.18946662604611883,-10.855638031026045
1772911897.1843495,0.12999999232359455,-0.18946662604611883,-10.855638031026045
1772911897.2059171,0.12999999232359455,-0.18946662604611883,-10.855638031026045
1772911897.2498028,0.12999999232359455,-0.18946662604611883,-10.855638031026045
1772911897.2929223,0.1299999989146387,-0.2138414180872079,-12.252210741489518
1772911897.3891554,0.1299999989146387,-0.2138414180872079,-12.252210741489518
1772911897.4447823,0.1299999989146387,-0.2138414180872079,-12.252210741489518
1772911897.5153117,0.1299999989146387,-0.2138414180872079,-12.252210741489518
1772911897.5671113,0.1299999989146387,-0.2138414180872079,-12.252210741489518
1772911897.6013942,0.1299999989146387,-0.2138414180872079,-12.252210741489518
1772911897.6316836,0.1299999989146387,-0.2138414180872079,-12.252210741489518
1772911897.6562908,0.13000000561611041,-0.2735985468925836,-15.676042017857187
1772911897.6870503,0.13000000561611041,-0.2735985468925836,-15.676042017857187
1772911897.7282665,0.13000000561611041,-0.2735985468925836,-15.676042017857187
1772911897.7605307,0.13000000561611041,-0.2735985468925836,-15.676042017857187
1772911897.7855444,0.13000000561611041,-0.2735985468925836,-15.676042017857187
1772911897.8300192,0.13000000561611041,-0.2735985468925836,-15.676042017857187
1772911897.8512757,0.13000000830793293,-0.30414998448884023,-17.42651045018
1772911897.8730235,0.13000000830793293,-0.30414998448884023,-17.42651045018
1772911897.9123225,0.13000000830793293,-0.30414998448884023,-17.42651045018
1772911897.9902728,0.13000000830793293,-0.30414998448884023,-17.42651045018
1772911898.0692918,0.13000000830793293,-0.30414998448884023,-17.42651045018
1772911898.108699,0.13000000830793293,-0.30414998448884023,-17.42651045018
1772911898.178166,0.13000000830793293,-0.30414998448884023,-17.42651045018
1772911898.198884,0.13000000886607035,-0.3374562719019722,-19.334820150202155
1772911898.2383785,0.13000000886607035,-0.3374562719019722,-19.334820150202155
1772911898.2605236,0.13000000886607035,-0.3374562719019722,-19.334820150202155
1772911898.292873,0.13000000886607035,-0.3374562719019722,-19.334820150202155
1772911898.3311772,0.13000000886607035,-0.3374562719019722,-19.334820150202155
1772911898.358399,0.13000000886607035,-0.3374562719019722,-19.334820150202155
1772911898.400021,0.1300000071772215,-0.3489668297506263,-19.994326534771222
1772911898.4476295,0.1300000071772215,-0.3489668297506263,-19.994326534771222
1772911898.482456,0.1300000071772215,-0.3489668297506263,-19.994326534771222
1772911898.506924,0.1300000071772215,-0.3489668297506263,-19.994326534771222
1772911898.52318,0.1300000071772215,-0.3489668297506263,-19.994326534771222
1772911898.558854,0.1300000071772215,-0.3489668297506263,-19.994326534771222
1772911898.5831556,0.1300000071772215,-0.3489668297506263,-19.994326534771222
1772911898.6157665,0.1300000071772215,-0.3489668297506263,-19.994326534771222
1772911898.636175,0.1300000071772215,-0.3489668297506263,-19.994326534771222
1772911898.6793473,0.1300000071772215,-0.3489668297506263,-19.994326534771222
1772911898.716639,0.13000000910843776,-0.3449724102401581,-19.765463155216683
1772911898.7532437,0.13000000910843776,-0.3449724102401581,-19.765463155216683
1772911898.7708979,0.13000000910843776,-0.3449724102401581,-19.765463155216683
1772911898.7885044,0.13000000910843776,-0.3449724102401581,-19.765463155216683
1772911898.8136845,0.13000000910843776,-0.3449724102401581,-19.765463155216683
1772911898.8399992,0.13000000910843776,-0.3449724102401581,-19.765463155216683
1772911898.8573651,0.13000000910843776,-0.3449724102401581,-19.765463155216683
1772911898.8850305,0.13000000910843776,-0.3449724102401581,-19.765463155216683
1772911898.9133935,0.13000000910843776,-0.3449724102401581,-19.765463155216683
1772911898.961493,0.13000000910843776,-0.3449724102401581,-19.765463155216683
1772911898.9959083,0.13000000910843776,-0.3449724102401581,-19.765463155216683
1772911899.0134318,0.13000000773168446,-0.32626943730578706,-18.693861741729812
1772911899.0401456,0.13000000773168446,-0.32626943730578706,-18.693861741729812
1772911899.0641878,0.13000000773168446,-0.32626943730578706,-18.693861741729812
1772911899.0944967,0.13000000773168446,-0.32626943730578706,-18.693861741729812
1772911899.1345801,0.13000000773168446,-0.32626943730578706,-18.693861741729812
1772911899.2409003,0.13000000773168446,-0.32626943730578706,-18.693861741729812
1772911899.3333807,0.13000000773168446,-0.32626943730578706,-18.693861741729812
1772911899.3655505,0.13000000773168446,-0.32626943730578706,-18.693861741729812
1772911899.4481063,0.1300000090963218,-0.29050413336477715,-16.644660772907333
1772911899.5157623,0.1300000090963218,-0.29050413336477715,-16.644660772907333
1772911899.5448606,0.1300000090963218,-0.29050413336477715,-16.644660772907333
1772911899.5897121,0.1300000090963218,-0.29050413336477715,-16.644660772907333
1772911899.6505015,0.1300000088970745,-0.23660892264240865,-13.556692662547396
1772911899.6881926,0.1300000088970745,-0.23660892264240865,-13.556692662547396
1772911899.7192583,0.1300000088970745,-0.23660892264240865,-13.556692662547396
1772911899.7365038,0.1300000088970745,-0.23660892264240865,-13.556692662547396
1772911899.750975,0.1300000088970745,-0.23660892264240865,-13.556692662547396
1772911899.769843,0.1300000088970745,-0.23660892264240865,-13.556692662547396
1772911899.7954502,0.1300000088970745,-0.23660892264240865,-13.556692662547396
1772911899.8142884,0.1300000088970745,-0.23660892264240865,-13.556692662547396
1772911899.842825,0.1300000088970745,-0.23660892264240865,-13.556692662547396
1772911899.8680847,0.1300000088970745,-0.23660892264240865,-13.556692662547396
1772911899.9049008,0.1300000085958127,-0.17906795286155267,-10.259837945014539
1772911899.9405656,0.1300000085958127,-0.17906795286155267,-10.259837945014539
1772911899.962626,0.1300000085958127,-0.17906795286155267,-10.259837945014539
1772911899.9897707,0.1300000085958127,-0.17906795286155267,-10.259837945014539
1772911900.0267568,0.1300000085958127,-0.17906795286155267,-10.259837945014539
1772911900.0511026,0.1300000085958127,-0.17906795286155267,-10.259837945014539
1772911900.0819228,0.1300000085958127,-0.17906795286155267,-10.259837945014539
1772911900.1205852,0.1300000085958127,-0.17906795286155267,-10.259837945014539
1772911900.1783354,0.1300000089827705,-0.14227133471000303,-8.151547024576269
1772911900.2416677,0.1300000089827705,-0.14227133471000303,-8.151547024576269
1772911900.2757795,0.1300000089827705,-0.14227133471000303,-8.151547024576269
1772911900.3043704,0.1300000089827705,-0.14227133471000303,-8.151547024576269
1772911900.3665612,0.1300000089827705,-0.14227133471000303,-8.151547024576269
1772911900.4019358,0.1300000089827705,-0.14227133471000303,-8.151547024576269
1772911900.436967,0.1300000089827705,-0.14227133471000303,-8.151547024576269
1772911900.459966,0.1300000089827705,-0.14227133471000303,-8.151547024576269
1772911900.4848597,0.13000000773481754,-0.12040020895638498,-6.898423825694073
1772911900.5088367,0.13000000773481754,-0.12040020895638498,-6.898423825694073
1772911900.534607,0.13000000773481754,-0.12040020895638498,-6.898423825694073
1772911900.5625963,0.13000000773481754,-0.12040020895638498,-6.898423825694073
1772911900.5913405,0.13000000773481754,-0.12040020895638498,-6.898423825694073
1772911900.6503422,0.13000000773481754,-0.12040020895638498,-6.898423825694073
1772911900.6933687,0.13000000773481754,-0.12040020895638498,-6.898423825694073
1772911900.727294,0.13000000773481754,-0.12040020895638498,-6.898423825694073
1772911900.7571146,0.13000000773481754,-0.12040020895638498,-6.898423825694073
1772911900.7758589,0.1300000089758652,-0.08751435724789483,-5.0142033171045
1772911900.7944903,0.1300000089758652,-0.08751435724789483,-5.0142033171045
1772911900.8389063,0.1300000089758652,-0.08751435724789483,-5.0142033171045
1772911900.8713775,0.1300000089758652,-0.08751435724789483,-5.0142033171045
1772911900.8911145,0.1300000089758652,-0.08751435724789483,-5.0142033171045
1772911900.9100676,0.1300000089758652,-0.08751435724789483,-5.0142033171045
1772911900.9326596,0.1300000089758652,-0.08751435724789483,-5.0142033171045
1772911900.949659,0.1300000089758652,-0.08751435724789483,-5.0142033171045
1772911900.967991,0.1300000089758652,-0.08751435724789483,-5.0142033171045
1772911900.985871,0.1300000089758652,-0.08751435724789483,-5.0142033171045
1772911901.0168924,0.1300000089758652,-0.08751435724789483,-5.0142033171045
1772911901.036962,0.1300000089758652,-0.08751435724789483,-5.0142033171045
1772911901.051103,0.13000000666770486,-0.054382927529177144,-3.1159122249876687
1772911901.066098,0.13000000666770486,-0.054382927529177144,-3.1159122249876687
1772911901.0850387,0.13000000666770486,-0.054382927529177144,-3.1159122249876687
1772911901.1093364,0.13000000666770486,-0.054382927529177144,-3.1159122249876687
1772911901.1732798,0.13000000666770486,-0.054382927529177144,-3.1159122249876687
1772911901.209471,0.13000000666770486,-0.054382927529177144,-3.1159122249876687
1772911901.253214,0.13000000666770486,-0.054382927529177144,-3.1159122249876687
1772911901.3072803,0.13000000666770486,-0.054382927529177144,-3.1159122249876687
1772911901.329004,0.13000000666770486,-0.054382927529177144,-3.1159122249876687
1772911901.3701727,0.13000000666770486,-0.054382927529177144,-3.1159122249876687
1772911901.4067204,0.13000000666770486,-0.054382927529177144,-3.1159122249876687
1772911901.4341688,0.13000000666770486,-0.054382927529177144,-3.1159122249876687
1772911901.4577963,0.13000000745794557,-0.04998919786820257,-2.8641700590923795
1772911901.480501,0.13000000745794557,-0.04998919786820257,-2.8641700590923795
1772911901.5065765,0.13000000745794557,-0.04998919786820257,-2.8641700590923795
1772911901.5515227,0.13000000745794557,-0.04998919786820257,-2.8641700590923795
1772911901.5871787,0.13000000745794557,-0.04998919786820257,-2.8641700590923795
1772911901.6088974,0.13000000745794557,-0.04998919786820257,-2.8641700590923795
1772911901.636089,0.13000000745794557,-0.04998919786820257,-2.8641700590923795
1772911901.650765,0.13000000745794557,-0.04998919786820257,-2.8641700590923795
1772911901.6672404,0.13000000745794557,-0.04998919786820257,-2.8641700590923795
1772911901.6897762,0.13000000759964617,-0.0533300676963852,-3.0555878001498407
1772911901.7244034,0.13000000759964617,-0.0533300676963852,-3.0555878001498407
1772911901.7481217,0.13000000759964617,-0.0533300676963852,-3.0555878001498407
1772911901.7722106,0.13000000759964617,-0.0533300676963852,-3.0555878001498407
1772911901.7871647,0.13000000759964617,-0.0533300676963852,-3.0555878001498407
1772911901.8056536,0.13000000759964617,-0.0533300676963852,-3.0555878001498407
1772911901.8260336,0.13000000759964617,-0.0533300676963852,-3.0555878001498407
1772911901.84826,0.13000000759964617,-0.0533300676963852,-3.0555878001498407
1772911901.8618202,0.13000000759964617,-0.0533300676963852,-3.0555878001498407
1772911901.884838,0.13000000759964617,-0.0533300676963852,-3.0555878001498407
1772911901.9053998,0.13000000759964617,-0.0533300676963852,-3.0555878001498407
1772911901.929229,0.13000000759964617,-0.0533300676963852,-3.0555878001498407
1772911901.9690845,0.13000000790313812,-0.06493590532882543,-3.7205533142027694
1772911902.0027184,0.13000000790313812,-0.06493590532882543,-3.7205533142027694
1772911902.0188785,0.13000000790313812,-0.06493590532882543,-3.7205533142027694
1772911902.0383687,0.13000000790313812,-0.06493590532882543,-3.7205533142027694
1772911902.0564706,0.13000000790313812,-0.06493590532882543,-3.7205533142027694
1772911902.0887542,0.13000000790313812,-0.06493590532882543,-3.7205533142027694
1772911902.1265202,0.13000000790313812,-0.06493590532882543,-3.7205533142027694
1772911902.1607382,0.13000000790313812,-0.06493590532882543,-3.7205533142027694
1772911902.1875317,0.13000000790313812,-0.06493590532882543,-3.7205533142027694
1772911902.2206998,0.13000000790313812,-0.06493590532882543,-3.7205533142027694
1772911902.2565594,0.13000000790313812,-0.06493590532882543,-3.7205533142027694
1772911902.2822063,0.13000000781272905,-0.06903747071732395,-3.9555557003606707
1772911902.2986257,0.13000000781272905,-0.06903747071732395,-3.9555557003606707
1772911902.325304,0.13000000781272905,-0.06903747071732395,-3.9555557003606707
1772911902.345141,0.13000000781272905,-0.06903747071732395,-3.9555557003606707
1772911902.3675392,0.13000000781272905,-0.06903747071732395,-3.9555557003606707
1772911902.395723,0.13000000781272905,-0.06903747071732395,-3.9555557003606707
1772911902.4268107,0.13000000781272905,-0.06903747071732395,-3.9555557003606707
1772911902.4444306,0.13000000781272905,-0.06903747071732395,-3.9555557003606707
1772911902.4603262,0.13000000781272905,-0.06903747071732395,-3.9555557003606707
1772911902.4936855,0.13000000781272905,-0.06903747071732395,-3.9555557003606707
1772911902.5340278,0.13000000781272905,-0.06903747071732395,-3.9555557003606707
1772911902.5780993,0.13000000781272905,-0.06903747071732395,-3.9555557003606707
1772911902.6054842,0.13000000901961062,-0.06813510552376559,-3.9038539831902708
1772911902.639662,0.13000000901961062,-0.06813510552376559,-3.9038539831902708
1772911902.6656327,0.13000000901961062,-0.06813510552376559,-3.9038539831902708
1772911902.7069376,0.13000000901961062,-0.06813510552376559,-3.9038539831902708
1772911902.7629538,0.13000000901961062,-0.06813510552376559,-3.9038539831902708
1772911902.7884471,0.13000000901961062,-0.06813510552376559,-3.9038539831902708
1772911902.8170354,0.13000000901961062,-0.06813510552376559,-3.9038539831902708
1772911902.8715408,0.13000000901961062,-0.06813510552376559,-3.9038539831902708
1772911902.89034,0.13000000901961062,-0.06813510552376559,-3.9038539831902708
1772911902.9293337,0.13000000629820388,-0.0621300880310394,-3.5597918249548286
1772911902.9580681,0.13000000629820388,-0.0621300880310394,-3.5597918249548286
1772911902.9768066,0.13000000629820388,-0.0621300880310394,-3.5597918249548286
1772911902.9984343,0.13000000629820388,-0.0621300880310394,-3.5597918249548286
1772911903.0278234,0.13000000629820388,-0.0621300880310394,-3.5597918249548286
1772911903.0551596,0.13000000629820388,-0.0621300880310394,-3.5597918249548286
1772911903.0822673,0.13000000629820388,-0.0621300880310394,-3.5597918249548286
1772911903.101208,0.13000000629820388,-0.0621300880310394,-3.5597918249548286
1772911903.1290145,0.13000000629820388,-0.0621300880310394,-3.5597918249548286
1772911903.147417,0.13000000629820388,-0.0621300880310394,-3.5597918249548286
1772911903.1704695,0.13000000629820388,-0.0621300880310394,-3.5597918249548286
1772911903.1868794,0.13000000467106143,-0.046320171987548155,-2.6539503612066113
1772911903.211258,0.13000000467106143,-0.046320171987548155,-2.6539503612066113
1772911903.243819,0.13000000467106143,-0.046320171987548155,-2.6539503612066113
1772911903.2617772,0.13000000467106143,-0.046320171987548155,-2.6539503612066113
1772911903.2754993,0.13000000467106143,-0.046320171987548155,-2.6539503612066113
1772911903.290757,0.13000000467106143,-0.046320171987548155,-2.6539503612066113
1772911903.313449,0.13000000467106143,-0.046320171987548155,-2.6539503612066113
1772911903.3715782,0.13000000467106143,-0.046320171987548155,-2.6539503612066113
1772911903.4112694,0.13000000467106143,-0.046320171987548155,-2.6539503612066113
1772911903.4523826,0.13000000467106143,-0.046320171987548155,-2.6539503612066113
1772911903.5066586,0.13000000228901448,-0.025139943999321585,-1.4404126883563666
1772911903.5356176,0.13000000228901448,-0.025139943999321585,-1.4404126883563666
1772911903.5510356,0.13000000228901448,-0.025139943999321585,-1.4404126883563666
1772911903.5725796,0.13000000228901448,-0.025139943999321585,-1.4404126883563666
1772911903.6035984,0.13000000228901448,-0.025139943999321585,-1.4404126883563666
1772911903.6360326,0.13000000228901448,-0.025139943999321585,-1.4404126883563666
1772911903.691613,0.13000000228901448,-0.025139943999321585,-1.4404126883563666
1772911903.7284744,0.13000000228901448,-0.025139943999321585,-1.4404126883563666
1772911903.7816362,0.13000000228901448,-0.025139943999321585,-1.4404126883563666
1772911903.8116384,0.12999999845886787,-0.0038642103857496413,-0.22140294625407425
1772911903.8473365,0.12999999845886787,-0.0038642103857496413,-0.22140294625407425
1772911903.871734,0.12999999845886787,-0.0038642103857496413,-0.22140294625407425
1772911903.9023895,0.12999999845886787,-0.0038642103857496413,-0.22140294625407425
1772911903.9314816,0.12999999845886787,-0.0038642103857496413,-0.22140294625407425
1772911903.9510424,0.12999999845886787,-0.0038642103857496413,-0.22140294625407425
1772911903.9821289,0.12999999845886787,-0.0038642103857496413,-0.22140294625407425
1772911904.0348685,0.12999999845886787,-0.0038642103857496413,-0.22140294625407425
1772911904.0603104,0.12999999845886787,-0.0038642103857496413,-0.22140294625407425
1772911904.0940332,0.12999999914099014,0.003923694369039133,0.22481112744518883
1772911904.1532142,0.12999999914099014,0.003923694369039133,0.22481112744518883
1772911904.183484,0.12999999914099014,0.003923694369039133,0.22481112744518883
1772911904.2068927,0.12999999914099014,0.003923694369039133,0.22481112744518883
1772911904.2276912,0.12999999914099014,0.003923694369039133,0.22481112744518883
1772911904.2593887,0.12999999914099014,0.003923694369039133,0.22481112744518883
1772911904.2921567,0.12999999914099014,0.003923694369039133,0.22481112744518883
1772911904.3544917,0.12999999914099014,0.003923694369039133,0.22481112744518883
1772911904.3880212,0.12999999914099014,0.003923694369039133,0.22481112744518883
1772911904.4448395,0.12999999914099014,0.003923694369039133,0.22481112744518883
1772911904.48167,0.12999999914099014,0.003923694369039133,0.22481112744518883
1772911904.5200505,0.13000000084648958,-0.004467023942687696,-0.2559416188998939
1772911904.5792449,0.13000000084648958,-0.004467023942687696,-0.2559416188998939
1772911904.6224015,0.13000000084648958,-0.004467023942687696,-0.2559416188998939
1772911904.669795,0.13000000084648958,-0.004467023942687696,-0.2559416188998939
1772911904.6964471,0.13000000148567947,-0.016193255586919884,-0.9278052017071501
1772911904.725891,0.13000000148567947,-0.016193255586919884,-0.9278052017071501
1772911904.753675,0.13000000148567947,-0.016193255586919884,-0.9278052017071501
1772911904.7912548,0.13000000148567947,-0.016193255586919884,-0.9278052017071501
1772911904.824242,0.13000000148567947,-0.016193255586919884,-0.9278052017071501
1772911904.8514676,0.13000000148567947,-0.016193255586919884,-0.9278052017071501
1772911904.8899333,0.13000000148567947,-0.016193255586919884,-0.9278052017071501
1772911904.9267123,0.13000000148567947,-0.016193255586919884,-0.9278052017071501
1772911904.959436,0.13000000148567947,-0.016193255586919884,-0.9278052017071501
1772911904.9798746,0.13000000348801447,-0.04438498124115032,-2.5430720988852435
1772911905.0043943,0.13000000348801447,-0.04438498124115032,-2.5430720988852435
1772911905.0259757,0.13000000348801447,-0.04438498124115032,-2.5430720988852435
1772911905.0545259,0.13000000348801447,-0.04438498124115032,-2.5430720988852435
1772911905.0810232,0.13000000348801447,-0.04438498124115032,-2.5430720988852435
1772911905.1356447,0.13000000348801447,-0.04438498124115032,-2.5430720988852435
1772911905.170174,0.13000000348801447,-0.04438498124115032,-2.5430720988852435
1772911905.210239,0.13000000348801447,-0.04438498124115032,-2.5430720988852435
1772911905.2411323,0.13000000348801447,-0.04438498124115032,-2.5430720988852435
1772911905.2561648,0.13000000490052221,-0.08149096066276769,-4.669088114443203
1772911905.2736182,0.13000000490052221,-0.08149096066276769,-4.669088114443203
1772911905.2906003,0.13000000490052221,-0.08149096066276769,-4.669088114443203
1772911905.3060544,0.13000000490052221,-0.08149096066276769,-4.669088114443203
1772911905.337647,0.13000000490052221,-0.08149096066276769,-4.669088114443203
1772911905.3612242,0.13000000490052221,-0.08149096066276769,-4.669088114443203
1772911905.3902984,0.13000000490052221,-0.08149096066276769,-4.669088114443203
1772911905.4293993,0.13000000490052221,-0.08149096066276769,-4.669088114443203
1772911905.446287,0.13000000490052221,-0.08149096066276769,-4.669088114443203
1772911905.4722679,0.13000000490052221,-0.08149096066276769,-4.669088114443203
1772911905.522568,0.13000000490052221,-0.08149096066276769,-4.669088114443203
1772911905.6047156,0.13000000539644174,-0.10971174494334021,-6.2860199482691455
1772911905.6274264,0.13000000539644174,-0.10971174494334021,-6.2860199482691455
1772911905.6731443,0.13000000539644174,-0.10971174494334021,-6.2860199482691455
1772911905.6878407,0.13000000539644174,-0.10971174494334021,-6.2860199482691455
1772911905.706752,0.13000000539644174,-0.10971174494334021,-6.2860199482691455
1772911905.7240093,0.13000000539644174,-0.10971174494334021,-6.2860199482691455
1772911905.7397625,0.13000000539644174,-0.10971174494334021,-6.2860199482691455
1772911905.7558951,0.13000000539644174,-0.10971174494334021,-6.2860199482691455
1772911905.780064,0.13000000539644174,-0.10971174494334021,-6.2860199482691455
1772911905.8479946,0.13000000539644174,-0.10971174494334021,-6.2860199482691455
1772911905.8817136,0.13000000539644174,-0.10971174494334021,-6.2860199482691455
1772911905.9014516,0.13000000539644174,-0.10971174494334021,-6.2860199482691455
1772911905.918711,0.13000000513218737,-0.12501874937185672,-7.163046699011202
1772911905.936151,0.13000000513218737,-0.12501874937185672,-7.163046699011202
1772911905.9552574,0.13000000513218737,-0.12501874937185672,-7.163046699011202
1772911905.9702618,0.13000000513218737,-0.12501874937185672,-7.163046699011202
1772911905.9934173,0.13000000513218737,-0.12501874937185672,-7.163046699011202
1772911906.0267193,0.13000000513218737,-0.12501874937185672,-7.163046699011202
1772911906.044189,0.13000000513218737,-0.12501874937185672,-7.163046699011202
1772911906.065548,0.13000000513218737,-0.12501874937185672,-7.163046699011202
1772911906.0937152,0.13000000513218737,-0.12501874937185672,-7.163046699011202
1772911906.1132004,0.13000000513218737,-0.12501874937185672,-7.163046699011202
1772911906.1302328,0.13000000513218737,-0.12501874937185672,-7.163046699011202
1772911906.1505973,0.13000000513218737,-0.12501874937185672,-7.163046699011202
1772911906.1768122,0.13000000376840531,-0.1257857436784388,-7.206992235688919
1772911906.19066,0.13000000376840531,-0.1257857436784388,-7.206992235688919
1772911906.2092657,0.13000000376840531,-0.1257857436784388,-7.206992235688919
1772911906.2289639,0.13000000376840531,-0.1257857436784388,-7.206992235688919
1772911906.2478795,0.13000000376840531,-0.1257857436784388,-7.206992235688919
1772911906.262787,0.13000000376840531,-0.1257857436784388,-7.206992235688919
1772911906.2828882,0.13000000376840531,-0.1257857436784388,-7.206992235688919
1772911906.300924,0.13000000376840531,-0.1257857436784388,-7.206992235688919
1772911906.3374422,0.13000000376840531,-0.1257857436784388,-7.206992235688919
1772911906.3571246,0.13000000376840531,-0.1257857436784388,-7.206992235688919
1772911906.3720133,0.13000000376840531,-0.1257857436784388,-7.206992235688919
1772911906.4112477,0.13000000376840531,-0.1257857436784388,-7.206992235688919
1772911906.4361017,0.13000000376840531,-0.1257857436784388,-7.206992235688919
1772911906.4655077,0.13000000376840531,-0.1257857436784388,-7.206992235688919
1772911906.4882445,0.13000000389858707,-0.13038032407322186,-7.470242300943539
1772911906.5296779,0.13000000389858707,-0.13038032407322186,-7.470242300943539
1772911906.5479672,0.13000000389858707,-0.13038032407322186,-7.470242300943539
1772911906.5722246,0.13000000389858707,-0.13038032407322186,-7.470242300943539
1772911906.598954,0.13000000389858707,-0.13038032407322186,-7.470242300943539
1772911906.6379423,0.13000000389858707,-0.13038032407322186,-7.470242300943539
1772911906.670706,0.13000000389858707,-0.13038032407322186,-7.470242300943539
1772911906.705876,0.13000000389858707,-0.13038032407322186,-7.470242300943539
1772911906.7299087,0.13000000389858707,-0.13038032407322186,-7.470242300943539
1772911906.7563274,0.13000000389858707,-0.13038032407322186,-7.470242300943539
1772911906.778498,0.13000000303175227,-0.13001334232164613,-7.449215795419931
1772911906.8060265,0.13000000303175227,-0.13001334232164613,-7.449215795419931
1772911906.8232949,0.13000000303175227,-0.13001334232164613,-7.449215795419931
1772911906.8519442,0.13000000303175227,-0.13001334232164613,-7.449215795419931
1772911906.869513,0.13000000303175227,-0.13001334232164613,-7.449215795419931
1772911906.8854542,0.13000000303175227,-0.13001334232164613,-7.449215795419931
1772911906.9040837,0.13000000303175227,-0.13001334232164613,-7.449215795419931
1772911906.9323132,0.13000000303175227,-0.13001334232164613,-7.449215795419931
1772911906.9575074,0.13000000303175227,-0.13001334232164613,-7.449215795419931
1772911907.0000067,0.13000000303175227,-0.13001334232164613,-7.449215795419931
1772911907.0494843,0.13000000303175227,-0.13001334232164613,-7.449215795419931
1772911907.0852213,0.13000000361423605,-0.13705854773721443,-7.8528763315347065
1772911907.1208966,0.13000000361423605,-0.13705854773721443,-7.8528763315347065
1772911907.1719987,0.13000000361423605,-0.13705854773721443,-7.8528763315347065
1772911907.192294,0.13000000361423605,-0.13705854773721443,-7.8528763315347065
1772911907.2139046,0.13000000361423605,-0.13705854773721443,-7.8528763315347065
1772911907.2294528,0.13000000361423605,-0.13705854773721443,-7.8528763315347065
1772911907.255923,0.13000000361423605,-0.13705854773721443,-7.8528763315347065
1772911907.290523,0.13000000361423605,-0.13705854773721443,-7.8528763315347065
1772911907.3414109,0.13000000361423605,-0.13705854773721443,-7.8528763315347065
1772911907.372524,0.13000000361423605,-0.13705854773721443,-7.8528763315347065
1772911907.4031565,0.13000000293715305,-0.14533618092709744,-8.327149777672416
1772911907.4387763,0.13000000293715305,-0.14533618092709744,-8.327149777672416
1772911907.4605818,0.13000000293715305,-0.14533618092709744,-8.327149777672416
1772911907.4761593,0.13000000293715305,-0.14533618092709744,-8.327149777672416
1772911907.503,0.13000000293715305,-0.14533618092709744,-8.327149777672416
1772911907.5377843,0.13000000293715305,-0.14533618092709744,-8.327149777672416
1772911907.5650613,0.13000000293715305,-0.14533618092709744,-8.327149777672416
1772911907.6208901,0.13000000293715305,-0.14533618092709744,-8.327149777672416
1772911907.669674,0.13000000293715305,-0.14533618092709744,-8.327149777672416
1772911907.7052824,0.13000000293715305,-0.14533618092709744,-8.327149777672416
1772911907.7407243,0.13000000297466513,-0.15123672494780913,-8.665226046890348
1772911907.7599165,0.13000000297466513,-0.15123672494780913,-8.665226046890348
1772911907.7898395,0.13000000297466513,-0.15123672494780913,-8.665226046890348
1772911907.8263671,0.13000000297466513,-0.15123672494780913,-8.665226046890348
1772911907.8598874,0.13000000297466513,-0.15123672494780913,-8.665226046890348
1772911907.8904397,0.13000000297466513,-0.15123672494780913,-8.665226046890348
1772911907.9081018,0.13000000297466513,-0.15123672494780913,-8.665226046890348
1772911907.924233,0.13000000297466513,-0.15123672494780913,-8.665226046890348
1772911907.9450407,0.1300000019495731,-0.15300342668247421,-8.7664505999451
1772911907.9651086,0.1300000019495731,-0.15300342668247421,-8.7664505999451
1772911907.992619,0.1300000019495731,-0.15300342668247421,-8.7664505999451
1772911908.0296903,0.1300000019495731,-0.15300342668247421,-8.7664505999451
1772911908.0459929,0.1300000019495731,-0.15300342668247421,-8.7664505999451
1772911908.06422,0.1300000019495731,-0.15300342668247421,-8.7664505999451
1772911908.0812988,0.1300000019495731,-0.15300342668247421,-8.7664505999451
1772911908.1049826,0.1300000019495731,-0.15300342668247421,-8.7664505999451
1772911908.1390572,0.1300000019495731,-0.15300342668247421,-8.7664505999451
1772911908.155752,0.1300000019495731,-0.15300342668247421,-8.7664505999451
1772911908.1858914,0.1300000019495731,-0.15300342668247421,-8.7664505999451
1772911908.2154026,0.1300000019495731,-0.15300342668247421,-8.7664505999451
1772911908.2622097,0.1300000019495731,-0.15300342668247421,-8.7664505999451
1772911908.2778711,0.13000000142261914,-0.15380670275235606,-8.812474928533184
1772911908.295538,0.13000000142261914,-0.15380670275235606,-8.812474928533184
1772911908.3223407,0.13000000142261914,-0.15380670275235606,-8.812474928533184
1772911908.3626308,0.13000000142261914,-0.15380670275235606,-8.812474928533184
1772911908.3788311,0.13000000142261914,-0.15380670275235606,-8.812474928533184
1772911908.4023087,0.13000000142261914,-0.15380670275235606,-8.812474928533184
1772911908.431611,0.13000000142261914,-0.15380670275235606,-8.812474928533184
1772911908.4560578,0.13000000142261914,-0.15380670275235606,-8.812474928533184
1772911908.4825356,0.13000000142261914,-0.15380670275235606,-8.812474928533184
1772911908.5115604,0.13000000142261914,-0.15380670275235606,-8.812474928533184
1772911908.5352023,0.129999999973411,-0.14502791081751787,-8.30948720144347
1772911908.5498333,0.129999999973411,-0.14502791081751787,-8.30948720144347
1772911908.5637603,0.129999999973411,-0.14502791081751787,-8.30948720144347
1772911908.5783417,0.129999999973411,-0.14502791081751787,-8.30948720144347
1772911908.6385565,0.129999999973411,-0.14502791081751787,-8.30948720144347
1772911908.6794298,0.129999999973411,-0.14502791081751787,-8.30948720144347
1772911908.7021675,0.129999999973411,-0.14502791081751787,-8.30948720144347
1772911908.7234018,0.129999999973411,-0.14502791081751787,-8.30948720144347
1772911908.7643156,0.129999999973411,-0.14502791081751787,-8.30948720144347
1772911908.826215,0.129999999973411,-0.14502791081751787,-8.30948720144347
1772911908.8813329,0.129999999973411,-0.14502791081751787,-8.30948720144347
1772911908.9046242,0.129999999973411,-0.14502791081751787,-8.30948720144347
1772911908.9371226,0.13000000666042374,-0.14419486359933875,-8.261757111706693
1772911908.9683127,0.13000000666042374,-0.14419486359933875,-8.261757111706693
1772911908.9889128,0.13000000666042374,-0.14419486359933875,-8.261757111706693
1772911909.006435,0.13000000666042374,-0.14419486359933875,-8.261757111706693
1772911909.031746,0.13000000666042374,-0.14419486359933875,-8.261757111706693
1772911909.0468025,0.13000000666042374,-0.14419486359933875,-8.261757111706693
1772911909.07356,0.13000000666042374,-0.14419486359933875,-8.261757111706693
1772911909.1284997,0.13000000666042374,-0.14419486359933875,-8.261757111706693
1772911909.1677454,0.13000000666042374,-0.14419486359933875,-8.261757111706693
1772911909.186436,0.13000000666042374,-0.14419486359933875,-8.261757111706693
1772911909.2132869,0.13000000249895113,-0.15511332483143214,-8.887338859082854
1772911909.243656,0.13000000249895113,-0.15511332483143214,-8.887338859082854
1772911909.2696588,0.13000000249895113,-0.15511332483143214,-8.887338859082854
1772911909.286308,0.13000000249895113,-0.15511332483143214,-8.887338859082854
1772911909.299645,0.13000000249895113,-0.15511332483143214,-8.887338859082854
1772911909.3297353,0.13000000249895113,-0.15511332483143214,-8.887338859082854
1772911909.343322,0.13000000249895113,-0.15511332483143214,-8.887338859082854
1772911909.3633418,0.13000000249895113,-0.15511332483143214,-8.887338859082854
1772911909.3901176,0.13000000249895113,-0.15511332483143214,-8.887338859082854
1772911909.4171,0.13000000249895113,-0.15511332483143214,-8.887338859082854
1772911909.4428947,0.13000000249895113,-0.15511332483143214,-8.887338859082854
1772911909.478374,0.1300000053432744,-0.18640087785545334,-10.679983598651045
1772911909.495495,0.1300000053432744,-0.18640087785545334,-10.679983598651045
1772911909.5381982,0.1300000053432744,-0.18640087785545334,-10.679983598651045
1772911909.5612664,0.1300000053432744,-0.18640087785545334,-10.679983598651045
1772911909.5780206,0.1300000053432744,-0.18640087785545334,-10.679983598651045
1772911909.5946915,0.1300000053432744,-0.18640087785545334,-10.679983598651045
1772911909.6170247,0.1300000053432744,-0.18640087785545334,-10.679983598651045
1772911909.6424005,0.1300000053432744,-0.18640087785545334,-10.679983598651045
1772911909.6635969,0.1300000053432744,-0.18640087785545334,-10.679983598651045
1772911909.6855936,0.1300000053432744,-0.18640087785545334,-10.679983598651045
1772911909.7136497,0.1300000053432744,-0.18640087785545334,-10.679983598651045
1772911909.743023,0.13000000624974667,-0.21595813160465005,-12.373489492477244
1772911909.765344,0.13000000624974667,-0.21595813160465005,-12.373489492477244
1772911909.794713,0.13000000624974667,-0.21595813160465005,-12.373489492477244
1772911909.8165095,0.13000000624974667,-0.21595813160465005,-12.373489492477244
1772911909.8480725,0.13000000624974667,-0.21595813160465005,-12.373489492477244
1772911909.8734148,0.13000000624974667,-0.21595813160465005,-12.373489492477244
1772911909.8949945,0.13000000624974667,-0.21595813160465005,-12.373489492477244
1772911909.9227946,0.13000000624974667,-0.21595813160465005,-12.373489492477244
1772911909.9450684,0.13000000624974667,-0.21595813160465005,-12.373489492477244
1772911909.961727,0.13000000624974667,-0.21595813160465005,-12.373489492477244
1772911909.9853954,0.13000000624974667,-0.21595813160465005,-12.373489492477244
1772911910.0161886,0.13000000624974667,-0.21595813160465005,-12.373489492477244
1772911910.039905,0.13000000664564895,-0.2392036460190795,-13.705359361034573
1772911910.0544212,0.13000000664564895,-0.2392036460190795,-13.705359361034573
1772911910.068984,0.13000000664564895,-0.2392036460190795,-13.705359361034573
1772911910.090192,0.13000000664564895,-0.2392036460190795,-13.705359361034573
1772911910.1454802,0.13000000664564895,-0.2392036460190795,-13.705359361034573
1772911910.1799989,0.13000000664564895,-0.2392036460190795,-13.705359361034573
1772911910.2005343,0.13000000664564895,-0.2392036460190795,-13.705359361034573
1772911910.2357368,0.13000000664564895,-0.2392036460190795,-13.705359361034573
1772911910.2509136,0.13000000664564895,-0.2392036460190795,-13.705359361034573
1772911910.295637,0.13000000664564895,-0.2392036460190795,-13.705359361034573
1772911910.333059,0.13000000664564895,-0.2392036460190795,-13.705359361034573
1772911910.356637,0.13000000664564895,-0.2392036460190795,-13.705359361034573
1772911910.3729875,0.13000000747084958,-0.2617042947697672,-14.994551570755286
1772911910.3862467,0.13000000747084958,-0.2617042947697672,-14.994551570755286
1772911910.4058096,0.13000000747084958,-0.2617042947697672,-14.994551570755286
1772911910.4451656,0.13000000747084958,-0.2617042947697672,-14.994551570755286
1772911910.477525,0.13000000747084958,-0.2617042947697672,-14.994551570755286
1772911910.5016901,0.13000000747084958,-0.2617042947697672,-14.994551570755286
1772911910.530361,0.13000000747084958,-0.2617042947697672,-14.994551570755286
1772911910.5457146,0.13000000747084958,-0.2617042947697672,-14.994551570755286
1772911910.5626252,0.13000000747084958,-0.2617042947697672,-14.994551570755286
1772911910.6131053,0.13000000747084958,-0.2617042947697672,-14.994551570755286
1772911910.6638846,0.13000000747084958,-0.2617042947697672,-14.994551570755286
1772911910.687868,0.13000000855749685,-0.30407541124204357,-17.422237717873962
1772911910.7170286,0.13000000855749685,-0.30407541124204357,-17.422237717873962
1772911910.7613466,0.13000000855749685,-0.30407541124204357,-17.422237717873962
1772911910.776668,0.13000000855749685,-0.30407541124204357,-17.422237717873962
1772911910.7926536,0.13000000855749685,-0.30407541124204357,-17.422237717873962
1772911910.8093908,0.13000000855749685,-0.30407541124204357,-17.422237717873962
1772911910.8247254,0.13000000855749685,-0.30407541124204357,-17.422237717873962
1772911910.8416374,0.13000000855749685,-0.30407541124204357,-17.422237717873962
1772911910.8627245,0.13000000855749685,-0.30407541124204357,-17.422237717873962
1772911910.8983226,0.13000000855749685,-0.30407541124204357,-17.422237717873962
1772911910.9412382,0.13000000855749685,-0.30407541124204357,-17.422237717873962
1772911911.0022402,0.13000000855749685,-0.30407541124204357,-17.422237717873962
1772911911.0354586,0.13000000966302558,-0.2621841322077371,-15.022044230803331
1772911911.0708435,0.13000000966302558,-0.2621841322077371,-15.022044230803331
1772911911.0911672,0.13000000966302558,-0.2621841322077371,-15.022044230803331
1772911911.1069398,0.13000000966302558,-0.2621841322077371,-15.022044230803331
1772911911.1270063,0.13000000966302558,-0.2621841322077371,-15.022044230803331
1772911911.1576803,0.13000000966302558,-0.2621841322077371,-15.022044230803331
1772911911.1841075,0.13000000966302558,-0.2621841322077371,-15.022044230803331
1772911911.210842,0.13000000966302558,-0.2621841322077371,-15.022044230803331
1772911911.2394927,0.13000000966302558,-0.2621841322077371,-15.022044230803331
1772911911.2597,0.13000000966302558,-0.2621841322077371,-15.022044230803331
1772911911.294539,0.1300000095262172,-0.2748056664013108,-15.74520487107516
1772911911.3334143,0.1300000095262172,-0.2748056664013108,-15.74520487107516
1772911911.3639467,0.1300000095262172,-0.2748056664013108,-15.74520487107516
1772911911.3809578,0.1300000095262172,-0.2748056664013108,-15.74520487107516
1772911911.3985891,0.1300000095262172,-0.2748056664013108,-15.74520487107516
1772911911.4187832,0.1300000095262172,-0.2748056664013108,-15.74520487107516
1772911911.4410636,0.1300000095262172,-0.2748056664013108,-15.74520487107516
1772911911.4868388,0.1300000095262172,-0.2748056664013108,-15.74520487107516
1772911911.519407,0.1300000095262172,-0.2748056664013108,-15.74520487107516
1772911911.5442154,0.1300000095262172,-0.2748056664013108,-15.74520487107516
1772911911.5813806,0.1300000095262172,-0.2748056664013108,-15.74520487107516
1772911911.621555,0.13000000822720736,-0.2511492240016021,-14.389790563277517
1772911911.6406283,0.13000000822720736,-0.2511492240016021,-14.389790563277517
1772911911.6679788,0.13000000822720736,-0.2511492240016021,-14.389790563277517
1772911911.6847777,0.13000000822720736,-0.2511492240016021,-14.389790563277517
1772911911.7487462,0.13000000822720736,-0.2511492240016021,-14.389790563277517
1772911911.845794,0.13000000822720736,-0.2511492240016021,-14.389790563277517
1772911911.8977065,0.13000000822720736,-0.2511492240016021,-14.389790563277517
1772911911.9249554,0.13000000822720736,-0.2511492240016021,-14.389790563277517
1772911911.9879227,0.13000000822720736,-0.2511492240016021,-14.389790563277517
1772911912.1013973,0.13000000822720736,-0.2511492240016021,-14.389790563277517
1772911912.1398237,0.13000000822720736,-0.2511492240016021,-14.389790563277517
1772911912.1864872,0.13000000816291143,-0.2172104476076287,-12.445241914064614
1772911912.2402287,0.13000000816291143,-0.2172104476076287,-12.445241914064614
1772911912.2781937,0.13000000816291143,-0.2172104476076287,-12.445241914064614
1772911912.3528018,0.13000000816291143,-0.2172104476076287,-12.445241914064614
1772911912.3839946,0.1300000080443493,-0.16010126314509857,-9.173126672927541
1772911912.4162197,0.1300000080443493,-0.16010126314509857,-9.173126672927541
1772911912.4789133,0.1300000080443493,-0.16010126314509857,-9.173126672927541
1772911912.5169687,0.1300000080443493,-0.16010126314509857,-9.173126672927541
1772911912.5601153,0.1300000083089216,-0.11695523402596177,-6.701041301652449
1772911912.5871718,0.1300000083089216,-0.11695523402596177,-6.701041301652449
1772911912.6376472,0.1300000083089216,-0.11695523402596177,-6.701041301652449
1772911912.6659803,0.1300000083089216,-0.11695523402596177,-6.701041301652449
1772911912.760165,0.1300000083089216,-0.11695523402596177,-6.701041301652449
1772911912.7953722,0.1300000083089216,-0.11695523402596177,-6.701041301652449
1772911912.8401406,0.13000000865222994,-0.0866560484779197,-4.96502584706586
1772911912.857647,0.13000000865222994,-0.0866560484779197,-4.96502584706586
1772911912.877467,0.13000000865222994,-0.0866560484779197,-4.96502584706586
1772911912.9041817,0.13000000865222994,-0.0866560484779197,-4.96502584706586
1772911912.9422588,0.13000000865222994,-0.0866560484779197,-4.96502584706586
1772911912.9707453,0.13000000865222994,-0.0866560484779197,-4.96502584706586
1772911913.0004282,0.13000000865222994,-0.0866560484779197,-4.96502584706586
1772911913.0365722,0.13000000865222994,-0.0866560484779197,-4.96502584706586
1772911913.081651,0.13000000865222994,-0.0866560484779197,-4.96502584706586
1772911913.1084707,0.13000000944987605,-0.048163464944141955,-2.759563268025627
1772911913.1473033,0.13000000944987605,-0.048163464944141955,-2.759563268025627
1772911913.175644,0.13000000944987605,-0.048163464944141955,-2.759563268025627
1772911913.203074,0.13000000944987605,-0.048163464944141955,-2.759563268025627
1772911913.2306883,0.13000000944987605,-0.048163464944141955,-2.759563268025627
1772911913.259181,0.13000000944987605,-0.048163464944141955,-2.759563268025627
1772911913.2832792,0.13000000944987605,-0.048163464944141955,-2.759563268025627
1772911913.3172295,0.13000000944987605,-0.048163464944141955,-2.759563268025627
1772911913.3523657,0.13000000809673365,-0.007505585780860377,-0.4300383880167019
1772911913.3658407,0.13000000809673365,-0.007505585780860377,-0.4300383880167019
1772911913.3913774,0.13000000809673365,-0.007505585780860377,-0.4300383880167019
1772911913.4375222,0.13000000809673365,-0.007505585780860377,-0.4300383880167019
1772911913.4769757,0.13000000809673365,-0.007505585780860377,-0.4300383880167019
1772911913.4920888,0.13000000809673365,-0.007505585780860377,-0.4300383880167019
1772911913.5126562,0.13000000809673365,-0.007505585780860377,-0.4300383880167019
1772911913.5432334,0.13000000809673365,-0.007505585780860377,-0.4300383880167019
1772911913.5659227,0.13000000809673365,-0.007505585780860377,-0.4300383880167019
1772911913.6074753,0.13000000809673365,-0.007505585780860377,-0.4300383880167019
1772911913.6390567,0.13000000809673365,-0.007505585780860377,-0.4300383880167019
1772911913.684209,0.13000000781632925,0.029040928675073862,1.663922646222182
1772911913.7237153,0.13000000781632925,0.029040928675073862,1.663922646222182
1772911913.7757835,0.13000000781632925,0.029040928675073862,1.663922646222182
1772911913.7994156,0.13000000781632925,0.029040928675073862,1.663922646222182
1772911913.8413079,0.13000000781632925,0.029040928675073862,1.663922646222182
1772911913.8604937,0.13000000781632925,0.029040928675073862,1.663922646222182
1772911913.902683,0.13000000781632925,0.029040928675073862,1.663922646222182
1772911913.9651551,0.13000000781632925,0.029040928675073862,1.663922646222182
1772911914.014271,0.13000000781632925,0.029040928675073862,1.663922646222182
1772911914.057582,0.13000000724785105,0.05611974142612082,3.2154243310822106
1772911914.0970452,0.13000000724785105,0.05611974142612082,3.2154243310822106
1772911914.1433387,0.13000000724785105,0.05611974142612082,3.2154243310822106
1772911914.1676877,0.13000000724785105,0.05611974142612082,3.2154243310822106
1772911914.1848345,0.13000000724785105,0.05611974142612082,3.2154243310822106
1772911914.2383614,0.13000000724785105,0.05611974142612082,3.2154243310822106
1772911914.2659745,0.13000000724785105,0.05611974142612082,3.2154243310822106
1772911914.2894323,0.13000000684861598,0.07113838159293992,4.075929026666599
1772911914.3086607,0.13000000684861598,0.07113838159293992,4.075929026666599
1772911914.330608,0.13000000684861598,0.07113838159293992,4.075929026666599
1772911914.3600652,0.13000000684861598,0.07113838159293992,4.075929026666599
1772911914.3833938,0.13000000684861598,0.07113838159293992,4.075929026666599
1772911914.4128916,0.13000000684861598,0.07113838159293992,4.075929026666599
1772911914.464815,0.13000000684861598,0.07113838159293992,4.075929026666599
1772911914.5049565,0.13000000684861598,0.07113838159293992,4.075929026666599
1772911914.5313902,0.13000000684861598,0.07113838159293992,4.075929026666599
1772911914.5635226,0.13000000684861598,0.07113838159293992,4.075929026666599
1772911914.5771642,0.13000000684861598,0.07113838159293992,4.075929026666599
1772911914.6007528,0.13000000570471468,0.07352827433504451,4.21285979427814
1772911914.6314054,0.13000000570471468,0.07352827433504451,4.21285979427814
1772911914.6689155,0.13000000570471468,0.07352827433504451,4.21285979427814
1772911914.6936224,0.13000000570471468,0.07352827433504451,4.21285979427814
1772911914.7187114,0.13000000570471468,0.07352827433504451,4.21285979427814
1772911914.7424288,0.13000000570471468,0.07352827433504451,4.21285979427814
1772911914.761749,0.13000000570471468,0.07352827433504451,4.21285979427814
1772911914.7860024,0.13000000570471468,0.07352827433504451,4.21285979427814
1772911914.8329952,0.13000000570471468,0.07352827433504451,4.21285979427814
1772911914.8541849,0.13000000570471468,0.07352827433504451,4.21285979427814
1772911914.874459,0.13000000709498324,0.0659931394690381,3.781128368394098
1772911914.9228454,0.13000000709498324,0.0659931394690381,3.781128368394098
1772911914.9420145,0.13000000709498324,0.0659931394690381,3.781128368394098
1772911914.9668674,0.13000000709498324,0.0659931394690381,3.781128368394098
1772911914.9939861,0.13000000709498324,0.0659931394690381,3.781128368394098
1772911915.0421574,0.13000000709498324,0.0659931394690381,3.781128368394098
1772911915.063356,0.13000000709498324,0.0659931394690381,3.781128368394098
1772911915.0878046,0.13000000709498324,0.0659931394690381,3.781128368394098
1772911915.1160893,0.13000000709498324,0.0659931394690381,3.781128368394098
1772911915.1367671,0.13000000709498324,0.0659931394690381,3.781128368394098
1772911915.1654994,0.12780225625331793,0.04944511500512034,2.8329964073323732
1772911915.1870317,0.12780225625331793,0.04944511500512034,2.8329964073323732
1772911915.2069168,0.12780225625331793,0.04944511500512034,2.8329964073323732
1772911915.239989,0.12780225625331793,0.04944511500512034,2.8329964073323732
1772911915.2683005,0.12780225625331793,0.04944511500512034,2.8329964073323732
1772911915.2989264,0.12780225625331793,0.04944511500512034,2.8329964073323732
1772911915.3177598,0.12780225625331793,0.04944511500512034,2.8329964073323732
1772911915.340149,0.12780225625331793,0.04944511500512034,2.8329964073323732
1772911915.3555162,0.12780225625331793,0.04944511500512034,2.8329964073323732
1772911915.3724017,0.12780225625331793,0.04944511500512034,2.8329964073323732
1772911915.4002187,0.12780225625331793,0.04944511500512034,2.8329964073323732
1772911915.4730527,0.12780225625331793,0.04944511500512034,2.8329964073323732
1772911915.5068011,0.12120227347765428,0.025250739031580625,1.4467607760958252
1772911915.549928,0.12120227347765428,0.025250739031580625,1.4467607760958252
1772911915.5765543,0.12120227347765428,0.025250739031580625,1.4467607760958252
1772911915.5943213,0.12120227347765428,0.025250739031580625,1.4467607760958252
1772911915.6220188,0.12120227347765428,0.025250739031580625,1.4467607760958252
1772911915.6353712,0.12120227347765428,0.025250739031580625,1.4467607760958252
1772911915.663507,0.12120227347765428,0.025250739031580625,1.4467607760958252
1772911915.6822972,0.12120227347765428,0.025250739031580625,1.4467607760958252
1772911915.7059891,0.12120227347765428,0.025250739031580625,1.4467607760958252
1772911915.7268915,0.12120227347765428,0.025250739031580625,1.4467607760958252
1772911915.7503657,0.11629962127249906,-0.009520296363053769,-0.5454728013167283
1772911915.775128,0.11629962127249906,-0.009520296363053769,-0.5454728013167283
1772911915.8042116,0.11629962127249906,-0.009520296363053769,-0.5454728013167283
1772911915.8484316,0.11629962127249906,-0.009520296363053769,-0.5454728013167283
1772911915.8688612,0.11629962127249906,-0.009520296363053769,-0.5454728013167283
1772911915.886844,0.11629962127249906,-0.009520296363053769,-0.5454728013167283
1772911915.9178092,0.11629962127249906,-0.009520296363053769,-0.5454728013167283
1772911915.9355497,0.11629962127249906,-0.009520296363053769,-0.5454728013167283
1772911915.9543483,0.11629962127249906,-0.009520296363053769,-0.5454728013167283
1772911915.9737594,0.11629962127249906,-0.009520296363053769,-0.5454728013167283
1772911916.0140038,0.11629962127249906,-0.009520296363053769,-0.5454728013167283
1772911916.044782,0.11097645170916576,-0.0355041246531008,-2.034236497929054
1772911916.0796611,0.11097645170916576,-0.0355041246531008,-2.034236497929054
1772911916.0969772,0.11097645170916576,-0.0355041246531008,-2.034236497929054
1772911916.1329129,0.11097645170916576,-0.0355041246531008,-2.034236497929054
1772911916.1662283,0.11097645170916576,-0.0355041246531008,-2.034236497929054
1772911916.188186,0.11097645170916576,-0.0355041246531008,-2.034236497929054
1772911916.2207584,0.11097645170916576,-0.0355041246531008,-2.034236497929054
1772911916.2357035,0.11097645170916576,-0.0355041246531008,-2.034236497929054
1772911916.258977,0.11097645170916576,-0.0355041246531008,-2.034236497929054
1772911916.2728229,0.11097645170916576,-0.0355041246531008,-2.034236497929054
1772911916.3078237,0.11097645170916576,-0.0355041246531008,-2.034236497929054
1772911916.3339715,0.10847760058617652,-0.06327093682063638,-3.6251576456613437
1772911916.3576427,0.10847760058617652,-0.06327093682063638,-3.6251576456613437
1772911916.3731709,0.10847760058617652,-0.06327093682063638,-3.6251576456613437
1772911916.389261,0.10847760058617652,-0.06327093682063638,-3.6251576456613437
1772911916.4104807,0.10847760058617652,-0.06327093682063638,-3.6251576456613437
1772911916.4524684,0.10847760058617652,-0.06327093682063638,-3.6251576456613437
1772911916.480175,0.10847760058617652,-0.06327093682063638,-3.6251576456613437
1772911916.5270128,0.10847760058617652,-0.06327093682063638,-3.6251576456613437
1772911916.570122,0.10847760058617652,-0.06327093682063638,-3.6251576456613437
1772911916.6023583,0.10847760058617652,-0.06327093682063638,-3.6251576456613437
1772911916.6336858,0.10847760058617652,-0.06327093682063638,-3.6251576456613437
1772911916.650344,0.10847760058617652,-0.06327093682063638,-3.6251576456613437
1772911916.66338,0.11137191540510752,-0.10489034434420284,-6.009774042596727
1772911916.6826298,0.11137191540510752,-0.10489034434420284,-6.009774042596727
1772911916.7097309,0.11137191540510752,-0.10489034434420284,-6.009774042596727
1772911916.7547843,0.11137191540510752,-0.10489034434420284,-6.009774042596727
1772911916.7737758,0.11137191540510752,-0.10489034434420284,-6.009774042596727
1772911916.797002,0.11137191540510752,-0.10489034434420284,-6.009774042596727
1772911916.8535547,0.11137191540510752,-0.10489034434420284,-6.009774042596727
1772911916.8881333,0.11137191540510752,-0.10489034434420284,-6.009774042596727
1772911916.9203467,0.11137191540510752,-0.10489034434420284,-6.009774042596727
1772911916.947339,0.11137191540510752,-0.10489034434420284,-6.009774042596727
1772911916.9625628,0.1116828196304654,-0.13829009296678244,-7.9234386754684225
1772911917.0091178,0.1116828196304654,-0.13829009296678244,-7.9234386754684225
1772911917.0379024,0.1116828196304654,-0.13829009296678244,-7.9234386754684225
1772911917.0620635,0.1116828196304654,-0.13829009296678244,-7.9234386754684225
1772911917.0827105,0.1116828196304654,-0.13829009296678244,-7.9234386754684225
1772911917.099814,0.1116828196304654,-0.13829009296678244,-7.9234386754684225
1772911917.1351914,0.1116828196304654,-0.13829009296678244,-7.9234386754684225
1772911917.1562638,0.1116828196304654,-0.13829009296678244,-7.9234386754684225
1772911917.18698,0.1116828196304654,-0.13829009296678244,-7.9234386754684225
1772911917.213444,0.1116828196304654,-0.13829009296678244,-7.9234386754684225
1772911917.2382066,0.1116828196304654,-0.13829009296678244,-7.9234386754684225
1772911917.2631571,0.11402292636873387,-0.17182984327510784,-9.845124814058071
1772911917.2880933,0.11402292636873387,-0.17182984327510784,-9.845124814058071
1772911917.3207836,0.11402292636873387,-0.17182984327510784,-9.845124814058071
1772911917.3436642,0.11402292636873387,-0.17182984327510784,-9.845124814058071
1772911917.3792017,0.11402292636873387,-0.17182984327510784,-9.845124814058071
1772911917.4076934,0.11402292636873387,-0.17182984327510784,-9.845124814058071
1772911917.4276133,0.11402292636873387,-0.17182984327510784,-9.845124814058071
1772911917.454093,0.11402292636873387,-0.17182984327510784,-9.845124814058071
1772911917.469705,0.11402292636873387,-0.17182984327510784,-9.845124814058071
1772911917.515502,0.11402292636873387,-0.17182984327510784,-9.845124814058071
1772911917.5421169,0.11402292636873387,-0.17182984327510784,-9.845124814058071
1772911917.569735,0.11642328209942628,-0.21022122420958275,-12.044788911282497
1772911917.5875127,0.11642328209942628,-0.21022122420958275,-12.044788911282497
1772911917.6131256,0.11642328209942628,-0.21022122420958275,-12.044788911282497
1772911917.646097,0.11642328209942628,-0.21022122420958275,-12.044788911282497
1772911917.6630085,0.11642328209942628,-0.21022122420958275,-12.044788911282497
1772911917.681284,0.11642328209942628,-0.21022122420958275,-12.044788911282497
1772911917.6987374,0.11642328209942628,-0.21022122420958275,-12.044788911282497
1772911917.7156518,0.11642328209942628,-0.21022122420958275,-12.044788911282497
1772911917.7459958,0.11642328209942628,-0.21022122420958275,-12.044788911282497
1772911917.7645717,0.11642328209942628,-0.21022122420958275,-12.044788911282497
1772911917.8228016,0.11642328209942628,-0.21022122420958275,-12.044788911282497
1772911917.8577046,0.11642328209942628,-0.21022122420958275,-12.044788911282497
1772911917.8739738,0.11593039548198643,-0.23792896023279309,-13.632325245275045
1772911917.8954606,0.11593039548198643,-0.23792896023279309,-13.632325245275045
1772911917.9558241,0.11593039548198643,-0.23792896023279309,-13.632325245275045
1772911917.9998806,0.11593039548198643,-0.23792896023279309,-13.632325245275045
1772911918.0277736,0.11593039548198643,-0.23792896023279309,-13.632325245275045
1772911918.0547512,0.11593039548198643,-0.23792896023279309,-13.632325245275045
1772911918.0710766,0.11593039548198643,-0.23792896023279309,-13.632325245275045
1772911918.128028,0.11593039548198643,-0.23792896023279309,-13.632325245275045
1772911918.1807442,0.1176358753968871,-0.26867577621939376,-15.393988034772631
1772911918.1985302,0.1176358753968871,-0.26867577621939376,-15.393988034772631
1772911918.2225375,0.1176358753968871,-0.26867577621939376,-15.393988034772631
1772911918.2412798,0.1176358753968871,-0.26867577621939376,-15.393988034772631
1772911918.2625468,0.1176358753968871,-0.26867577621939376,-15.393988034772631
1772911918.2766821,0.1176358753968871,-0.26867577621939376,-15.393988034772631
1772911918.299308,0.1176358753968871,-0.26867577621939376,-15.393988034772631
1772911918.3328242,0.1176358753968871,-0.26867577621939376,-15.393988034772631
1772911918.3606825,0.1176358753968871,-0.26867577621939376,-15.393988034772631
1772911918.3776014,0.1176358753968871,-0.26867577621939376,-15.393988034772631
1772911918.41369,0.1176358753968871,-0.26867577621939376,-15.393988034772631
1772911918.4631393,0.1176358753968871,-0.26867577621939376,-15.393988034772631
1772911918.4806592,0.1176358753968871,-0.26867577621939376,-15.393988034772631
1772911918.5590272,0.12322586752811343,-0.3074838187916049,-17.617525085324356
1772911918.580891,0.12322586752811343,-0.3074838187916049,-17.617525085324356
1772911918.5947616,0.12322586752811343,-0.3074838187916049,-17.617525085324356
1772911918.6300354,0.12322586752811343,-0.3074838187916049,-17.617525085324356
1772911918.6574185,0.12322586752811343,-0.3074838187916049,-17.617525085324356
1772911918.697612,0.12322586752811343,-0.3074838187916049,-17.617525085324356
1772911918.7454226,0.12322586752811343,-0.3074838187916049,-17.617525085324356
1772911918.7728138,0.12322586752811343,-0.3074838187916049,-17.617525085324356
1772911918.7993777,0.12580410950489146,-0.33467392115316674,-19.17540319517054
1772911918.8163664,0.12580410950489146,-0.33467392115316674,-19.17540319517054
1772911918.8739614,0.12580410950489146,-0.33467392115316674,-19.17540319517054
1772911918.8963113,0.12580410950489146,-0.33467392115316674,-19.17540319517054
1772911918.914038,0.12580410950489146,-0.33467392115316674,-19.17540319517054
1772911918.9500723,0.12580410950489146,-0.33467392115316674,-19.17540319517054
1772911918.988725,0.12580410950489146,-0.33467392115316674,-19.17540319517054
1772911919.0119095,0.12580410950489146,-0.33467392115316674,-19.17540319517054
1772911919.0591104,0.11524216536396634,-0.3135663072702342,-17.96602600408676
1772911919.0734456,0.11524216536396634,-0.3135663072702342,-17.96602600408676
1772911919.0894685,0.11524216536396634,-0.3135663072702342,-17.96602600408676
1772911919.1157923,0.11524216536396634,-0.3135663072702342,-17.96602600408676
1772911919.176013,0.11524216536396634,-0.3135663072702342,-17.96602600408676
1772911919.1933491,0.11524216536396634,-0.3135663072702342,-17.96602600408676
1772911919.2157996,0.11524216536396634,-0.3135663072702342,-17.96602600408676
1772911919.2696393,0.11524216536396634,-0.3135663072702342,-17.96602600408676
1772911919.3418655,0.11524216536396634,-0.3135663072702342,-17.96602600408676
1772911919.3880496,0.10272421679718124,-0.25708732233922765,-14.730018536357111
1772911919.4316096,0.10272421679718124,-0.25708732233922765,-14.730018536357111
1772911919.4513648,0.10272421679718124,-0.25708732233922765,-14.730018536357111
1772911919.4802828,0.10272421679718124,-0.25708732233922765,-14.730018536357111
1772911919.5196044,0.10272421679718124,-0.25708732233922765,-14.730018536357111
1772911919.5641913,0.10272421679718124,-0.25708732233922765,-14.730018536357111
1772911919.6013238,0.10272421679718124,-0.25708732233922765,-14.730018536357111
1772911919.6254997,0.10272421679718124,-0.25708732233922765,-14.730018536357111
1772911919.661695,0.1024138441270792,-0.20896462171124194,-11.972790891601974
1772911919.692096,0.1024138441270792,-0.20896462171124194,-11.972790891601974
1772911919.7097144,0.1024138441270792,-0.20896462171124194,-11.972790891601974
1772911919.748356,0.1024138441270792,-0.20896462171124194,-11.972790891601974
1772911919.7623844,0.1024138441270792,-0.20896462171124194,-11.972790891601974
1772911919.7821813,0.1024138441270792,-0.20896462171124194,-11.972790891601974
1772911919.8092473,0.1024138441270792,-0.20896462171124194,-11.972790891601974
1772911919.8429644,0.1024138441270792,-0.20896462171124194,-11.972790891601974
1772911919.8601418,0.1024138441270792,-0.20896462171124194,-11.972790891601974
1772911919.8960776,0.1024138441270792,-0.20896462171124194,-11.972790891601974
1772911919.9221365,0.1024138441270792,-0.20896462171124194,-11.972790891601974
1772911919.9387302,0.1024138441270792,-0.20896462171124194,-11.972790891601974
1772911919.9610374,0.0916541004430979,-0.15026829359307126,-8.609739017515732
1772911919.9801593,0.0916541004430979,-0.15026829359307126,-8.609739017515732
1772911920.0094056,0.0916541004430979,-0.15026829359307126,-8.609739017515732
1772911920.0271432,0.0916541004430979,-0.15026829359307126,-8.609739017515732
1772911920.0738988,0.0916541004430979,-0.15026829359307126,-8.609739017515732
1772911920.0904996,0.0916541004430979,-0.15026829359307126,-8.609739017515732
1772911920.1076803,0.0916541004430979,-0.15026829359307126,-8.609739017515732
1772911920.1217933,0.0916541004430979,-0.15026829359307126,-8.609739017515732
1772911920.138985,0.0916541004430979,-0.15026829359307126,-8.609739017515732
1772911920.1656864,0.0916541004430979,-0.15026829359307126,-8.609739017515732
1772911920.183463,0.0916541004430979,-0.15026829359307126,-8.609739017515732
1772911920.2070692,0.0916541004430979,-0.15026829359307126,-8.609739017515732
1772911920.2273877,0.0916541004430979,-0.15026829359307126,-8.609739017515732
1772911920.2547853,0.08356614370831437,-0.09452695421404414,-5.415995526691101
1772911920.282402,0.08356614370831437,-0.09452695421404414,-5.415995526691101
1772911920.3068926,0.08356614370831437,-0.09452695421404414,-5.415995526691101
1772911920.3379548,0.08356614370831437,-0.09452695421404414,-5.415995526691101
1772911920.3585722,0.08356614370831437,-0.09452695421404414,-5.415995526691101
1772911920.3909721,0.08356614370831437,-0.09452695421404414,-5.415995526691101
1772911920.4509957,0.08356614370831437,-0.09452695421404414,-5.415995526691101
1772911920.4895759,0.08356614370831437,-0.09452695421404414,-5.415995526691101
1772911920.570046,0.08356614370831437,-0.09452695421404414,-5.415995526691101
1772911920.6401675,0.08356614370831437,-0.09452695421404414,-5.415995526691101
1772911920.6579936,0.08356614370831437,-0.09452695421404414,-5.415995526691101
1772911920.6796367,0.08356614370831437,-0.09452695421404414,-5.415995526691101
1772911920.7263286,0.07605790084554541,-0.047567347301599235,-2.725408243014641
1772911920.7953517,0.07605790084554541,-0.047567347301599235,-2.725408243014641
1772911920.853722,0.07605790084554541,-0.047567347301599235,-2.725408243014641
1772911920.8744578,0.07605790084554541,-0.047567347301599235,-2.725408243014641
1772911920.9122305,0.07605790084554541,-0.047567347301599235,-2.725408243014641
1772911920.9422343,0.0842146414755108,-0.04092753469487559,-2.344975003891619
1772911920.9726381,0.0842146414755108,-0.04092753469487559,-2.344975003891619
1772911920.9958854,0.0842146414755108,-0.04092753469487559,-2.344975003891619
1772911921.0367508,0.0842146414755108,-0.04092753469487559,-2.344975003891619
1772911921.066964,0.0842146414755108,-0.04092753469487559,-2.344975003891619
1772911921.1366365,0.0842146414755108,-0.04092753469487559,-2.344975003891619
1772911921.1833384,0.0842146414755108,-0.04092753469487559,-2.344975003891619
1772911921.2245135,0.0842146414755108,-0.04092753469487559,-2.344975003891619
1772911921.2498732,0.0842146414755108,-0.04092753469487559,-2.344975003891619
1772911921.2714307,0.09799455873897911,-0.08199406006084439,-4.6979135866285695
1772911921.2993202,0.09799455873897911,-0.08199406006084439,-4.6979135866285695
1772911921.3328276,0.09799455873897911,-0.08199406006084439,-4.6979135866285695
1772911921.3608468,0.09799455873897911,-0.08199406006084439,-4.6979135866285695
1772911921.3937485,0.09799455873897911,-0.08199406006084439,-4.6979135866285695
1772911921.4457622,0.09799455873897911,-0.08199406006084439,-4.6979135866285695
1772911921.477041,0.09799455873897911,-0.08199406006084439,-4.6979135866285695
1772911921.502602,0.12153349528007491,-0.15439079180043358,-8.84594076584784
1772911921.5210457,0.12153349528007491,-0.15439079180043358,-8.84594076584784
1772911921.5557697,0.12153349528007491,-0.15439079180043358,-8.84594076584784
1772911921.5846624,0.12153349528007491,-0.15439079180043358,-8.84594076584784
1772911921.6013465,0.12153349528007491,-0.15439079180043358,-8.84594076584784
1772911921.6331506,0.12153349528007491,-0.15439079180043358,-8.84594076584784
1772911921.6543763,0.12153349528007491,-0.15439079180043358,-8.84594076584784
1772911921.6854846,0.12153349528007491,-0.15439079180043358,-8.84594076584784
1772911921.7194285,0.12153349528007491,-0.15439079180043358,-8.84594076584784
1772911921.7499032,0.12153349528007491,-0.15439079180043358,-8.84594076584784
1772911921.78163,0.12153349528007491,-0.15439079180043358,-8.84594076584784
1772911921.7981205,0.12735348690473655,-0.20421409829086465,-11.700605949136303
1772911921.8200617,0.12735348690473655,-0.20421409829086465,-11.700605949136303
1772911921.840201,0.12735348690473655,-0.20421409829086465,-11.700605949136303
1772911921.8710186,0.12735348690473655,-0.20421409829086465,-11.700605949136303
1772911921.9041848,0.12735348690473655,-0.20421409829086465,-11.700605949136303
1772911921.9419057,0.12735348690473655,-0.20421409829086465,-11.700605949136303
1772911921.9634216,0.12735348690473655,-0.20421409829086465,-11.700605949136303
1772911922.000719,0.12735348690473655,-0.20421409829086465,-11.700605949136303
1772911922.029183,0.12735348690473655,-0.20421409829086465,-11.700605949136303
1772911922.0498087,0.12735348690473655,-0.20421409829086465,-11.700605949136303
1772911922.0740278,0.12735348690473655,-0.20421409829086465,-11.700605949136303
1772911922.108593,0.12417374038332164,-0.2217965942311328,-12.708008759819572
1772911922.144271,0.12417374038332164,-0.2217965942311328,-12.708008759819572
1772911922.1708918,0.12417374038332164,-0.2217965942311328,-12.708008759819572
1772911922.1898344,0.12417374038332164,-0.2217965942311328,-12.708008759819572
1772911922.2180877,0.12417374038332164,-0.2217965942311328,-12.708008759819572
1772911922.2439666,0.12417374038332164,-0.2217965942311328,-12.708008759819572
1772911922.2727668,0.12417374038332164,-0.2217965942311328,-12.708008759819572
1772911922.3067653,0.12417374038332164,-0.2217965942311328,-12.708008759819572
1772911922.337934,0.12417374038332164,-0.2217965942311328,-12.708008759819572
1772911922.375923,0.12417374038332164,-0.2217965942311328,-12.708008759819572
1772911922.4032454,0.11883345043381432,-0.21647220304222983,-12.40294361621879
1772911922.4231982,0.11883345043381432,-0.21647220304222983,-12.40294361621879
1772911922.446038,0.11883345043381432,-0.21647220304222983,-12.40294361621879
1772911922.4766893,0.11883345043381432,-0.21647220304222983,-12.40294361621879
1772911922.502045,0.11883345043381432,-0.21647220304222983,-12.40294361621879
1772911922.555955,0.11883345043381432,-0.21647220304222983,-12.40294361621879
1772911922.633247,0.11883345043381432,-0.21647220304222983,-12.40294361621879
1772911922.6852772,0.11883345043381432,-0.21647220304222983,-12.40294361621879
1772911922.7136626,0.11135376619630129,-0.1943469091253706,-11.13525765429628
1772911922.7328386,0.11135376619630129,-0.1943469091253706,-11.13525765429628
1772911922.7499099,0.11135376619630129,-0.1943469091253706,-11.13525765429628
1772911922.7690046,0.11135376619630129,-0.1943469091253706,-11.13525765429628
1772911922.7826908,0.11135376619630129,-0.1943469091253706,-11.13525765429628
1772911922.7954373,0.11135376619630129,-0.1943469091253706,-11.13525765429628
1772911922.8185694,0.11135376619630129,-0.1943469091253706,-11.13525765429628
1772911922.8389845,0.11135376619630129,-0.1943469091253706,-11.13525765429628
1772911922.8584118,0.11135376619630129,-0.1943469091253706,-11.13525765429628
1772911922.9212277,0.11135376619630129,-0.1943469091253706,-11.13525765429628
1772911922.943185,0.11135376619630129,-0.1943469091253706,-11.13525765429628
1772911922.9606047,0.10575796856613978,-0.165832101497513,-9.501479523592595
1772911922.9810104,0.10575796856613978,-0.165832101497513,-9.501479523592595
1772911922.998244,0.10575796856613978,-0.165832101497513,-9.501479523592595
1772911923.0306568,0.10575796856613978,-0.165832101497513,-9.501479523592595
1772911923.060541,0.10575796856613978,-0.165832101497513,-9.501479523592595
1772911923.079023,0.10575796856613978,-0.165832101497513,-9.501479523592595
1772911923.1029906,0.10575796856613978,-0.165832101497513,-9.501479523592595
1772911923.1217272,0.10575796856613978,-0.165832101497513,-9.501479523592595
1772911923.1401033,0.10575796856613978,-0.165832101497513,-9.501479523592595
1772911923.1574998,0.10575796856613978,-0.165832101497513,-9.501479523592595
1772911923.1831396,0.10575796856613978,-0.165832101497513,-9.501479523592595
1772911923.207835,0.10575796856613978,-0.165832101497513,-9.501479523592595
1772911923.2605069,0.10883892596782004,-0.15031029130346288,-8.612145309070385
1772911923.2881,0.10883892596782004,-0.15031029130346288,-8.612145309070385
1772911923.3054101,0.10883892596782004,-0.15031029130346288,-8.612145309070385
1772911923.3625107,0.10883892596782004,-0.15031029130346288,-8.612145309070385
1772911923.3855774,0.10883892596782004,-0.15031029130346288,-8.612145309070385
1772911923.4217362,0.10883892596782004,-0.15031029130346288,-8.612145309070385
1772911923.440801,0.10883892596782004,-0.15031029130346288,-8.612145309070385
1772911923.4633784,0.10883892596782004,-0.15031029130346288,-8.612145309070385
1772911923.4814587,0.10883892596782004,-0.15031029130346288,-8.612145309070385
1772911923.5010984,0.10883892596782004,-0.15031029130346288,-8.612145309070385
1772911923.5346894,0.10883892596782004,-0.15031029130346288,-8.612145309070385
1772911923.5576189,0.10883892596782004,-0.15031029130346288,-8.612145309070385
1772911923.5739818,0.10670138814796809,-0.12517919092608248,-7.172239322926857
1772911923.5987046,0.10670138814796809,-0.12517919092608248,-7.172239322926857
1772911923.6243954,0.10670138814796809,-0.12517919092608248,-7.172239322926857
1772911923.64485,0.10670138814796809,-0.12517919092608248,-7.172239322926857
1772911923.6679454,0.10670138814796809,-0.12517919092608248,-7.172239322926857
1772911923.6899219,0.10670138814796809,-0.12517919092608248,-7.172239322926857
1772911923.7100337,0.10670138814796809,-0.12517919092608248,-7.172239322926857
1772911923.7406714,0.10670138814796809,-0.12517919092608248,-7.172239322926857
1772911923.7604942,0.10670138814796809,-0.12517919092608248,-7.172239322926857
1772911923.788793,0.10670138814796809,-0.12517919092608248,-7.172239322926857
1772911923.8079736,0.10670138814796809,-0.12517919092608248,-7.172239322926857
1772911923.838023,0.09897934580810887,-0.09532098253486321,-5.461489998287893
1772911923.8685355,0.09897934580810887,-0.09532098253486321,-5.461489998287893
1772911923.889934,0.09897934580810887,-0.09532098253486321,-5.461489998287893
1772911923.934224,0.09897934580810887,-0.09532098253486321,-5.461489998287893
1772911923.9654748,0.09897934580810887,-0.09532098253486321,-5.461489998287893
1772911923.9955888,0.09897934580810887,-0.09532098253486321,-5.461489998287893
1772911924.02584,0.09897934580810887,-0.09532098253486321,-5.461489998287893
1772911924.0656404,0.09897934580810887,-0.09532098253486321,-5.461489998287893
1772911924.0854564,0.09897934580810887,-0.09532098253486321,-5.461489998287893
1772911924.105507,0.09897934580810887,-0.09532098253486321,-5.461489998287893
1772911924.1285012,0.09897934580810887,-0.09532098253486321,-5.461489998287893
1772911924.1496947,0.10336125817889477,-0.09391471088645847,-5.3809165679853965
1772911924.1714413,0.10336125817889477,-0.09391471088645847,-5.3809165679853965
1772911924.1963074,0.10336125817889477,-0.09391471088645847,-5.3809165679853965
1772911924.2433808,0.10336125817889477,-0.09391471088645847,-5.3809165679853965
1772911924.2818573,0.10336125817889477,-0.09391471088645847,-5.3809165679853965
1772911924.3170867,0.10336125817889477,-0.09391471088645847,-5.3809165679853965
1772911924.3464456,0.10336125817889477,-0.09391471088645847,-5.3809165679853965
1772911924.3675566,0.10336125817889477,-0.09391471088645847,-5.3809165679853965
1772911924.3863328,0.10336125817889477,-0.09391471088645847,-5.3809165679853965
1772911924.408796,0.10336125817889477,-0.09391471088645847,-5.3809165679853965
1772911924.4316955,0.10336125817889477,-0.09391471088645847,-5.3809165679853965
1772911924.4535363,0.10318188871441743,-0.09658882358206346,-5.534131939385914
1772911924.4804819,0.10318188871441743,-0.09658882358206346,-5.534131939385914
1772911924.501597,0.10318188871441743,-0.09658882358206346,-5.534131939385914
1772911924.5335898,0.10318188871441743,-0.09658882358206346,-5.534131939385914
1772911924.559086,0.10318188871441743,-0.09658882358206346,-5.534131939385914
1772911924.5907412,0.10318188871441743,-0.09658882358206346,-5.534131939385914
1772911924.6104162,0.10318188871441743,-0.09658882358206346,-5.534131939385914
1772911924.648214,0.10318188871441743,-0.09658882358206346,-5.534131939385914
1772911924.6656017,0.10318188871441743,-0.09658882358206346,-5.534131939385914
1772911924.7005045,0.10318188871441743,-0.09658882358206346,-5.534131939385914
1772911924.7254856,0.10318188871441743,-0.09658882358206346,-5.534131939385914
1772911924.7560515,0.10318188871441743,-0.09658882358206346,-5.534131939385914
1772911924.7751262,0.09727271799256709,-0.08413445297252499,-4.820549066967585
1772911924.7931192,0.09727271799256709,-0.08413445297252499,-4.820549066967585
1772911924.8254564,0.09727271799256709,-0.08413445297252499,-4.820549066967585
1772911924.843968,0.09727271799256709,-0.08413445297252499,-4.820549066967585
1772911924.882048,0.09727271799256709,-0.08413445297252499,-4.820549066967585
1772911924.9119897,0.09727271799256709,-0.08413445297252499,-4.820549066967585
1772911924.936435,0.09727271799256709,-0.08413445297252499,-4.820549066967585
1772911924.9505591,0.09727271799256709,-0.08413445297252499,-4.820549066967585
1772911924.9639902,0.09727271799256709,-0.08413445297252499,-4.820549066967585
1772911924.983304,0.09727271799256709,-0.08413445297252499,-4.820549066967585
1772911925.0280366,0.09727271799256709,-0.08413445297252499,-4.820549066967585
1772911925.0493586,0.09727271799256709,-0.08413445297252499,-4.820549066967585
1772911925.068335,0.09727271799256709,-0.08413445297252499,-4.820549066967585
1772911925.0830052,0.09394993062929193,-0.07607998970079982,-4.359062315254601
1772911925.106824,0.09394993062929193,-0.07607998970079982,-4.359062315254601
1772911925.145021,0.09394993062929193,-0.07607998970079982,-4.359062315254601
1772911925.1659396,0.09394993062929193,-0.07607998970079982,-4.359062315254601
1772911925.189516,0.09394993062929193,-0.07607998970079982,-4.359062315254601
1772911925.2059555,0.09394993062929193,-0.07607998970079982,-4.359062315254601
1772911925.2316654,0.09394993062929193,-0.07607998970079982,-4.359062315254601
1772911925.2513547,0.09394993062929193,-0.07607998970079982,-4.359062315254601
1772911925.2700152,0.09394993062929193,-0.07607998970079982,-4.359062315254601
1772911925.3172736,0.09394993062929193,-0.07607998970079982,-4.359062315254601
1772911925.3379233,0.09394993062929193,-0.07607998970079982,-4.359062315254601
1772911925.3745735,0.09394993062929193,-0.07607998970079982,-4.359062315254601
1772911925.4315512,0.1300000095130166,0.15003779305882223,8.596532309727753
1772911925.4507623,0.1300000095130166,0.15003779305882223,8.596532309727753
1772911925.4865193,0.1300000095130166,0.15003779305882223,8.596532309727753
1772911925.5130746,0.1300000095130166,0.15003779305882223,8.596532309727753
1772911925.54208,0.1300000095130166,0.15003779305882223,8.596532309727753
1772911925.558368,0.1300000095130166,0.15003779305882223,8.596532309727753
1772911925.5835102,0.1300000095130166,0.15003779305882223,8.596532309727753
1772911925.6217961,0.1300000095130166,0.15003779305882223,8.596532309727753
1772911925.6595154,0.1300000095130166,0.15003779305882223,8.596532309727753
1772911925.6796465,0.1300000095130166,0.15003779305882223,8.596532309727753
1772911925.71842,0.08319577590888433,0.0830087713630482,4.756052261669072
1772911925.7571964,0.08319577590888433,0.0830087713630482,4.756052261669072
1772911925.7725477,0.08319577590888433,0.0830087713630482,4.756052261669072
1772911925.7899275,0.08319577590888433,0.0830087713630482,4.756052261669072
1772911925.8198109,0.08319577590888433,0.0830087713630482,4.756052261669072
1772911925.839717,0.08319577590888433,0.0830087713630482,4.756052261669072
1772911925.8738337,0.08319577590888433,0.0830087713630482,4.756052261669072
1772911925.9771597,0.08319577590888433,0.0830087713630482,4.756052261669072
1772911925.9982002,0.08456675194399729,0.01625868943604154,0.9315542850991169
1772911926.0199497,0.08456675194399729,0.01625868943604154,0.9315542850991169
1772911926.0372996,0.08456675194399729,0.01625868943604154,0.9315542850991169
1772911926.0659657,0.08456675194399729,0.01625868943604154,0.9315542850991169
1772911926.0942059,0.08456675194399729,0.01625868943604154,0.9315542850991169
1772911926.1231844,0.08456675194399729,0.01625868943604154,0.9315542850991169
1772911926.1451097,0.08456675194399729,0.01625868943604154,0.9315542850991169
1772911926.1856134,0.08456675194399729,0.01625868943604154,0.9315542850991169
1772911926.2238731,0.08456675194399729,0.01625868943604154,0.9315542850991169
1772911926.2557623,0.08456675194399729,0.01625868943604154,0.9315542850991169
1772911926.2955859,0.08456675194399729,0.01625868943604154,0.9315542850991169
1772911926.3310666,0.08456675194399729,0.01625868943604154,0.9315542850991169
1772911926.3582728,0.1300000080827543,-0.1999153367857443,-11.454305057759603
1772911926.3887224,0.1300000080827543,-0.1999153367857443,-11.454305057759603
1772911926.4278345,0.1300000080827543,-0.1999153367857443,-11.454305057759603
1772911926.4578445,0.1300000080827543,-0.1999153367857443,-11.454305057759603
1772911926.4885325,0.1300000080827543,-0.1999153367857443,-11.454305057759603
1772911926.527395,0.1300000080827543,-0.1999153367857443,-11.454305057759603
1772911926.5619707,0.1300000080827543,-0.1999153367857443,-11.454305057759603
1772911926.5900676,0.1300000080827543,-0.1999153367857443,-11.454305057759603
1772911926.6386542,0.1300000094660547,-0.3754843961822821,-21.513671174262885
1772911926.6759706,0.1300000094660547,-0.3754843961822821,-21.513671174262885
1772911926.7048645,0.1300000094660547,-0.3754843961822821,-21.513671174262885
1772911926.751253,0.1300000094660547,-0.3754843961822821,-21.513671174262885
1772911926.76536,0.1300000094660547,-0.3754843961822821,-21.513671174262885
1772911926.7883966,0.1300000094660547,-0.3754843961822821,-21.513671174262885
1772911926.8078454,0.1300000094660547,-0.3754843961822821,-21.513671174262885
1772911926.8439884,0.1300000094660547,-0.3754843961822821,-21.513671174262885
1772911926.8610473,0.1300000094660547,-0.3754843961822821,-21.513671174262885
1772911926.8781524,0.1300000094660547,-0.3754843961822821,-21.513671174262885
1772911926.898289,0.1300000094660547,-0.3754843961822821,-21.513671174262885
1772911926.9229672,0.1300000094660547,-0.3754843961822821,-21.513671174262885
1772911926.967559,0.13000000983113277,-0.4853406552678042,-27.807971172959007
1772911927.0030293,0.13000000983113277,-0.4853406552678042,-27.807971172959007
1772911927.0242534,0.13000000983113277,-0.4853406552678042,-27.807971172959007
1772911927.0569854,0.13000000983113277,-0.4853406552678042,-27.807971172959007
1772911927.130331,0.13000000983113277,-0.4853406552678042,-27.807971172959007
1772911927.1781633,0.13000000983113277,-0.4853406552678042,-27.807971172959007
1772911927.2055914,0.13000000983113277,-0.4853406552678042,-27.807971172959007
1772911927.2370276,0.13000000931220582,-0.5164889473522326,-29.592636848437504
1772911927.275059,0.13000000931220582,-0.5164889473522326,-29.592636848437504
1772911927.2915459,0.13000000931220582,-0.5164889473522326,-29.592636848437504
1772911927.3173952,0.13000000931220582,-0.5164889473522326,-29.592636848437504
1772911927.3370202,0.13000000931220582,-0.5164889473522326,-29.592636848437504
1772911927.373505,0.13000000931220582,-0.5164889473522326,-29.592636848437504
1772911927.462492,0.13000000931220582,-0.5164889473522326,-29.592636848437504
1772911927.4961767,0.13000000931220582,-0.5164889473522326,-29.592636848437504
1772911927.5495248,0.13000000931220582,-0.5164889473522326,-29.592636848437504
1772911927.5754256,0.13000000931220582,-0.5164889473522326,-29.592636848437504
1772911927.5966074,0.13000000939349535,-0.5136445620518032,-29.429665575413846
1772911927.6435142,0.13000000939349535,-0.5136445620518032,-29.429665575413846
1772911927.678303,0.13000000939349535,-0.5136445620518032,-29.429665575413846
1772911927.7439551,0.13000000939349535,-0.5136445620518032,-29.429665575413846
1772911927.7832,0.13000000939349535,-0.5136445620518032,-29.429665575413846
1772911927.8238559,0.13000000939349535,-0.5136445620518032,-29.429665575413846
1772911927.8845072,0.13000000797925548,-0.48104802957954423,-27.562021837992273
1772911927.910233,0.13000000797925548,-0.48104802957954423,-27.562021837992273
1772911927.93192,0.13000000797925548,-0.48104802957954423,-27.562021837992273
1772911927.9557366,0.13000000797925548,-0.48104802957954423,-27.562021837992273
1772911927.9879336,0.13000000797925548,-0.48104802957954423,-27.562021837992273
1772911928.0244517,0.13000000797925548,-0.48104802957954423,-27.562021837992273
1772911928.0443628,0.13000000797925548,-0.48104802957954423,-27.562021837992273
1772911928.080898,0.13000000797925548,-0.48104802957954423,-27.562021837992273
1772911928.1065931,0.13000000797925548,-0.48104802957954423,-27.562021837992273
1772911928.1296253,0.1297346922366445,-0.40882149188127964,-23.42374605903917
1772911928.1449668,0.1297346922366445,-0.40882149188127964,-23.42374605903917
1772911928.162194,0.1297346922366445,-0.40882149188127964,-23.42374605903917
1772911928.1792629,0.1297346922366445,-0.40882149188127964,-23.42374605903917
1772911928.2037644,0.1297346922366445,-0.40882149188127964,-23.42374605903917
1772911928.2375252,0.1297346922366445,-0.40882149188127964,-23.42374605903917
1772911928.2676353,0.1297346922366445,-0.40882149188127964,-23.42374605903917
1772911928.2887466,0.1297346922366445,-0.40882149188127964,-23.42374605903917
1772911928.3283274,0.1297346922366445,-0.40882149188127964,-23.42374605903917
1772911928.3646255,0.1297346922366445,-0.40882149188127964,-23.42374605903917
1772911928.3799493,0.1297346922366445,-0.40882149188127964,-23.42374605903917
1772911928.3985991,0.1297346922366445,-0.40882149188127964,-23.42374605903917
1772911928.427653,0.13000000461601968,-0.3325178778313571,-19.051871012383483
1772911928.4531517,0.13000000461601968,-0.3325178778313571,-19.051871012383483
1772911928.4875224,0.13000000461601968,-0.3325178778313571,-19.051871012383483
1772911928.5071738,0.13000000461601968,-0.3325178778313571,-19.051871012383483
1772911928.5217159,0.13000000461601968,-0.3325178778313571,-19.051871012383483
1772911928.5370908,0.13000000461601968,-0.3325178778313571,-19.051871012383483
1772911928.5512722,0.13000000461601968,-0.3325178778313571,-19.051871012383483
1772911928.5662434,0.13000000461601968,-0.3325178778313571,-19.051871012383483
1772911928.5818393,0.13000000461601968,-0.3325178778313571,-19.051871012383483
1772911928.6260357,0.13000000461601968,-0.3325178778313571,-19.051871012383483
1772911928.6661193,0.13000000461601968,-0.3325178778313571,-19.051871012383483
1772911928.6846218,0.13000000461601968,-0.3325178778313571,-19.051871012383483
1772911928.7202528,0.1300000083705306,-0.2657357739449587,-15.225538312688638
1772911928.7480962,0.1300000083705306,-0.2657357739449587,-15.225538312688638
1772911928.7752156,0.1300000083705306,-0.2657357739449587,-15.225538312688638
1772911928.795857,0.1300000083705306,-0.2657357739449587,-15.225538312688638
1772911928.8111422,0.1300000083705306,-0.2657357739449587,-15.225538312688638
1772911928.8378906,0.1300000083705306,-0.2657357739449587,-15.225538312688638
1772911928.852397,0.1300000083705306,-0.2657357739449587,-15.225538312688638
1772911928.8828387,0.1300000083705306,-0.2657357739449587,-15.225538312688638
1772911928.91795,0.1300000083705306,-0.2657357739449587,-15.225538312688638
1772911928.944584,0.1300000083705306,-0.2657357739449587,-15.225538312688638
1772911928.9852843,0.1300000083705306,-0.2657357739449587,-15.225538312688638
1772911929.0076745,0.13000000939261672,-0.18983578855208605,-10.87678948457244
1772911929.0331793,0.13000000939261672,-0.18983578855208605,-10.87678948457244
1772911929.0540273,0.13000000939261672,-0.18983578855208605,-10.87678948457244
1772911929.0806668,0.13000000939261672,-0.18983578855208605,-10.87678948457244
1772911929.1141684,0.13000000939261672,-0.18983578855208605,-10.87678948457244
1772911929.1468859,0.13000000939261672,-0.18983578855208605,-10.87678948457244
1772911929.179202,0.13000000939261672,-0.18983578855208605,-10.87678948457244
