timestamp,count,velocity
1773080187.392221,0,0.0
1773080187.4062245,0,0.0
1773080187.4234726,0,0.0
1773080187.4355276,0,0.0
1773080187.449017,0,0.0
1773080187.466697,1,0.0
1773080187.4917235,2,0.0
1773080187.507561,2,0.0
1773080187.524021,2,0.0
1773080187.5394857,2,0.0
1773080187.557995,2,0.0
1773080187.5791101,2,0.0
1773080187.6182468,2,0.0
1773080187.633769,2,0.0
1773080187.6622741,2,0.0
1773080187.7091715,2,0.0
1773080187.7705321,2,0.0
1773080187.8171687,2,0.0
1773080187.840293,2,0.0
1773080187.9044168,2,0.0
1773080187.9534428,2,0.0
1773080188.0413382,2,0.0
1773080188.071564,2,0.0
1773080188.3226173,2,0.0
1773080188.3516083,0,0.12402355531605559
1773080188.3992634,0,0.12402355531605559
1773080188.4321089,0,0.12402355531605559
1773080188.4640396,0,0.12402355531605559
1773080188.4859035,0,0.12402355531605559
1773080188.5341911,0,0.12402355531605559
1773080188.5668256,0,0.12402355531605559
1773080188.6166615,0,0.12402355531605559
1773080188.6404035,0,0.12402355531605559
1773080188.6784623,0,0.12402355531605559
1773080188.710686,0,0.12402355531605559
1773080188.726557,0,0.12402355531605559
1773080188.7488046,0,0.12402355531605559
1773080188.8152776,0,0.12402355531605559
1773080188.8581393,0,0.12402355531605559
1773080188.8975284,0,0.12402355531605559
1773080188.928017,0,0.12402355531605559
1773080188.9429135,0,0.12402355531605559
1773080188.9625738,0,0.12402355531605559
1773080188.988679,0,0.12402355531605559
1773080189.0067666,0,0.12402355531605559
1773080189.0318913,0,0.12402355531605559
1773080189.0558493,0,0.12402355531605559
1773080189.0914068,0,0.12402355531605559
1773080189.1071606,0,0.12402355531605559
1773080189.119482,0,0.12402355531605559
1773080189.133309,0,0.12402355531605559
1773080189.1452174,0,0.12402355531605559
1773080189.1603696,0,0.12402355531605559
1773080189.183576,0,0.12402355531605559
1773080189.1966724,0,0.12402355531605559
1773080189.2111104,0,0.12402355531605559
1773080189.2231014,0,0.12402355531605559
1773080189.236984,0,0.12402355531605559
1773080189.2582314,0,0.12402355531605559
1773080189.2818558,0,0.12402355531605559
1773080189.2986383,0,0.12402355531605559
1773080189.312143,0,0.12402355531605559
1773080189.3315878,0,0.12402355531605559
1773080189.3546016,0,0.12402355531605559
1773080189.3876457,0,0.0
1773080189.4012203,0,0.0
1773080189.4161844,0,0.0
1773080189.428434,0,0.0
1773080189.4422262,0,0.0
1773080189.4573593,0,0.0
1773080189.4973931,0,0.0
1773080189.512804,0,0.0
1773080189.5265129,0,0.0
1773080189.5448234,0,0.0
1773080189.5613089,0,0.0
1773080189.5871537,0,0.0
1773080189.6210246,0,0.0
1773080189.6434875,0,0.0
1773080189.6605673,0,0.0
1773080189.6811843,0,0.0
1773080189.703523,0,0.0
1773080189.7248666,0,0.0
1773080189.7378168,0,0.0
1773080189.7585318,0,0.0
1773080189.783738,0,0.0
1773080189.8059459,0,0.0
1773080189.8344438,0,0.0
1773080189.847738,0,0.0
1773080189.8621964,0,0.0
1773080189.8757353,0,0.0
1773080189.8951786,0,0.0
1773080189.9092352,0,0.0
1773080189.9283717,0,0.0
1773080189.9421737,0,0.0
1773080189.969803,0,0.0
1773080189.9993303,0,0.0
1773080190.0128543,0,0.0
1773080190.026753,0,0.0
1773080190.043237,0,0.0
1773080190.0696833,0,0.0
1773080190.1012018,0,0.0
1773080190.120182,0,0.0
1773080190.1597764,0,0.0
1773080190.21894,0,0.0
1773080190.2537794,0,0.0
1773080190.2883008,0,0.0
1773080190.3379958,0,0.0
1773080190.3843415,0,0.0
1773080190.4079974,0,0.0
1773080190.4240167,0,0.0
1773080190.4400396,0,0.0
1773080190.452259,0,0.0
1773080190.4846213,0,0.0
1773080190.505294,0,0.0
1773080190.5188882,0,0.0
1773080190.543466,0,0.0
1773080190.5563693,0,0.0
1773080190.590931,0,0.0
1773080190.9342043,0,0.0
1773080191.2185404,0,0.0
1773080191.2568853,0,0.0
1773080191.3165646,0,0.0
1773080191.36096,0,0.0
1773080191.464768,0,0.0
1773080191.4911988,0,0.0
1773080191.578803,0,0.0
1773080191.6110842,0,0.0
1773080191.6673617,0,0.0
1773080191.6887634,0,0.0
1773080191.7110562,0,0.0
1773080191.7436318,0,0.0
1773080191.8022692,0,0.0
1773080191.850256,0,0.0
1773080191.8927143,0,0.0
1773080191.9096904,0,0.0
1773080191.9290564,0,0.0
1773080191.9468143,0,0.0
1773080191.9650025,0,0.0
1773080192.0394208,0,0.0
1773080192.1253443,0,0.0
1773080192.1687396,0,0.0
1773080192.2357175,0,0.0
1773080192.260038,0,0.0
1773080192.3246148,0,0.0
1773080192.3505502,0,0.0
1773080192.375905,0,0.0
1773080192.4306912,0,0.0
1773080192.5219498,0,0.0
1773080192.5537546,0,0.0
1773080192.659171,0,0.0
1773080192.6792672,0,0.0
1773080192.7273207,0,0.0
1773080192.7416384,0,0.0
1773080192.779253,0,0.0
1773080192.803088,0,0.0
1773080192.819217,0,0.0
1773080192.8348017,0,0.0
1773080192.8556023,0,0.0
1773080192.8777146,0,0.0
1773080192.9129531,0,0.0
1773080192.9332645,0,0.0
1773080192.9533963,0,0.0
1773080192.996767,0,0.0
1773080193.0199609,0,0.0
1773080193.0423179,0,0.0
1773080193.0805428,0,0.0
1773080193.1053522,0,0.0
1773080193.146617,0,0.0
1773080193.18123,0,0.0
1773080193.2115526,0,0.0
1773080193.2353358,0,0.0
1773080193.2504988,0,0.0
1773080193.2723224,0,0.0
1773080193.2948055,0,0.0
1773080193.3270385,0,0.0
1773080193.3420506,0,0.0
1773080193.3792465,0,0.0
1773080193.423341,0,0.0
1773080193.4383063,0,0.0
1773080193.457557,0,0.0
1773080193.4917197,0,0.0
1773080193.5171142,0,0.0
1773080193.5303822,0,0.0
1773080193.5513153,0,0.0
1773080193.5814652,0,0.0
1773080193.656538,0,0.0
1773080193.711781,0,0.0
1773080193.7358303,0,0.0
1773080193.7721214,0,0.0
1773080193.8131642,0,0.0
1773080193.8501294,0,0.0
1773080193.8776543,0,0.0
1773080193.932124,0,0.0
1773080193.9621155,0,0.0
1773080193.98101,0,0.0
1773080194.0201051,0,0.0
1773080194.0550218,0,0.0
1773080194.0974028,0,0.0
1773080194.1246061,0,0.0
1773080194.1509125,0,0.0
1773080194.1812844,0,0.0
1773080194.2125766,0,0.0
1773080194.2400994,0,0.0
1773080194.257257,0,0.0
1773080194.2778811,0,0.0
1773080194.3141143,0,0.0
1773080194.3394427,0,0.0
1773080194.396281,0,0.0
1773080194.4187832,0,0.0
1773080194.4484184,0,0.0
1773080194.468841,0,0.0
1773080194.5055852,0,0.0
1773080194.52121,0,0.0
1773080194.538856,0,0.0
1773080194.5592422,0,0.0
1773080194.6180406,0,0.0
1773080194.6512241,0,0.0
1773080194.6737359,0,0.0
1773080194.7183406,0,0.0
1773080194.7361298,0,0.0
1773080194.7640958,0,0.0
1773080194.8010364,0,0.0
1773080194.8161051,0,0.0
1773080194.8490798,0,0.0
1773080194.890169,0,0.0
1773080194.913988,0,0.0
1773080194.9426944,0,0.0
1773080194.9719334,0,0.0
1773080195.0102835,0,0.0
1773080195.0368419,0,0.0
1773080195.064266,0,0.0
1773080195.1379902,0,0.0
1773080195.1805184,0,0.0
1773080195.2345,0,0.0
1773080195.2660882,0,0.0
1773080195.3345563,0,0.0
1773080195.3514612,0,0.0
1773080195.3908017,0,0.0
1773080195.4158962,0,0.0
1773080195.4502792,0,0.0
1773080195.4667318,0,0.0
1773080195.4901435,0,0.0
1773080195.5029821,0,0.0
1773080195.5160904,0,0.0
1773080195.5326457,0,0.0
1773080195.5487444,0,0.0
1773080195.573256,0,0.0
1773080195.6010528,0,0.0
1773080195.6171596,0,0.0
1773080195.6363087,0,0.0
1773080195.6592522,0,0.0
1773080195.6947536,0,0.0
1773080195.7166588,0,0.0
1773080195.7519948,0,0.0
1773080195.7793906,0,0.0
1773080195.7955406,0,0.0
1773080195.809292,0,0.0
1773080195.8229067,0,0.0
1773080195.8413036,0,0.0
1773080195.8777144,0,0.0
1773080195.9218345,0,0.0
1773080195.952002,0,0.0
1773080196.0062082,0,0.0
1773080196.0501454,0,0.0
1773080196.0864904,0,0.0
1773080196.1139936,0,0.0
1773080196.1336281,0,0.0
1773080196.1560833,0,0.0
1773080196.1894698,0,0.0
1773080196.2228324,0,0.0
1773080196.2413843,0,0.0
1773080196.2632518,0,0.0
1773080196.3064752,0,0.0
1773080196.3318589,0,0.0
1773080196.3565004,0,0.0
1773080196.390115,0,0.0
1773080196.4230573,0,0.0
1773080196.4390044,0,0.0
1773080196.488019,0,0.0
1773080196.5423334,0,0.0
1773080196.5618136,0,0.0
1773080196.593731,0,0.0
1773080196.6581721,0,0.0
1773080196.7062702,0,0.0
1773080196.7304564,0,0.0
1773080196.7460775,0,0.0
1773080196.8055508,0,0.0
1773080196.826431,0,0.0
1773080196.8418953,0,0.0
1773080196.864146,0,0.0
1773080196.9125085,0,0.0
1773080196.9399827,0,0.0
1773080196.9626966,0,0.0
1773080197.0072513,0,0.0
1773080197.035143,0,0.0
1773080197.0542526,0,0.0
1773080197.0805926,0,0.0
1773080197.1274183,0,0.0
1773080197.15671,0,0.0
1773080197.1874452,0,0.0
1773080197.2135656,0,0.0
1773080197.2443564,0,0.0
1773080197.2685318,0,0.0
1773080197.2929592,0,0.0
1773080197.3154476,0,0.0
1773080197.331774,0,0.0
1773080197.3448427,0,0.0
1773080197.3673959,0,0.0
1773080197.4111586,0,0.0
1773080197.434928,0,0.0
1773080197.4555147,0,0.0
1773080197.4726307,0,0.0
1773080197.49231,0,0.0
1773080197.5229084,0,0.0
1773080197.5375695,0,0.0
1773080197.557212,0,0.0
1773080197.5827682,0,0.0
1773080197.6347747,0,0.0
1773080197.6564019,0,0.0
1773080197.6981912,0,0.0
1773080197.7277503,0,0.0
1773080197.7479613,0,0.0
1773080197.768399,0,0.0
1773080197.7950892,0,0.0
1773080197.8131628,0,0.0
1773080197.832489,0,0.0
1773080197.8572202,0,0.0
1773080197.9091337,0,0.0
1773080197.9234505,0,0.0
1773080197.9484854,0,0.0
1773080197.9642882,0,0.0
1773080197.9851837,0,0.0
1773080198.0030425,0,0.0
1773080198.0364,0,0.0
1773080198.052489,0,0.0
1773080198.0715766,0,0.0
1773080198.1211061,0,0.0
1773080198.1468823,0,0.0
1773080198.1690562,0,0.0
1773080198.2104747,0,0.0
1773080198.2405703,0,0.0
1773080198.2563162,0,0.0
1773080198.2824504,0,0.0
1773080198.2945626,0,0.0
1773080198.307917,0,0.0
1773080198.3200927,0,0.0
1773080198.336789,0,0.0
1773080198.35473,0,0.0
1773080198.394139,0,0.0
1773080198.4146883,0,0.0
1773080198.4388082,0,0.0
1773080198.4601588,0,0.0
1773080198.5078623,0,0.0
1773080198.5368853,0,0.0
1773080198.552033,0,0.0
1773080198.587349,0,0.0
1773080198.605314,0,0.0
1773080198.6182837,0,0.0
1773080198.6323981,0,0.0
1773080198.651204,0,0.0
1773080198.679515,0,0.0
1773080198.7053134,0,0.0
1773080198.722563,0,0.0
1773080198.7386417,0,0.0
1773080198.7759757,0,0.0
1773080198.8179762,0,0.0
1773080198.859043,0,0.0
1773080198.8941424,0,0.0
1773080198.9114568,0,0.0
1773080198.9372756,0,0.0
1773080198.955241,0,0.0
1773080198.9966693,0,0.0
1773080199.0103197,0,0.0
1773080199.0288482,0,0.0
1773080199.047416,0,0.0
1773080199.0706084,0,0.0
1773080199.1216094,0,0.0
1773080199.1576183,0,0.0
1773080199.1948056,0,0.0
1773080199.2409194,0,0.0
1773080199.2544794,0,0.0
1773080199.292145,0,0.0
1773080199.325243,0,0.0
1773080199.3388124,0,0.0
1773080199.3687408,0,0.0
1773080199.394675,0,0.0
1773080199.4207792,0,0.0
1773080199.4358032,0,0.0
1773080199.467016,0,0.0
1773080199.5147762,0,0.0
1773080199.5394711,0,0.0
1773080199.5645952,0,0.0
1773080199.59386,0,0.0
1773080199.6183388,0,0.0
1773080199.6368704,0,0.0
1773080199.6553895,0,0.0
1773080199.7018497,0,0.0
1773080199.7182398,0,0.0
1773080199.7362027,0,0.0
1773080199.767869,0,0.0
1773080199.8077972,0,0.0
1773080199.8265944,0,0.0
1773080199.8584301,0,0.0
1773080199.9148245,0,0.0
1773080199.973491,0,0.0
1773080200.0547023,0,0.0
1773080200.141116,0,0.0
1773080200.1885908,0,0.0
1773080200.2891057,0,0.0
1773080200.3457432,0,0.0
1773080200.404571,0,0.0
1773080200.446984,0,0.0
1773080200.4950814,0,0.0
1773080200.56091,0,0.0
1773080200.6049693,0,0.0
1773080200.645043,0,0.0
1773080200.6755135,0,0.0
1773080200.750754,0,0.0
1773080200.7902975,0,0.0
1773080200.8311915,0,0.0
1773080200.85545,0,0.0
1773080200.8860285,0,0.0
1773080200.943394,0,0.0
1773080200.9609284,0,0.0
1773080201.0171864,0,0.0
1773080201.0497086,0,0.0
1773080201.0809739,0,0.0
1773080201.103391,0,0.0
1773080201.1283882,0,0.0
1773080201.1447692,0,0.0
1773080201.165359,0,0.0
1773080201.1983721,0,0.0
1773080201.2270873,0,0.0
1773080201.2470562,0,0.0
1773080201.2618306,0,0.0
1773080201.2960072,0,0.0
1773080201.314692,0,0.0
1773080201.331808,0,0.0
1773080201.3514016,0,0.0
1773080201.366125,0,0.0
1773080201.4133449,0,0.0
1773080201.4501,0,0.0
1773080201.4903123,0,0.0
1773080201.5048704,0,0.0
1773080201.5203674,0,0.0
1773080201.5447352,0,0.0
1773080201.5802956,0,0.0
1773080201.5999982,0,0.0
1773080201.6233006,0,0.0
1773080201.644813,0,0.0
1773080201.6666894,0,0.0
1773080201.702117,0,0.0
1773080201.7193546,0,0.0
1773080201.735931,0,0.0
1773080201.7547617,0,0.0
1773080201.8202615,0,0.0
1773080201.8526363,0,0.0
1773080201.8950498,0,0.0
1773080201.932276,0,0.0
1773080201.946357,0,0.0
1773080201.9759529,0,0.0
1773080201.99903,0,0.0
1773080202.0172076,0,0.0
1773080202.0343552,0,0.0
1773080202.0526068,0,0.0
1773080202.1057758,0,0.0
1773080202.1253657,0,0.0
1773080202.1568162,0,0.0
1773080202.197115,0,0.0
1773080202.2207663,0,0.0
1773080202.2462745,0,0.0
1773080202.3014662,0,0.0
1773080202.3208728,0,0.0
1773080202.3467188,0,0.0
1773080202.3653796,0,0.0
1773080202.4031105,0,0.0
1773080202.4162493,0,0.0
1773080202.4329374,0,0.0
1773080202.4519908,0,0.0
1773080202.4685476,0,0.0
1773080202.4984417,0,0.0
1773080202.531097,0,0.0
1773080202.545208,0,0.0
1773080202.5654457,0,0.0
1773080202.5988371,0,0.0
1773080202.6368444,0,0.0
1773080202.6591578,0,0.0
1773080202.6921659,0,0.0
1773080202.7134542,0,0.0
1773080202.7296023,0,0.0
1773080202.7449234,0,0.0
1773080202.762767,0,0.0
1773080202.8071995,0,0.0
1773080202.8400009,0,0.0
1773080202.8634315,0,0.0
1773080202.8807616,0,0.0
1773080202.8950043,0,0.0
1773080202.920566,0,0.0
1773080202.9424403,0,0.0
1773080202.9590812,0,0.0
1773080202.9880295,0,0.0
1773080203.0036223,0,0.0
1773080203.0191584,0,0.0
1773080203.037721,0,0.0
1773080203.065838,0,0.0
1773080203.101914,0,0.0
1773080203.1437194,0,0.0
1773080203.1574256,0,0.0
1773080203.1876042,0,0.0
1773080203.2231064,0,0.0
1773080203.2455227,0,0.0
1773080203.2642019,0,0.0
1773080203.3009608,0,0.0
1773080203.3225236,0,0.0
1773080203.3356652,0,0.0
1773080203.353033,0,0.0
1773080203.3707366,0,0.0
1773080203.391716,0,0.0
1773080203.4134052,0,0.0
1773080203.5533056,0,0.0
1773080203.602885,0,0.0
1773080203.6443348,0,0.0
1773080203.6952043,0,0.0
1773080203.7538877,0,0.0
1773080203.8450172,0,0.0
1773080203.911236,0,0.0
1773080203.9661424,0,0.0
1773080204.031853,0,0.0
1773080204.0618544,0,0.0
1773080204.097225,0,0.0
1773080204.1280572,0,0.0
1773080204.175398,0,0.0
1773080204.253596,4,0.0
1773080204.3295815,4,0.0
1773080204.3812578,4,0.0
1773080204.4360695,0,0.16542954529498674
1773080204.4793904,0,0.16542954529498674
1773080204.5200653,0,0.16542954529498674
1773080204.594557,0,0.16542954529498674
1773080204.6567843,0,0.16542954529498674
1773080204.7853088,0,0.16542954529498674
1773080204.8585663,0,0.16542954529498674
1773080204.9220574,0,0.16542954529498674
1773080204.9492078,0,0.16542954529498674
1773080205.0877495,0,0.16542954529498674
1773080205.1152866,0,0.16542954529498674
1773080205.2165468,0,0.16542954529498674
1773080205.3021278,0,0.16542954529498674
1773080205.402132,0,0.0
1773080205.4669447,0,0.0
1773080205.5183265,0,0.0
1773080205.5412726,0,0.0
1773080205.5834556,0,0.0
1773080205.6238012,0,0.0
1773080205.6468594,0,0.0
1773080205.7463002,0,0.0
1773080205.8143551,0,0.0
1773080205.8425987,0,0.0
1773080205.8847563,0,0.0
1773080205.9636877,0,0.0
1773080206.0092833,0,0.0
1773080206.0255754,0,0.0
1773080206.054176,0,0.0
1773080206.1060634,0,0.0
1773080206.1340616,0,0.0
1773080206.1670108,0,0.0
1773080206.2292743,0,0.0
1773080206.259111,0,0.0
1773080206.2735488,0,0.0
1773080206.321203,0,0.0
1773080206.341922,0,0.0
1773080206.3886125,0,0.0
1773080206.4343004,0,0.0
1773080206.4573534,0,0.0
1773080206.485239,0,0.0
1773080206.51832,0,0.0
1773080206.580894,0,0.0
1773080206.6482112,0,0.0
1773080206.7342346,0,0.0
1773080206.768349,0,0.0
1773080206.9379025,0,0.0
1773080207.0184445,0,0.0
1773080207.06906,0,0.0
1773080207.1255436,0,0.0
1773080207.1916735,0,0.0
1773080207.2613132,0,0.0
1773080207.3664584,0,0.0
1773080207.4040294,0,0.0
1773080207.446066,0,0.0
1773080207.509433,0,0.0
1773080207.5412445,0,0.0
1773080207.5689948,1,0.0
1773080207.6005623,1,0.0
1773080207.6235185,1,0.0
1773080207.6390023,1,0.0
1773080207.6675336,1,0.0
1773080207.688544,1,0.0
1773080207.7107615,1,0.0
1773080207.7387974,1,0.0
1773080207.7971427,1,0.0
1773080207.83641,1,0.0
1773080207.8520443,1,0.0
1773080207.8726141,1,0.0
1773080207.9004824,1,0.0
1773080207.917871,1,0.0
1773080207.9489093,1,0.0
1773080207.9951932,1,0.0
1773080208.017196,1,0.0
1773080208.072858,1,0.0
1773080208.1116033,1,0.0
1773080208.2019596,1,0.0
1773080208.2345843,1,0.0
1773080208.2752552,1,0.0
1773080208.324579,1,0.0
1773080208.4374201,0,0.04144122653029559
1773080208.4528015,0,0.04144122653029559
1773080208.469482,0,0.04144122653029559
1773080208.5418763,0,0.04144122653029559
1773080208.6200743,1,0.04144122653029559
1773080208.6496582,2,0.04144122653029559
1773080208.6835551,2,0.04144122653029559
1773080208.7705371,2,0.04144122653029559
1773080208.8003786,2,0.04144122653029559
1773080208.8177307,3,0.04144122653029559
1773080208.8428378,4,0.04144122653029559
1773080208.9433584,9,0.04144122653029559
1773080209.0283048,12,0.04144122653029559
1773080209.0556848,14,0.04144122653029559
1773080209.1043437,15,0.04144122653029559
1773080209.1344,16,0.04144122653029559
1773080209.2280347,20,0.04144122653029559
1773080209.3201134,22,0.04144122653029559
1773080209.3475914,24,0.04144122653029559
1773080209.4076326,26,0.04144122653029559
1773080209.4563,0,1.0830952452462235
1773080209.5006094,3,1.0830952452462235
1773080209.6460397,4,1.0830952452462235
1773080209.7601192,12,1.0830952452462235
1773080209.9253685,17,1.0830952452462235
1773080209.988221,17,1.0830952452462235
1773080210.028429,19,1.0830952452462235
1773080210.133178,22,1.0830952452462235
1773080210.257015,23,1.0830952452462235
1773080210.3193533,25,1.0830952452462235
1773080210.3738728,26,1.0830952452462235
1773080210.4432552,0,1.124619523262141
1773080210.5382693,3,1.124619523262141
1773080210.5634458,5,1.124619523262141
1773080210.6114826,7,1.124619523262141
1773080210.65356,8,1.124619523262141
1773080210.7290483,11,1.124619523262141
1773080210.8057287,12,1.124619523262141
1773080210.8224423,13,1.124619523262141
1773080210.8857508,16,1.124619523262141
1773080210.9858549,17,1.124619523262141
1773080211.0392148,18,1.124619523262141
1773080211.0679843,18,1.124619523262141
1773080211.1116264,20,1.124619523262141
1773080211.1490905,20,1.124619523262141
1773080211.1776676,21,1.124619523262141
1773080211.2120075,21,1.124619523262141
1773080211.2369516,22,1.124619523262141
1773080211.3085566,23,1.124619523262141
1773080211.3384693,23,1.124619523262141
1773080211.3716307,24,1.124619523262141
1773080211.438026,0,1.0798997379370223
1773080211.4622192,1,1.0798997379370223
1773080211.4948885,3,1.0798997379370223
1773080211.5664651,5,1.0798997379370223
1773080211.5921655,6,1.0798997379370223
1773080211.6152344,7,1.0798997379370223
1773080211.6315584,7,1.0798997379370223
1773080211.6609502,7,1.0798997379370223
1773080211.689547,7,1.0798997379370223
1773080211.7409394,7,1.0798997379370223
1773080211.8154693,7,1.0798997379370223
1773080211.8336604,7,1.0798997379370223
1773080211.8526344,7,1.0798997379370223
1773080211.8684235,7,1.0798997379370223
1773080211.9072816,7,1.0798997379370223
1773080211.9232008,7,1.0798997379370223
1773080211.9471967,7,1.0798997379370223
1773080211.9778264,7,1.0798997379370223
1773080212.0747218,7,1.0798997379370223
1773080212.1406474,7,1.0798997379370223
1773080212.206887,7,1.0798997379370223
1773080212.241146,7,1.0798997379370223
1773080212.3536835,7,1.0798997379370223
1773080212.3767068,7,1.0798997379370223
1773080212.4241831,7,1.0798997379370223
1773080212.4774768,0,0.2893068553285991
1773080212.5443647,0,0.2893068553285991
1773080212.5779583,1,0.2893068553285991
1773080212.6374657,1,0.2893068553285991
1773080212.656059,1,0.2893068553285991
1773080212.721649,1,0.2893068553285991
1773080212.752745,2,0.2893068553285991
1773080212.8147144,4,0.2893068553285991
1773080212.8867655,4,0.2893068553285991
1773080212.9780529,4,0.2893068553285991
1773080213.0437384,5,0.2893068553285991
1773080213.0763817,7,0.2893068553285991
1773080213.15759,9,0.2893068553285991
1773080213.2503746,12,0.2893068553285991
1773080213.3739312,14,0.2893068553285991
1773080213.468623,1,0.7034699476389046
1773080213.5099025,3,0.7034699476389046
1773080213.5726838,6,0.7034699476389046
1773080213.6374822,11,0.7034699476389046
1773080213.72473,13,0.7034699476389046
1773080213.781729,16,0.7034699476389046
1773080213.8732917,19,0.7034699476389046
1773080213.9386582,21,0.7034699476389046
1773080213.9702966,22,0.7034699476389046
1773080214.0242426,22,0.7034699476389046
1773080214.0622249,23,0.7034699476389046
1773080214.0989716,25,0.7034699476389046
1773080214.1524334,25,0.7034699476389046
1773080214.194856,25,0.7034699476389046
1773080214.2286365,27,0.7034699476389046
1773080214.3497303,28,0.7034699476389046
1773080214.4365883,2,1.291381868943666
1773080214.5536187,6,1.291381868943666
1773080214.6423383,10,1.291381868943666
1773080214.7368455,12,1.291381868943666
1773080214.7619638,13,1.291381868943666
1773080214.7800164,13,1.291381868943666
1773080214.815608,16,1.291381868943666
1773080214.860061,16,1.291381868943666
1773080214.9013824,16,1.291381868943666
1773080214.925773,18,1.291381868943666
1773080214.9756544,20,1.291381868943666
1773080215.052934,21,1.291381868943666
1773080215.119617,22,1.291381868943666
1773080215.1735165,24,1.291381868943666
1773080215.239506,24,1.291381868943666
1773080215.2958343,25,1.291381868943666
1773080215.3355954,25,1.291381868943666
1773080215.4349005,27,1.291381868943666
1773080215.4711065,1,1.124520625381903
1773080215.5215836,1,1.124520625381903
1773080215.5485349,2,1.124520625381903
1773080215.5957272,2,1.124520625381903
1773080215.6271546,2,1.124520625381903
1773080215.6706028,3,1.124520625381903
1773080215.6977627,3,1.124520625381903
1773080215.7167854,3,1.124520625381903
1773080215.7343216,3,1.124520625381903
1773080215.7554939,4,1.124520625381903
1773080215.78966,4,1.124520625381903
1773080215.8057656,5,1.124520625381903
1773080215.8283517,6,1.124520625381903
1773080215.8624916,8,1.124520625381903
1773080215.883043,9,1.124520625381903
1773080215.9382596,11,1.124520625381903
1773080215.996057,12,1.124520625381903
1773080216.0470362,12,1.124520625381903
1773080216.0780642,14,1.124520625381903
1773080216.124366,14,1.124520625381903
1773080216.1687508,16,1.124520625381903
1773080216.2021322,16,1.124520625381903
1773080216.2325842,16,1.124520625381903
1773080216.2507126,18,1.124520625381903
1773080216.3116589,18,1.124520625381903
1773080216.3279688,18,1.124520625381903
1773080216.364153,18,1.124520625381903
1773080216.3994596,18,1.124520625381903
1773080216.4149153,18,1.124520625381903
1773080216.430258,18,1.124520625381903
1773080216.4596875,0,0.7496780943279542
1773080216.5195212,0,0.7496780943279542
1773080216.5575144,0,0.7496780943279542
1773080216.5980253,0,0.7496780943279542
1773080216.627802,0,0.7496780943279542
1773080216.6504092,0,0.7496780943279542
1773080216.6743543,0,0.7496780943279542
1773080216.7180884,1,0.7496780943279542
1773080216.761735,1,0.7496780943279542
1773080216.8081486,1,0.7496780943279542
1773080216.8720822,1,0.7496780943279542
1773080216.9024274,2,0.7496780943279542
1773080216.93992,3,0.7496780943279542
1773080216.9592607,3,0.7496780943279542
1773080217.0111592,3,0.7496780943279542
1773080217.059864,4,0.7496780943279542
1773080217.1245012,5,0.7496780943279542
1773080217.1443703,5,0.7496780943279542
1773080217.2151601,5,0.7496780943279542
1773080217.271735,5,0.7496780943279542
1773080217.311719,5,0.7496780943279542
1773080217.3365512,5,0.7496780943279542
1773080217.3863487,5,0.7496780943279542
1773080217.4462395,0,0.20779495847691648
1773080217.5406508,0,0.20779495847691648
1773080217.5938847,0,0.20779495847691648
1773080217.6448646,2,0.20779495847691648
1773080217.7350044,2,0.20779495847691648
1773080217.7542355,2,0.20779495847691648
1773080217.7877831,3,0.20779495847691648
1773080217.8219059,3,0.20779495847691648
1773080217.8521535,3,0.20779495847691648
1773080217.8867075,3,0.20779495847691648
1773080217.9083247,3,0.20779495847691648
1773080217.923753,3,0.20779495847691648
1773080217.9442706,3,0.20779495847691648
1773080217.9663193,3,0.20779495847691648
1773080217.9925253,4,0.20779495847691648
1773080218.011243,4,0.20779495847691648
1773080218.0512543,4,0.20779495847691648
1773080218.0930176,5,0.20779495847691648
1773080218.1124234,6,0.20779495847691648
1773080218.139176,6,0.20779495847691648
1773080218.1721387,6,0.20779495847691648
1773080218.1866553,6,0.20779495847691648
1773080218.2054307,6,0.20779495847691648
1773080218.2203696,6,0.20779495847691648
1773080218.247226,7,0.20779495847691648
1773080218.281955,7,0.20779495847691648
1773080218.3140285,8,0.20779495847691648
1773080218.3406823,11,0.20779495847691648
1773080218.3805432,11,0.20779495847691648
1773080218.4302726,12,0.20779495847691648
1773080218.4668086,0,0.5409274269712608
1773080218.532751,1,0.5409274269712608
1773080218.587518,2,0.5409274269712608
1773080218.6197677,2,0.5409274269712608
1773080218.6611626,2,0.5409274269712608
1773080218.7722871,2,0.5409274269712608
1773080218.8347073,3,0.5409274269712608
1773080218.900965,3,0.5409274269712608
1773080218.9328246,3,0.5409274269712608
1773080218.9494956,4,0.5409274269712608
1773080218.9789414,4,0.5409274269712608
1773080219.022399,4,0.5409274269712608
1773080219.053364,4,0.5409274269712608
1773080219.0740626,4,0.5409274269712608
1773080219.1137798,4,0.5409274269712608
1773080219.168946,6,0.5409274269712608
1773080219.2134678,6,0.5409274269712608
1773080219.2396555,6,0.5409274269712608
1773080219.2723582,7,0.5409274269712608
1773080219.332591,8,0.5409274269712608
1773080219.359714,8,0.5409274269712608
1773080219.4050715,8,0.5409274269712608
1773080219.445506,0,0.3738843116653434
1773080219.508364,0,0.3738843116653434
1773080219.5356307,0,0.3738843116653434
1773080219.5635896,0,0.3738843116653434
1773080219.6276543,2,0.3738843116653434
1773080219.6646447,2,0.3738843116653434
1773080219.708129,3,0.3738843116653434
1773080219.7218757,3,0.3738843116653434
1773080219.7421649,3,0.3738843116653434
1773080219.7805066,3,0.3738843116653434
1773080219.8399184,3,0.3738843116653434
1773080219.8627634,5,0.3738843116653434
1773080219.9097455,5,0.3738843116653434
1773080219.9245045,6,0.3738843116653434
1773080219.942357,6,0.3738843116653434
1773080219.972516,6,0.3738843116653434
1773080220.0034754,6,0.3738843116653434
1773080220.0241125,6,0.3738843116653434
1773080220.0640435,6,0.3738843116653434
1773080220.0921535,6,0.3738843116653434
1773080220.1369474,6,0.3738843116653434
1773080220.167566,6,0.3738843116653434
1773080220.1962097,7,0.3738843116653434
1773080220.218847,8,0.3738843116653434
1773080220.251664,8,0.3738843116653434
1773080220.29933,8,0.3738843116653434
1773080220.3167567,8,0.3738843116653434
1773080220.3338323,8,0.3738843116653434
1773080220.368211,8,0.3738843116653434
1773080220.4163573,8,0.3738843116653434
1773080220.4352753,8,0.3738843116653434
1773080220.4563615,8,0.3738843116653434
1773080220.500888,0,0.33314215187401114
1773080220.5420449,0,0.33314215187401114
1773080220.555713,0,0.33314215187401114
1773080220.5851943,0,0.33314215187401114
1773080220.6002235,0,0.33314215187401114
1773080220.6196954,0,0.33314215187401114
1773080220.6873436,0,0.33314215187401114
1773080220.7271068,1,0.33314215187401114
1773080220.7512891,1,0.33314215187401114
1773080220.8087475,1,0.33314215187401114
1773080220.8249643,1,0.33314215187401114
1773080220.856357,1,0.33314215187401114
1773080220.9043756,1,0.33314215187401114
1773080220.9447215,1,0.33314215187401114
1773080221.0074987,1,0.33314215187401114
1773080221.1106625,3,0.33314215187401114
1773080221.1643798,3,0.33314215187401114
1773080221.207085,3,0.33314215187401114
1773080221.2799523,3,0.33314215187401114
1773080221.3332121,3,0.33314215187401114
1773080221.3523152,4,0.33314215187401114
1773080221.3919423,4,0.33314215187401114
1773080221.4587593,0,0.16658782716506576
1773080221.4811933,0,0.16658782716506576
1773080221.509817,0,0.16658782716506576
1773080221.5290089,0,0.16658782716506576
1773080221.5574067,1,0.16658782716506576
1773080221.6339161,1,0.16658782716506576
1773080221.7194722,1,0.16658782716506576
1773080221.7776005,1,0.16658782716506576
1773080221.8816762,2,0.16658782716506576
1773080221.95631,2,0.16658782716506576
1773080222.0192559,2,0.16658782716506576
1773080222.0646312,3,0.16658782716506576
1773080222.1500661,4,0.16658782716506576
1773080222.2189689,5,0.16658782716506576
1773080222.3174605,5,0.16658782716506576
1773080222.3609264,6,0.16658782716506576
1773080222.4236262,6,0.16658782716506576
1773080222.4527102,0,0.2490341571250075
1773080222.5276868,1,0.2490341571250075
1773080222.625774,1,0.2490341571250075
1773080222.6490276,1,0.2490341571250075
1773080222.6825106,1,0.2490341571250075
1773080222.706289,1,0.2490341571250075
1773080222.7988486,1,0.2490341571250075
1773080222.917879,1,0.2490341571250075
1773080222.9469438,1,0.2490341571250075
1773080223.0042546,1,0.2490341571250075
1773080223.0328825,1,0.2490341571250075
1773080223.0637252,1,0.2490341571250075
1773080223.1080008,1,0.2490341571250075
1773080223.1440606,1,0.2490341571250075
1773080223.1730003,1,0.2490341571250075
1773080223.2103016,1,0.2490341571250075
1773080223.2360532,1,0.2490341571250075
1773080223.283611,1,0.2490341571250075
1773080223.3075905,2,0.2490341571250075
1773080223.3625052,2,0.2490341571250075
1773080223.430233,3,0.2490341571250075
1773080223.484652,0,0.12480714913998217
1773080223.5348394,0,0.12480714913998217
1773080223.5719602,0,0.12480714913998217
1773080223.6212287,0,0.12480714913998217
1773080223.6403468,0,0.12480714913998217
1773080223.6667454,1,0.12480714913998217
1773080223.7337954,1,0.12480714913998217
1773080223.764794,1,0.12480714913998217
1773080223.8240511,1,0.12480714913998217
1773080223.8623555,1,0.12480714913998217
1773080223.9026723,1,0.12480714913998217
1773080223.9327507,1,0.12480714913998217
1773080223.9774249,1,0.12480714913998217
1773080224.0189786,1,0.12480714913998217
1773080224.046747,1,0.12480714913998217
1773080224.0802877,3,0.12480714913998217
1773080224.1278343,3,0.12480714913998217
1773080224.1547675,4,0.12480714913998217
1773080224.2127485,4,0.12480714913998217
1773080224.2479384,4,0.12480714913998217
1773080224.2726889,4,0.12480714913998217
1773080224.3012211,4,0.12480714913998217
1773080224.3180957,5,0.12480714913998217
1773080224.3412528,6,0.12480714913998217
1773080224.3985734,6,0.12480714913998217
1773080224.4361706,7,0.12480714913998217
1773080224.4629607,0,0.291560380660209
1773080224.4854329,0,0.291560380660209
1773080224.5263484,0,0.291560380660209
1773080224.557247,1,0.291560380660209
1773080224.6184797,1,0.291560380660209
1773080224.6403596,1,0.291560380660209
1773080224.659558,1,0.291560380660209
1773080224.7038233,1,0.291560380660209
1773080224.7217786,1,0.291560380660209
1773080224.7361772,1,0.291560380660209
1773080224.7581966,1,0.291560380660209
1773080224.7826662,2,0.291560380660209
1773080224.8048415,2,0.291560380660209
1773080224.8202717,2,0.291560380660209
1773080224.8429627,2,0.291560380660209
1773080224.8872645,3,0.291560380660209
1773080224.9253225,3,0.291560380660209
1773080224.942788,4,0.291560380660209
1773080224.9580393,4,0.291560380660209
1773080224.9865694,5,0.291560380660209
1773080225.025237,6,0.291560380660209
1773080225.053277,7,0.291560380660209
1773080225.069365,7,0.291560380660209
1773080225.0835187,7,0.291560380660209
1773080225.1043227,8,0.291560380660209
1773080225.1580586,8,0.291560380660209
1773080225.2108297,8,0.291560380660209
1773080225.2343564,8,0.291560380660209
1773080225.2701344,8,0.291560380660209
1773080225.299714,8,0.291560380660209
1773080225.3139505,8,0.291560380660209
1773080225.32741,8,0.291560380660209
1773080225.3447332,8,0.291560380660209
1773080225.365764,8,0.291560380660209
1773080225.4122672,8,0.291560380660209
1773080225.4282222,8,0.291560380660209
1773080225.453677,8,0.291560380660209
1773080225.4736757,0,0.3322751840828748
1773080225.5338416,0,0.3322751840828748
1773080225.5580878,0,0.3322751840828748
1773080225.6174572,0,0.3322751840828748
1773080225.6328769,0,0.3322751840828748
1773080225.6516986,0,0.3322751840828748
1773080225.6762035,0,0.3322751840828748
1773080225.714218,0,0.3322751840828748
1773080225.7440267,0,0.3322751840828748
1773080225.767633,0,0.3322751840828748
1773080225.8044896,0,0.3322751840828748
1773080225.8277144,0,0.3322751840828748
1773080225.8467999,0,0.3322751840828748
1773080225.903567,0,0.3322751840828748
1773080225.933668,0,0.3322751840828748
1773080225.9664505,1,0.3322751840828748
1773080225.9881341,1,0.3322751840828748
1773080226.0360081,1,0.3322751840828748
1773080226.074758,2,0.3322751840828748
1773080226.1233506,2,0.3322751840828748
1773080226.155741,2,0.3322751840828748
1773080226.2248313,2,0.3322751840828748
1773080226.2423627,2,0.3322751840828748
1773080226.2820747,2,0.3322751840828748
1773080226.3178186,3,0.3322751840828748
1773080226.407483,3,0.3322751840828748
1773080226.4733255,0,0.12429326295181801
1773080226.5550313,0,0.12429326295181801
1773080226.654164,2,0.12429326295181801
1773080226.72141,2,0.12429326295181801
1773080226.7475967,2,0.12429326295181801
1773080226.7928884,3,0.12429326295181801
1773080226.8134727,4,0.12429326295181801
1773080226.835151,5,0.12429326295181801
1773080226.865796,6,0.12429326295181801
1773080226.9009848,8,0.12429326295181801
1773080226.925058,9,0.12429326295181801
1773080227.023179,13,0.12429326295181801
1773080227.052627,15,0.12429326295181801
1773080227.1117365,19,0.12429326295181801
1773080227.1336722,20,0.12429326295181801
1773080227.1566525,21,0.12429326295181801
1773080227.2088997,23,0.12429326295181801
1773080227.2414088,25,0.12429326295181801
1773080227.2981086,25,0.12429326295181801
1773080227.3415313,25,0.12429326295181801
1773080227.3825467,25,0.12429326295181801
1773080227.4125848,26,0.12429326295181801
1773080227.4327352,26,0.12429326295181801
1773080227.464332,26,0.12429326295181801
1773080227.491646,0,1.0812262035240476
1773080227.5063438,0,1.0812262035240476
1773080227.5259104,0,1.0812262035240476
1773080227.5448992,0,1.0812262035240476
1773080227.590084,0,1.0812262035240476
1773080227.6187406,0,1.0812262035240476
1773080227.637777,0,1.0812262035240476
1773080227.6653414,0,1.0812262035240476
1773080227.6977406,0,1.0812262035240476
1773080227.7528303,0,1.0812262035240476
1773080227.7745738,0,1.0812262035240476
1773080227.8055813,0,1.0812262035240476
1773080227.823215,0,1.0812262035240476
1773080227.8619647,0,1.0812262035240476
1773080227.9006317,0,1.0812262035240476
1773080227.9452534,0,1.0812262035240476
1773080227.987979,0,1.0812262035240476
1773080228.0371935,0,1.0812262035240476
1773080228.0617886,0,1.0812262035240476
1773080228.1516912,0,1.0812262035240476
1773080228.2325723,0,1.0812262035240476
1773080228.275577,0,1.0812262035240476
1773080228.3243425,0,1.0812262035240476
1773080228.3611033,0,1.0812262035240476
1773080228.4092736,0,1.0812262035240476
1773080228.432944,0,1.0812262035240476
1773080228.4981828,0,0.0
1773080228.5259445,0,0.0
1773080228.560814,0,0.0
1773080228.6023328,0,0.0
1773080228.6245923,0,0.0
1773080228.6399758,0,0.0
1773080228.6558728,1,0.0
1773080228.6966758,1,0.0
1773080228.7190645,1,0.0
1773080228.74817,1,0.0
1773080228.7872689,1,0.0
1773080228.8117085,1,0.0
1773080228.8256168,1,0.0
1773080228.8525348,1,0.0
1773080228.8839629,1,0.0
1773080228.9146523,1,0.0
1773080228.9598224,1,0.0
1773080229.0180259,1,0.0
1773080229.062032,1,0.0
1773080229.102771,1,0.0
1773080229.1211085,1,0.0
1773080229.1396396,1,0.0
1773080229.1619165,1,0.0
1773080229.2152214,1,0.0
1773080229.235365,1,0.0
1773080229.2555192,1,0.0
1773080229.3226402,1,0.0
1773080229.358317,1,0.0
1773080229.4212315,1,0.0
1773080229.4476354,0,0.12469423289648525
1773080229.5118995,0,0.12469423289648525
1773080229.5592642,0,0.12469423289648525
1773080229.5912545,0,0.12469423289648525
1773080229.6262174,0,0.12469423289648525
1773080229.6580772,0,0.12469423289648525
1773080229.6864467,0,0.12469423289648525
1773080229.7307794,0,0.12469423289648525
1773080229.756312,0,0.12469423289648525
1773080229.789352,0,0.12469423289648525
1773080229.8074408,0,0.12469423289648525
1773080229.8355265,0,0.12469423289648525
1773080229.867257,0,0.12469423289648525
1773080229.8859513,0,0.12469423289648525
1773080229.9196033,0,0.12469423289648525
1773080229.9424071,0,0.12469423289648525
1773080230.0105395,0,0.12469423289648525
1773080230.0649717,0,0.12469423289648525
1773080230.1506383,0,0.12469423289648525
1773080230.1935115,0,0.12469423289648525
1773080230.2536829,0,0.12469423289648525
1773080230.3418124,0,0.12469423289648525
1773080230.3720093,0,0.12469423289648525
1773080230.425176,0,0.12469423289648525
1773080230.4393039,0,0.12469423289648525
1773080230.456622,0,0.12469423289648525
1773080230.4896994,0,0.0
1773080230.5253294,0,0.0
1773080230.6214993,0,0.0
1773080230.7292204,0,0.0
1773080230.7609036,0,0.0
1773080230.7792318,0,0.0
1773080230.8211625,0,0.0
1773080230.8502471,0,0.0
1773080230.9369588,0,0.0
1773080231.0243106,0,0.0
1773080231.056678,0,0.0
1773080231.128602,0,0.0
1773080231.2181888,0,0.0
1773080231.2662585,0,0.0
1773080231.3286605,0,0.0
1773080231.3733456,0,0.0
1773080231.402209,0,0.0
1773080231.4235725,0,0.0
1773080231.4719925,0,0.0
1773080231.5182416,0,0.0
1773080231.5389662,0,0.0
1773080231.5745099,0,0.0
1773080231.607391,0,0.0
1773080231.6461184,0,0.0
1773080231.6719558,0,0.0
1773080231.7001657,0,0.0
1773080231.7203789,0,0.0
1773080231.7447422,0,0.0
1773080231.8166559,1,0.0
1773080231.9139426,2,0.0
1773080231.9400988,2,0.0
1773080231.9593506,3,0.0
1773080232.0146112,3,0.0
1773080232.048576,3,0.0
1773080232.0771344,3,0.0
1773080232.1039627,3,0.0
1773080232.1399639,3,0.0
1773080232.173869,3,0.0
1773080232.2078311,3,0.0
1773080232.2379339,3,0.0
1773080232.260598,3,0.0
1773080232.3282392,3,0.0
1773080232.3578691,3,0.0
1773080232.4392028,3,0.0
1773080232.4746497,3,0.0
1773080232.4970992,0,0.12495135174813159
1773080232.5143416,0,0.12495135174813159
1773080232.5411289,0,0.12495135174813159
1773080232.6063519,0,0.12495135174813159
1773080232.668693,0,0.12495135174813159
1773080232.7277894,0,0.12495135174813159
1773080232.7672036,0,0.12495135174813159
1773080232.825269,0,0.12495135174813159
1773080232.8596058,0,0.12495135174813159
1773080232.893773,0,0.12495135174813159
1773080232.919174,0,0.12495135174813159
1773080232.9442947,0,0.12495135174813159
1773080232.9964066,0,0.12495135174813159
1773080233.014412,0,0.12495135174813159
1773080233.036811,0,0.12495135174813159
1773080233.0499084,0,0.12495135174813159
1773080233.0950656,0,0.12495135174813159
1773080233.1335378,0,0.12495135174813159
1773080233.1603823,0,0.12495135174813159
1773080233.200407,0,0.12495135174813159
1773080233.2196138,0,0.12495135174813159
1773080233.2529848,0,0.12495135174813159
1773080233.2713075,1,0.12495135174813159
1773080233.2924027,1,0.12495135174813159
1773080233.3141587,2,0.12495135174813159
1773080233.3412378,3,0.12495135174813159
1773080233.3761332,3,0.12495135174813159
1773080233.401092,3,0.12495135174813159
1773080233.421095,4,0.12495135174813159
1773080233.443722,4,0.12495135174813159
1773080233.483785,0,0.16660573326869785
1773080233.5470245,0,0.16660573326869785
1773080233.5697925,0,0.16660573326869785
1773080233.6006308,0,0.16660573326869785
1773080233.634058,0,0.16660573326869785
1773080233.6642933,0,0.16660573326869785
1773080233.7051811,0,0.16660573326869785
1773080233.7415617,0,0.16660573326869785
1773080233.7789578,0,0.16660573326869785
1773080233.7952335,0,0.16660573326869785
1773080233.8120987,0,0.16660573326869785
1773080233.8264132,0,0.16660573326869785
1773080233.8494196,0,0.16660573326869785
1773080233.8735447,0,0.16660573326869785
1773080233.8973377,0,0.16660573326869785
1773080233.9148176,0,0.16660573326869785
1773080233.9394047,0,0.16660573326869785
1773080233.9562795,0,0.16660573326869785
1773080233.9848099,0,0.16660573326869785
1773080234.024533,0,0.16660573326869785
1773080234.0474112,0,0.16660573326869785
1773080234.1197677,0,0.16660573326869785
1773080234.1495233,0,0.16660573326869785
1773080234.2001019,0,0.16660573326869785
1773080234.2352984,1,0.16660573326869785
1773080234.2607958,3,0.16660573326869785
1773080234.3069,3,0.16660573326869785
1773080234.3368082,3,0.16660573326869785
1773080234.357504,3,0.16660573326869785
1773080234.3975701,3,0.16660573326869785
1773080234.424791,3,0.16660573326869785
1773080234.4553668,4,0.16660573326869785
1773080234.5034533,0,0.16655091541963063
1773080234.5190053,0,0.16655091541963063
1773080234.5358183,0,0.16655091541963063
1773080234.566003,0,0.16655091541963063
1773080234.5900164,0,0.16655091541963063
1773080234.621113,0,0.16655091541963063
1773080234.6652339,0,0.16655091541963063
1773080234.7185292,0,0.16655091541963063
1773080234.7767253,0,0.16655091541963063
1773080234.8454418,0,0.16655091541963063
1773080234.8910391,0,0.16655091541963063
1773080234.9305038,0,0.16655091541963063
1773080234.9507928,0,0.16655091541963063
1773080234.9738333,0,0.16655091541963063
1773080235.0057583,0,0.16655091541963063
1773080235.021832,0,0.16655091541963063
1773080235.0420115,0,0.16655091541963063
1773080235.067702,0,0.16655091541963063
1773080235.1734722,0,0.16655091541963063
1773080235.225096,0,0.16655091541963063
1773080235.2734923,0,0.16655091541963063
1773080235.3264813,1,0.16655091541963063
1773080235.3742154,1,0.16655091541963063
1773080235.4149196,1,0.16655091541963063
1773080235.4369493,1,0.16655091541963063
1773080235.4701893,0,0.04162067290490923
1773080235.529749,0,0.04162067290490923
1773080235.5607278,0,0.04162067290490923
1773080235.593248,0,0.04162067290490923
1773080235.6091266,0,0.04162067290490923
1773080235.6288552,1,0.04162067290490923
1773080235.6694307,1,0.04162067290490923
1773080235.6947453,2,0.04162067290490923
1773080235.7086215,2,0.04162067290490923
1773080235.723132,2,0.04162067290490923
1773080235.7405818,2,0.04162067290490923
1773080235.7753098,2,0.04162067290490923
1773080235.8052678,2,0.04162067290490923
1773080235.8277893,2,0.04162067290490923
1773080235.8469603,2,0.04162067290490923
1773080235.9007533,2,0.04162067290490923
1773080235.93085,2,0.04162067290490923
1773080236.0030603,2,0.04162067290490923
1773080236.034776,2,0.04162067290490923
1773080236.0547788,2,0.04162067290490923
1773080236.0903385,2,0.04162067290490923
1773080236.1092112,2,0.04162067290490923
1773080236.1434758,2,0.04162067290490923
1773080236.1585128,2,0.04162067290490923
1773080236.1978166,2,0.04162067290490923
1773080236.2255414,2,0.04162067290490923
1773080236.2398255,2,0.04162067290490923
1773080236.3063533,2,0.04162067290490923
1773080236.3319747,2,0.04162067290490923
1773080236.3492239,2,0.04162067290490923
1773080236.3930368,2,0.04162067290490923
1773080236.4342961,2,0.04162067290490923
1773080236.457356,2,0.04162067290490923
1773080236.4912372,0,0.0832630789987461
1773080236.523187,0,0.0832630789987461
1773080236.562841,0,0.0832630789987461
1773080236.6114244,0,0.0832630789987461
1773080236.632555,0,0.0832630789987461
1773080236.6715982,0,0.0832630789987461
1773080236.7195668,0,0.0832630789987461
1773080236.740509,0,0.0832630789987461
1773080236.7600842,0,0.0832630789987461
1773080236.7995331,0,0.0832630789987461
1773080236.820129,0,0.0832630789987461
1773080236.8465414,0,0.0832630789987461
1773080236.88761,0,0.0832630789987461
1773080236.930106,0,0.0832630789987461
1773080236.946417,0,0.0832630789987461
1773080237.027033,0,0.0832630789987461
1773080237.0498445,0,0.0832630789987461
1773080237.095416,0,0.0832630789987461
1773080237.1227734,0,0.0832630789987461
1773080237.1401224,0,0.0832630789987461
1773080237.196599,0,0.0832630789987461
1773080237.245566,0,0.0832630789987461
1773080237.3199759,0,0.0832630789987461
1773080237.3467135,0,0.0832630789987461
1773080237.3719997,0,0.0832630789987461
1773080237.400929,0,0.0832630789987461
1773080237.43094,0,0.0832630789987461
1773080237.5043523,0,0.0
1773080237.5555692,0,0.0
1773080237.6015086,0,0.0
1773080237.6334128,0,0.0
1773080237.6526303,0,0.0
1773080237.746909,0,0.0
1773080237.8558033,1,0.0
1773080237.9165852,1,0.0
1773080237.9578643,1,0.0
1773080238.0285063,1,0.0
1773080238.1443896,2,0.0
1773080238.1653688,2,0.0
1773080238.2029195,3,0.0
1773080238.254187,3,0.0
1773080238.3132715,7,0.0
1773080238.4030988,8,0.0
1773080238.4417713,9,0.0
1773080238.532649,1,0.4558708959376739
1773080238.5568206,1,0.4558708959376739
1773080238.595898,3,0.4558708959376739
1773080238.6189086,3,0.4558708959376739
1773080238.663036,7,0.4558708959376739
1773080238.7576103,9,0.4558708959376739
1773080238.819338,10,0.4558708959376739
1773080238.8695433,11,0.4558708959376739
1773080238.9187071,12,0.4558708959376739
1773080238.9814255,14,0.4558708959376739
1773080239.0409353,14,0.4558708959376739
1773080239.1064532,15,0.4558708959376739
1773080239.1298447,16,0.4558708959376739
1773080239.1764317,18,0.4558708959376739
1773080239.2080698,19,0.4558708959376739
1773080239.2387092,21,0.4558708959376739
1773080239.2836492,22,0.4558708959376739
1773080239.3158915,23,0.4558708959376739
1773080239.3323033,24,0.4558708959376739
1773080239.3488524,24,0.4558708959376739
1773080239.3951528,26,0.4558708959376739
1773080239.4386816,26,0.4558708959376739
1773080239.45763,27,0.4558708959376739
1773080239.496102,1,1.1663869098270847
1773080239.5274858,1,1.1663869098270847
1773080239.5725899,4,1.1663869098270847
1773080239.645746,7,1.1663869098270847
1773080239.7275326,8,1.1663869098270847
1773080239.75521,9,1.1663869098270847
1773080239.806607,10,1.1663869098270847
1773080239.8548746,11,1.1663869098270847
1773080239.913828,13,1.1663869098270847
1773080239.9454834,13,1.1663869098270847
1773080239.9784153,13,1.1663869098270847
1773080240.018156,13,1.1663869098270847
1773080240.0402384,13,1.1663869098270847
1773080240.054015,13,1.1663869098270847
1773080240.084069,14,1.1663869098270847
1773080240.1051526,15,1.1663869098270847
1773080240.1269038,16,1.1663869098270847
1773080240.1876411,19,1.1663869098270847
1773080240.270637,20,1.1663869098270847
1773080240.3018699,21,1.1663869098270847
1773080240.3397598,21,1.1663869098270847
1773080240.3678858,22,1.1663869098270847
1773080240.4031048,22,1.1663869098270847
1773080240.4319973,22,1.1663869098270847
1773080240.480785,23,1.1663869098270847
1773080240.5199087,1,0.9976347732103339
1773080240.5400124,2,0.9976347732103339
1773080240.5646138,3,0.9976347732103339
1773080240.6071463,3,0.9976347732103339
1773080240.625745,3,0.9976347732103339
1773080240.6511903,3,0.9976347732103339
1773080240.6783583,3,0.9976347732103339
1773080240.7100863,3,0.9976347732103339
1773080240.7659225,3,0.9976347732103339
1773080240.7928667,3,0.9976347732103339
1773080240.8149447,3,0.9976347732103339
1773080240.8332617,3,0.9976347732103339
1773080240.8525112,3,0.9976347732103339
1773080240.8863602,3,0.9976347732103339
1773080240.9262671,3,0.9976347732103339
1773080240.9569986,3,0.9976347732103339
1773080240.9763088,3,0.9976347732103339
1773080241.0076954,3,0.9976347732103339
1773080241.0232306,3,0.9976347732103339
1773080241.0458407,3,0.9976347732103339
1773080241.0785215,3,0.9976347732103339
1773080241.1029403,3,0.9976347732103339
1773080241.128899,3,0.9976347732103339
1773080241.149001,3,0.9976347732103339
1773080241.1672068,3,0.9976347732103339
1773080241.1817062,3,0.9976347732103339
1773080241.2154408,3,0.9976347732103339
1773080241.240288,3,0.9976347732103339
1773080241.2561722,3,0.9976347732103339
1773080241.290219,3,0.9976347732103339
1773080241.3059237,3,0.9976347732103339
1773080241.3203578,3,0.9976347732103339
1773080241.334905,4,0.9976347732103339
1773080241.376206,4,0.9976347732103339
1773080241.4174986,5,0.9976347732103339
1773080241.4422011,5,0.9976347732103339
1773080241.4778264,5,0.9976347732103339
1773080241.5285294,0,0.20690914779578898
1773080241.5594845,1,0.20690914779578898
1773080241.6118057,2,0.20690914779578898
1773080241.6321814,2,0.20690914779578898
1773080241.7005434,4,0.20690914779578898
1773080241.7377782,4,0.20690914779578898
1773080241.7513232,4,0.20690914779578898
1773080241.7899818,5,0.20690914779578898
1773080241.8381906,6,0.20690914779578898
1773080241.8669603,7,0.20690914779578898
1773080241.8937178,7,0.20690914779578898
1773080241.928311,7,0.20690914779578898
1773080241.9599116,9,0.20690914779578898
1773080242.0175786,10,0.20690914779578898
1773080242.0446482,10,0.20690914779578898
1773080242.0743167,10,0.20690914779578898
1773080242.1163158,10,0.20690914779578898
1773080242.1401284,11,0.20690914779578898
1773080242.1578946,12,0.20690914779578898
1773080242.1840777,14,0.20690914779578898
1773080242.2315295,16,0.20690914779578898
1773080242.3065627,20,0.20690914779578898
1773080242.3796437,20,0.20690914779578898
1773080242.4218688,20,0.20690914779578898
1773080242.445227,20,0.20690914779578898
1773080242.4778552,21,0.20690914779578898
1773080242.5138953,0,0.874325021643619
1773080242.5352998,0,0.874325021643619
1773080242.583778,2,0.874325021643619
1773080242.643089,2,0.874325021643619
1773080242.6731796,3,0.874325021643619
1773080242.7109506,4,0.874325021643619
1773080242.7530618,4,0.874325021643619
1773080242.7839582,4,0.874325021643619
1773080242.8299427,5,0.874325021643619
1773080242.8836052,6,0.874325021643619
1773080242.9319003,7,0.874325021643619
1773080242.955693,8,0.874325021643619
1773080242.9794579,9,0.874325021643619
1773080243.0275822,12,0.874325021643619
1773080243.0849435,13,0.874325021643619
1773080243.1422238,14,0.874325021643619
1773080243.1689572,15,0.874325021643619
1773080243.2135584,16,0.874325021643619
1773080243.2540925,17,0.874325021643619
1773080243.2919805,18,0.874325021643619
1773080243.3293772,18,0.874325021643619
1773080243.3460615,18,0.874325021643619
1773080243.3743265,19,0.874325021643619
1773080243.4099333,19,0.874325021643619
1773080243.4285104,20,0.874325021643619
1773080243.4583986,20,0.874325021643619
1773080243.4821806,22,0.874325021643619
1773080243.5162768,0,0.916472635022823
1773080243.541031,0,0.916472635022823
1773080243.5716145,0,0.916472635022823
1773080243.6188264,1,0.916472635022823
1773080243.6373098,2,0.916472635022823
1773080243.6781893,4,0.916472635022823
1773080243.707134,5,0.916472635022823
1773080243.7228894,5,0.916472635022823
1773080243.7485027,5,0.916472635022823
1773080243.7854788,6,0.916472635022823
1773080243.8294454,7,0.916472635022823
1773080243.9222097,8,0.916472635022823
1773080243.9371645,8,0.916472635022823
1773080243.9512353,9,0.916472635022823
1773080243.9889214,10,0.916472635022823
1773080244.0436733,12,0.916472635022823
1773080244.0760663,12,0.916472635022823
1773080244.1033666,12,0.916472635022823
1773080244.1440246,13,0.916472635022823
1773080244.1756673,13,0.916472635022823
1773080244.220255,13,0.916472635022823
1773080244.2488825,13,0.916472635022823
1773080244.3050544,13,0.916472635022823
1773080244.380351,13,0.916472635022823
1773080244.4210281,13,0.916472635022823
1773080244.441651,13,0.916472635022823
1773080244.4597259,13,0.916472635022823
1773080244.5032494,14,0.916472635022823
1773080244.533664,0,0.5817875606435589
1773080244.564498,0,0.5817875606435589
1773080244.6102488,0,0.5817875606435589
1773080244.6265743,0,0.5817875606435589
1773080244.6669383,0,0.5817875606435589
1773080244.7007594,0,0.5817875606435589
1773080244.7157822,0,0.5817875606435589
1773080244.7299745,0,0.5817875606435589
1773080244.750664,0,0.5817875606435589
1773080244.8247552,0,0.5817875606435589
1773080244.8462718,1,0.5817875606435589
1773080244.8685417,1,0.5817875606435589
1773080244.9115489,1,0.5817875606435589
1773080244.9728682,1,0.5817875606435589
1773080245.0445495,2,0.5817875606435589
1773080245.0715182,2,0.5817875606435589
1773080245.109361,2,0.5817875606435589
1773080245.1404183,2,0.5817875606435589
1773080245.1605425,2,0.5817875606435589
1773080245.2071054,3,0.5817875606435589
1773080245.2493873,3,0.5817875606435589
1773080245.3107922,3,0.5817875606435589
1773080245.3386655,3,0.5817875606435589
1773080245.3862946,3,0.5817875606435589
1773080245.4138052,3,0.5817875606435589
1773080245.4357061,3,0.5817875606435589
1773080245.463997,3,0.5817875606435589
1773080245.5007129,4,0.5817875606435589
1773080245.5490987,1,0.16553649037558352
1773080245.6111486,2,0.16553649037558352
1773080245.6591225,2,0.16553649037558352
1773080245.7121785,2,0.16553649037558352
1773080245.7757697,2,0.16553649037558352
1773080245.8669293,2,0.16553649037558352
1773080245.9400575,2,0.16553649037558352
1773080245.985687,2,0.16553649037558352
1773080246.1821182,3,0.16553649037558352
1773080246.2537189,4,0.16553649037558352
1773080246.3153656,4,0.16553649037558352
1773080246.39438,5,0.16553649037558352
1773080246.4735062,5,0.16553649037558352
1773080246.5161877,6,0.16553649037558352
1773080246.5360963,0,0.24955596062323304
1773080246.5908477,1,0.24955596062323304
1773080246.637055,1,0.24955596062323304
1773080246.6649919,3,0.24955596062323304
1773080246.7170558,6,0.24955596062323304
1773080246.785265,11,0.24955596062323304
1773080246.8658228,15,0.24955596062323304
1773080246.9345915,17,0.24955596062323304
1773080247.012625,22,0.24955596062323304
1773080247.059212,26,0.24955596062323304
1773080247.115317,29,0.24955596062323304
1773080247.1496756,30,0.24955596062323304
1773080247.1895845,30,0.24955596062323304
1773080247.2195098,30,0.24955596062323304
1773080247.2433863,30,0.24955596062323304
1773080247.2657986,30,0.24955596062323304
1773080247.3056545,30,0.24955596062323304
1773080247.3491514,30,0.24955596062323304
1773080247.3796937,30,0.24955596062323304
1773080247.4395428,30,0.24955596062323304
1773080247.5163238,0,1.2482830655562416
1773080247.5472715,0,1.2482830655562416
1773080247.5674279,0,1.2482830655562416
1773080247.6072955,0,1.2482830655562416
1773080247.6583333,1,1.2482830655562416
1773080247.7111537,1,1.2482830655562416
1773080247.7363791,1,1.2482830655562416
1773080247.7669144,2,1.2482830655562416
1773080247.9248059,2,1.2482830655562416
1773080247.9421794,2,1.2482830655562416
1773080247.9724145,3,1.2482830655562416
1773080248.0060995,3,1.2482830655562416
1773080248.043364,3,1.2482830655562416
1773080248.069712,4,1.2482830655562416
1773080248.1068418,4,1.2482830655562416
1773080248.136795,4,1.2482830655562416
1773080248.15368,4,1.2482830655562416
1773080248.1865194,4,1.2482830655562416
1773080248.2318814,4,1.2482830655562416
1773080248.2691224,4,1.2482830655562416
1773080248.3212423,4,1.2482830655562416
1773080248.3530183,5,1.2482830655562416
1773080248.3759196,5,1.2482830655562416
1773080248.4008992,6,1.2482830655562416
1773080248.41642,6,1.2482830655562416
1773080248.436515,6,1.2482830655562416
1773080248.454529,6,1.2482830655562416
1773080248.4972289,6,1.2482830655562416
1773080248.514842,6,1.2482830655562416
1773080248.5296314,0,0.24854981634483556
1773080248.5663378,0,0.24854981634483556
1773080248.6066885,1,0.24854981634483556
1773080248.6420655,1,0.24854981634483556
1773080248.6713805,2,0.24854981634483556
1773080248.7077253,3,0.24854981634483556
1773080248.7214818,3,0.24854981634483556
1773080248.743151,3,0.24854981634483556
1773080248.7573907,3,0.24854981634483556
1773080248.7844996,3,0.24854981634483556
1773080248.798959,3,0.24854981634483556
1773080248.8146152,3,0.24854981634483556
1773080248.8307128,3,0.24854981634483556
1773080248.8454823,3,0.24854981634483556
1773080248.8607833,3,0.24854981634483556
1773080248.8885858,4,0.24854981634483556
1773080248.9027753,4,0.24854981634483556
1773080248.9293242,4,0.24854981634483556
1773080248.947676,4,0.24854981634483556
1773080248.9618914,4,0.24854981634483556
1773080248.9811878,4,0.24854981634483556
1773080248.999244,4,0.24854981634483556
1773080249.0178459,4,0.24854981634483556
1773080249.032655,4,0.24854981634483556
1773080249.0463,4,0.24854981634483556
1773080249.0625148,4,0.24854981634483556
1773080249.0860593,4,0.24854981634483556
1773080249.1032608,4,0.24854981634483556
1773080249.125312,4,0.24854981634483556
1773080249.1416771,4,0.24854981634483556
1773080249.1571505,4,0.24854981634483556
1773080249.1720705,4,0.24854981634483556
1773080249.189922,4,0.24854981634483556
1773080249.2035758,4,0.24854981634483556
1773080249.2169294,5,0.24854981634483556
1773080249.240247,5,0.24854981634483556
1773080249.2609415,5,0.24854981634483556
1773080249.280045,5,0.24854981634483556
1773080249.3045669,5,0.24854981634483556
1773080249.3213367,5,0.24854981634483556
1773080249.3345325,5,0.24854981634483556
1773080249.3583572,6,0.24854981634483556
1773080249.390937,6,0.24854981634483556
1773080249.419646,6,0.24854981634483556
1773080249.4401042,6,0.24854981634483556
1773080249.463883,6,0.24854981634483556
1773080249.479978,7,0.24854981634483556
1773080249.4961977,7,0.24854981634483556
1773080249.509512,7,0.24854981634483556
1773080249.5219738,7,0.24854981634483556
1773080249.5395527,0,0.2909601301529548
1773080249.5606494,0,0.2909601301529548
1773080249.5792286,0,0.2909601301529548
1773080249.6042204,0,0.2909601301529548
1773080249.6223638,0,0.2909601301529548
1773080249.6380925,0,0.2909601301529548
1773080249.6599984,0,0.2909601301529548
1773080249.6873512,0,0.2909601301529548
1773080249.7194943,0,0.2909601301529548
1773080249.742566,1,0.2909601301529548
1773080249.7660432,1,0.2909601301529548
1773080249.781721,1,0.2909601301529548
1773080249.801474,1,0.2909601301529548
1773080249.8148723,1,0.2909601301529548
1773080249.8294535,1,0.2909601301529548
1773080249.8464408,1,0.2909601301529548
1773080249.864275,1,0.2909601301529548
1773080249.8839164,1,0.2909601301529548
1773080249.898484,1,0.2909601301529548
1773080249.9220502,1,0.2909601301529548
1773080249.9389362,1,0.2909601301529548
1773080249.9552443,1,0.2909601301529548
1773080249.972478,1,0.2909601301529548
1773080249.9869273,1,0.2909601301529548
1773080250.0002058,1,0.2909601301529548
1773080250.0133307,1,0.2909601301529548
1773080250.0273528,1,0.2909601301529548
1773080250.057586,1,0.2909601301529548
1773080250.0826645,1,0.2909601301529548
1773080250.1111076,1,0.2909601301529548
1773080250.1293702,1,0.2909601301529548
1773080250.1488512,1,0.2909601301529548
1773080250.167962,1,0.2909601301529548
1773080250.184175,1,0.2909601301529548
1773080250.2128448,1,0.2909601301529548
1773080250.2287111,1,0.2909601301529548
1773080250.2436392,1,0.2909601301529548
1773080250.2610915,1,0.2909601301529548
1773080250.2864435,1,0.2909601301529548
1773080250.2995443,1,0.2909601301529548
1773080250.319086,1,0.2909601301529548
1773080250.3358717,1,0.2909601301529548
1773080250.3599207,1,0.2909601301529548
1773080250.3754294,1,0.2909601301529548
1773080250.3912642,1,0.2909601301529548
1773080250.4050019,1,0.2909601301529548
1773080250.4247258,1,0.2909601301529548
1773080250.442232,1,0.2909601301529548
1773080250.4635549,1,0.2909601301529548
1773080250.4884732,1,0.2909601301529548
1773080250.51378,2,0.2909601301529548
1773080250.530821,2,0.2909601301529548
1773080250.5521479,0,0.08331976555191549
1773080250.5723693,0,0.08331976555191549
1773080250.5866437,0,0.08331976555191549
1773080250.606646,0,0.08331976555191549
1773080250.6239805,0,0.08331976555191549
1773080250.6489236,0,0.08331976555191549
1773080250.6786275,0,0.08331976555191549
1773080250.6986904,0,0.08331976555191549
1773080250.7131374,0,0.08331976555191549
1773080250.737013,0,0.08331976555191549
1773080250.7551317,0,0.08331976555191549
1773080250.785763,0,0.08331976555191549
1773080250.802133,0,0.08331976555191549
1773080250.8212016,0,0.08331976555191549
1773080250.839772,0,0.08331976555191549
1773080250.8547935,0,0.08331976555191549
1773080250.8690293,0,0.08331976555191549
1773080250.886928,0,0.08331976555191549
1773080250.9029582,0,0.08331976555191549
1773080250.9161239,0,0.08331976555191549
1773080250.9528525,0,0.08331976555191549
1773080250.977736,1,0.08331976555191549
1773080250.9967585,1,0.08331976555191549
1773080251.016275,2,0.08331976555191549
1773080251.0361938,2,0.08331976555191549
1773080251.052006,2,0.08331976555191549
1773080251.0649512,2,0.08331976555191549
1773080251.0798151,2,0.08331976555191549
1773080251.0928984,2,0.08331976555191549
1773080251.1053736,2,0.08331976555191549
1773080251.122036,2,0.08331976555191549
1773080251.136481,2,0.08331976555191549
1773080251.1526482,2,0.08331976555191549
1773080251.1661496,2,0.08331976555191549
1773080251.1843433,2,0.08331976555191549
1773080251.2017365,2,0.08331976555191549
1773080251.2203782,2,0.08331976555191549
1773080251.243027,2,0.08331976555191549
1773080251.2601662,2,0.08331976555191549
1773080251.277912,2,0.08331976555191549
1773080251.3114321,2,0.08331976555191549
1773080251.332599,2,0.08331976555191549
1773080251.3514285,2,0.08331976555191549
1773080251.3657556,2,0.08331976555191549
1773080251.3806484,2,0.08331976555191549
1773080251.3942852,2,0.08331976555191549
1773080251.4066656,3,0.08331976555191549
1773080251.4217718,3,0.08331976555191549
1773080251.4397726,3,0.08331976555191549
1773080251.4557753,3,0.08331976555191549
1773080251.4836533,3,0.08331976555191549
1773080251.5016706,3,0.08331976555191549
1773080251.5152192,4,0.08331976555191549
1773080251.5321188,0,0.16600972111596676
1773080251.5626056,0,0.16600972111596676
1773080251.5827472,0,0.16600972111596676
1773080251.6019208,0,0.16600972111596676
1773080251.623512,0,0.16600972111596676
1773080251.6403868,0,0.16600972111596676
1773080251.6584733,0,0.16600972111596676
1773080251.6850748,0,0.16600972111596676
1773080251.7069416,0,0.16600972111596676
1773080251.7239017,0,0.16600972111596676
1773080251.7467222,0,0.16600972111596676
1773080251.7736256,0,0.16600972111596676
1773080251.7881632,0,0.16600972111596676
1773080251.8023126,0,0.16600972111596676
1773080251.8152006,0,0.16600972111596676
1773080251.8353856,0,0.16600972111596676
1773080251.8653982,0,0.16600972111596676
1773080251.9286547,0,0.16600972111596676
1773080251.9478211,0,0.16600972111596676
1773080251.9629917,0,0.16600972111596676
1773080251.980018,0,0.16600972111596676
1773080251.9938323,0,0.16600972111596676
1773080252.0063765,0,0.16600972111596676
1773080252.0220542,0,0.16600972111596676
1773080252.0363607,0,0.16600972111596676
1773080252.056132,0,0.16600972111596676
1773080252.073334,0,0.16600972111596676
1773080252.0967681,0,0.16600972111596676
1773080252.1118498,0,0.16600972111596676
1773080252.1307616,0,0.16600972111596676
1773080252.1633332,0,0.16600972111596676
1773080252.188844,1,0.16600972111596676
1773080252.2253745,1,0.16600972111596676
1773080252.2431943,1,0.16600972111596676
1773080252.2634382,1,0.16600972111596676
1773080252.28765,1,0.16600972111596676
1773080252.30451,2,0.16600972111596676
1773080252.3218634,2,0.16600972111596676
1773080252.3356848,2,0.16600972111596676
1773080252.3492281,2,0.16600972111596676
1773080252.3707902,2,0.16600972111596676
1773080252.3947284,2,0.16600972111596676
1773080252.4182727,2,0.16600972111596676
1773080252.4367447,2,0.16600972111596676
1773080252.4672146,2,0.16600972111596676
1773080252.4876497,2,0.16600972111596676
1773080252.5036867,2,0.16600972111596676
1773080252.5228593,2,0.16600972111596676
1773080252.5591495,0,0.08306634805089455
1773080252.581576,0,0.08306634805089455
1773080252.598133,0,0.08306634805089455
1773080252.6223671,0,0.08306634805089455
1773080252.6374574,0,0.08306634805089455
1773080252.653058,0,0.08306634805089455
1773080252.670255,0,0.08306634805089455
1773080252.687572,0,0.08306634805089455
1773080252.7011194,0,0.08306634805089455
1773080252.714613,0,0.08306634805089455
1773080252.7340193,0,0.08306634805089455
1773080252.776546,0,0.08306634805089455
1773080252.805148,0,0.08306634805089455
1773080252.8273277,0,0.08306634805089455
1773080252.8502343,0,0.08306634805089455
1773080252.8669395,0,0.08306634805089455
1773080252.8880668,0,0.08306634805089455
1773080252.9043224,0,0.08306634805089455
1773080252.9180198,0,0.08306634805089455
1773080252.9324903,0,0.08306634805089455
1773080252.946245,0,0.08306634805089455
1773080252.9763682,0,0.08306634805089455
1773080253.005052,0,0.08306634805089455
1773080253.0266864,0,0.08306634805089455
1773080253.056289,0,0.08306634805089455
1773080253.0768619,0,0.08306634805089455
1773080253.0949972,0,0.08306634805089455
1773080253.112615,1,0.08306634805089455
1773080253.1287792,1,0.08306634805089455
1773080253.145015,1,0.08306634805089455
1773080253.164308,1,0.08306634805089455
1773080253.1841013,1,0.08306634805089455
1773080253.2035923,1,0.08306634805089455
1773080253.2236006,1,0.08306634805089455
1773080253.2451758,1,0.08306634805089455
1773080253.2613027,1,0.08306634805089455
1773080253.2806664,1,0.08306634805089455
1773080253.2978377,1,0.08306634805089455
1773080253.312328,1,0.08306634805089455
1773080253.3277087,1,0.08306634805089455
1773080253.3520384,1,0.08306634805089455
1773080253.3789253,1,0.08306634805089455
1773080253.4160616,1,0.08306634805089455
1773080253.4335456,2,0.08306634805089455
1773080253.4493716,2,0.08306634805089455
1773080253.4802182,2,0.08306634805089455
1773080253.493192,2,0.08306634805089455
1773080253.505659,2,0.08306634805089455
1773080253.5180483,2,0.08306634805089455
1773080253.532394,2,0.08306634805089455
1773080253.5516791,0,0.08328922938224681
1773080253.5728335,0,0.08328922938224681
1773080253.594008,0,0.08328922938224681
1773080253.6083672,0,0.08328922938224681
1773080253.6256387,0,0.08328922938224681
1773080253.650409,0,0.08328922938224681
1773080253.6715455,0,0.08328922938224681
1773080253.6970325,0,0.08328922938224681
1773080253.7193623,0,0.08328922938224681
1773080253.7511308,0,0.08328922938224681
1773080253.768004,0,0.08328922938224681
1773080253.7934525,0,0.08328922938224681
1773080253.8082013,0,0.08328922938224681
1773080253.8222623,0,0.08328922938224681
1773080253.8406603,0,0.08328922938224681
1773080253.8606207,0,0.08328922938224681
1773080253.880086,1,0.08328922938224681
1773080253.896916,1,0.08328922938224681
1773080253.9102464,1,0.08328922938224681
1773080253.924577,1,0.08328922938224681
1773080253.9406893,1,0.08328922938224681
1773080253.961955,1,0.08328922938224681
1773080253.981747,1,0.08328922938224681
1773080254.000011,1,0.08328922938224681
1773080254.0208628,1,0.08328922938224681
1773080254.0393498,1,0.08328922938224681
1773080254.0575788,1,0.08328922938224681
1773080254.0784135,1,0.08328922938224681
1773080254.0957227,1,0.08328922938224681
1773080254.1102839,1,0.08328922938224681
1773080254.13029,1,0.08328922938224681
1773080254.1453116,1,0.08328922938224681
1773080254.1599185,1,0.08328922938224681
1773080254.1797853,1,0.08328922938224681
1773080254.1934152,1,0.08328922938224681
1773080254.2059894,1,0.08328922938224681
1773080254.2205064,1,0.08328922938224681
1773080254.2449222,1,0.08328922938224681
1773080254.2631319,1,0.08328922938224681
1773080254.288503,1,0.08328922938224681
1773080254.3034403,1,0.08328922938224681
1773080254.3196616,1,0.08328922938224681
1773080254.3385556,1,0.08328922938224681
1773080254.3547277,1,0.08328922938224681
1773080254.3676338,1,0.08328922938224681
1773080254.3863256,1,0.08328922938224681
1773080254.4029837,1,0.08328922938224681
1773080254.4158661,1,0.08328922938224681
1773080254.429399,1,0.08328922938224681
1773080254.4426432,1,0.08328922938224681
1773080254.4579017,1,0.08328922938224681
1773080254.4864717,1,0.08328922938224681
1773080254.5026474,1,0.08328922938224681
1773080254.5197685,1,0.08328922938224681
1773080254.5424676,1,0.08328922938224681
1773080254.561194,0,0.0416447536219175
1773080254.5811806,0,0.0416447536219175
1773080254.5982366,0,0.0416447536219175
1773080254.625877,0,0.0416447536219175
1773080254.6504326,0,0.0416447536219175
1773080254.6660998,0,0.0416447536219175
1773080254.684712,0,0.0416447536219175
1773080254.701281,0,0.0416447536219175
1773080254.714697,0,0.0416447536219175
1773080254.7350283,0,0.0416447536219175
1773080254.7773294,0,0.0416447536219175
1773080254.8199594,0,0.0416447536219175
1773080254.8504627,0,0.0416447536219175
1773080254.8835716,0,0.0416447536219175
1773080254.9238908,0,0.0416447536219175
1773080254.943898,0,0.0416447536219175
1773080254.9847076,0,0.0416447536219175
1773080255.0103076,0,0.0416447536219175
1773080255.0257323,0,0.0416447536219175
1773080255.051882,0,0.0416447536219175
1773080255.0685735,0,0.0416447536219175
1773080255.0857763,0,0.0416447536219175
1773080255.1009026,0,0.0416447536219175
1773080255.1217797,0,0.0416447536219175
1773080255.1365416,0,0.0416447536219175
1773080255.1548636,0,0.0416447536219175
1773080255.1701767,0,0.0416447536219175
1773080255.2003636,0,0.0416447536219175
1773080255.219965,0,0.0416447536219175
1773080255.2449355,0,0.0416447536219175
1773080255.2603524,0,0.0416447536219175
1773080255.2826126,0,0.0416447536219175
1773080255.2959766,0,0.0416447536219175
1773080255.3162293,0,0.0416447536219175
1773080255.3367977,0,0.0416447536219175
1773080255.3509614,0,0.0416447536219175
1773080255.3698676,0,0.0416447536219175
1773080255.388688,0,0.0416447536219175
1773080255.4027326,0,0.0416447536219175
1773080255.4186118,0,0.0416447536219175
1773080255.43152,0,0.0416447536219175
1773080255.4537034,0,0.0416447536219175
1773080255.4713874,0,0.0416447536219175
1773080255.4919438,0,0.0416447536219175
1773080255.5051959,0,0.0416447536219175
1773080255.5199692,0,0.0416447536219175
1773080255.5351954,0,0.0416447536219175
1773080255.552727,0,0.0
1773080255.5743582,0,0.0
1773080255.5911176,0,0.0
1773080255.6040592,0,0.0
1773080255.6178873,0,0.0
1773080255.6321552,0,0.0
1773080255.6507778,0,0.0
1773080255.6639447,0,0.0
1773080255.686548,0,0.0
1773080255.7011552,0,0.0
1773080255.7297764,0,0.0
1773080255.7817726,0,0.0
1773080255.800219,0,0.0
1773080255.8150525,0,0.0
1773080255.838398,0,0.0
1773080255.8552158,0,0.0
1773080255.8712687,0,0.0
1773080255.8938084,0,0.0
1773080255.911697,0,0.0
1773080255.9318705,0,0.0
1773080255.948495,0,0.0
1773080256.005063,0,0.0
1773080256.0316136,0,0.0
1773080256.0857928,0,0.0
1773080256.1445785,0,0.0
1773080256.1690636,0,0.0
1773080256.209174,0,0.0
1773080256.222989,0,0.0
1773080256.2511785,0,0.0
1773080256.31562,0,0.0
1773080256.3459673,0,0.0
1773080256.4469643,0,0.0
1773080256.8202028,1,0.0
1773080257.1216033,1,0.0
1773080257.1574526,1,0.0
1773080257.1846435,1,0.0
1773080257.2246468,1,0.0
1773080257.2573113,1,0.0
1773080257.2972147,1,0.0
1773080257.3201032,1,0.0
1773080257.3483024,1,0.0
1773080257.3715172,1,0.0
1773080257.409393,1,0.0
1773080257.4263155,1,0.0
1773080257.4455585,1,0.0
1773080257.464185,1,0.0
1773080257.4852226,1,0.0
1773080257.5005574,1,0.0
1773080257.538659,1,0.0
1773080257.553733,0,0.04166000194677362
1773080257.5729253,0,0.04166000194677362
1773080257.6017544,0,0.04166000194677362
1773080257.6159656,0,0.04166000194677362
1773080257.6316254,0,0.04166000194677362
1773080257.6456048,0,0.04166000194677362
1773080257.6619916,0,0.04166000194677362
1773080257.6867332,0,0.04166000194677362
1773080257.708686,0,0.04166000194677362
1773080257.7281744,0,0.04166000194677362
1773080257.7411826,0,0.04166000194677362
1773080257.7580454,0,0.04166000194677362
1773080257.7704308,0,0.04166000194677362
1773080257.7847662,0,0.04166000194677362
1773080257.7977176,0,0.04166000194677362
1773080257.8097322,0,0.04166000194677362
1773080257.8272097,0,0.04166000194677362
1773080257.8460324,0,0.04166000194677362
1773080257.8666646,0,0.04166000194677362
1773080257.894189,0,0.04166000194677362
1773080257.9119623,0,0.04166000194677362
1773080257.9360719,0,0.04166000194677362
1773080257.9607437,0,0.04166000194677362
1773080257.9944425,0,0.04166000194677362
1773080258.0119424,0,0.04166000194677362
1773080258.0287368,0,0.04166000194677362
1773080258.0420587,0,0.04166000194677362
1773080258.056959,0,0.04166000194677362
1773080258.0711834,0,0.04166000194677362
1773080258.083251,0,0.04166000194677362
1773080258.0966337,0,0.04166000194677362
1773080258.113764,0,0.04166000194677362
1773080258.1273115,0,0.04166000194677362
1773080258.1408887,0,0.04166000194677362
1773080258.1545582,0,0.04166000194677362
1773080258.1711748,0,0.04166000194677362
1773080258.1889267,0,0.04166000194677362
1773080258.2084172,0,0.04166000194677362
1773080258.2232885,0,0.04166000194677362
1773080258.2417355,0,0.04166000194677362
1773080258.2541468,0,0.04166000194677362
1773080258.2663493,0,0.04166000194677362
1773080258.2784638,0,0.04166000194677362
1773080258.2932074,0,0.04166000194677362
1773080258.305578,0,0.04166000194677362
1773080258.320298,0,0.04166000194677362
1773080258.3354053,0,0.04166000194677362
1773080258.3499756,0,0.04166000194677362
1773080258.367146,0,0.04166000194677362
1773080258.3887925,0,0.04166000194677362
1773080258.404614,0,0.04166000194677362
1773080258.417739,0,0.04166000194677362
1773080258.4348767,0,0.04166000194677362
1773080258.4470043,0,0.04166000194677362
1773080258.4594321,0,0.04166000194677362
1773080258.4726963,0,0.04166000194677362
1773080258.4932656,0,0.04166000194677362
1773080258.5132463,0,0.04166000194677362
1773080258.5279052,0,0.04166000194677362
1773080258.5410168,0,0.04166000194677362
1773080258.5680928,0,0.0
1773080258.5916636,0,0.0
1773080258.6125727,0,0.0
1773080258.6260586,0,0.0
1773080258.6439335,0,0.0
1773080258.6566398,0,0.0
1773080258.671653,0,0.0
1773080258.6846938,0,0.0
1773080258.6972687,0,0.0
1773080258.7092538,0,0.0
1773080258.7226322,0,0.0
1773080258.741621,0,0.0
1773080258.7568164,0,0.0
1773080258.7705283,0,0.0
1773080258.8018847,0,0.0
1773080258.8207726,0,0.0
1773080258.840642,0,0.0
1773080258.855926,0,0.0
1773080258.8708403,0,0.0
1773080258.8908331,0,0.0
1773080258.905826,0,0.0
1773080258.9184399,0,0.0
1773080258.9353933,0,0.0
1773080258.9502738,0,0.0
1773080258.9637957,0,0.0
1773080258.9799554,0,0.0
1773080258.9958127,0,0.0
1773080259.017557,0,0.0
1773080259.0343552,0,0.0
1773080259.0488179,0,0.0
1773080259.061793,0,0.0
1773080259.0746834,0,0.0
1773080259.087995,0,0.0
1773080259.1007266,0,0.0
1773080259.113267,0,0.0
1773080259.128473,0,0.0
1773080259.1525424,0,0.0
1773080259.1683655,0,0.0
1773080259.1920862,0,0.0
1773080259.2197325,0,0.0
1773080259.2405193,0,0.0
1773080259.255051,0,0.0
1773080259.2689111,0,0.0
1773080259.281643,0,0.0
1773080259.2938118,0,0.0
1773080259.3057494,0,0.0
1773080259.3205411,0,0.0
1773080259.337833,0,0.0
1773080259.3581784,0,0.0
1773080259.3775668,0,0.0
1773080259.4053442,0,0.0
1773080259.4248335,0,0.0
1773080259.438633,0,0.0
1773080259.4552925,0,0.0
1773080259.474044,0,0.0
1773080259.4895413,0,0.0
1773080259.5030174,0,0.0
1773080259.5152397,0,0.0
1773080259.535748,0,0.0
1773080259.5564034,0,0.0
1773080259.5699635,0,0.0
1773080259.5905244,0,0.0
1773080259.6091762,0,0.0
1773080259.624963,0,0.0
1773080259.6386173,0,0.0
1773080259.6513522,0,0.0
1773080259.6645405,0,0.0
1773080259.6771238,0,0.0
1773080259.6919422,0,0.0
1773080259.7040358,0,0.0
1773080259.7160952,0,0.0
1773080259.7414272,0,0.0
1773080259.7627664,0,0.0
1773080259.7805338,0,0.0
1773080259.7977588,0,0.0
1773080259.8159664,0,0.0
1773080259.832557,0,0.0
1773080259.8531332,0,0.0
1773080259.8661528,0,0.0
1773080259.878667,0,0.0
1773080259.8939152,0,0.0
1773080259.906869,0,0.0
1773080259.9187515,0,0.0
1773080259.9322863,0,0.0
1773080259.9559555,0,0.0
1773080259.9832728,0,0.0
1773080260.0017169,0,0.0
1773080260.0156314,0,0.0
1773080260.0415752,0,0.0
1773080260.0541232,0,0.0
1773080260.0718827,0,0.0
1773080260.089821,0,0.0
1773080260.1030219,0,0.0
1773080260.1151514,0,0.0
1773080260.127358,0,0.0
1773080260.1436365,0,0.0
1773080260.1668048,0,0.0
1773080260.1892104,0,0.0
1773080260.2175953,0,0.0
1773080260.232079,0,0.0
1773080260.250641,0,0.0
1773080260.2672975,0,0.0
1773080260.2837272,0,0.0
1773080260.296184,0,0.0
1773080260.3089032,0,0.0
1773080260.3207417,0,0.0
1773080260.3366203,0,0.0
1773080260.359009,0,0.0
1773080260.3779368,0,0.0
1773080260.3990567,0,0.0
1773080260.4161432,0,0.0
1773080260.4288619,0,0.0
1773080260.4422007,0,0.0
1773080260.454481,0,0.0
1773080260.4712102,0,0.0
1773080260.483503,0,0.0
1773080260.4955745,0,0.0
1773080260.5092912,0,0.0
1773080260.527251,0,0.0
1773080260.5441225,0,0.0
1773080260.5595446,0,0.0
1773080260.5785048,0,0.0
1773080260.5931556,0,0.0
1773080260.6073503,0,0.0
1773080260.6238608,0,0.0
1773080260.6362903,0,0.0
1773080260.649585,0,0.0
1773080260.6622622,0,0.0
1773080260.6768076,0,0.0
1773080260.6921768,0,0.0
1773080260.707248,0,0.0
1773080260.7197871,0,0.0
1773080260.7345538,0,0.0
1773080260.7486532,0,0.0
1773080260.775487,0,0.0
1773080260.7936072,0,0.0
1773080260.805982,0,0.0
1773080260.819343,0,0.0
1773080260.8335614,0,0.0
1773080260.8536594,0,0.0
1773080260.8670323,0,0.0
1773080260.9000463,0,0.0
1773080260.9203172,0,0.0
1773080260.9485805,0,0.0
1773080260.9811814,0,0.0
1773080261.0005417,0,0.0
1773080261.0202725,0,0.0
1773080261.0372071,0,0.0
1773080261.0512366,0,0.0
1773080261.0682893,0,0.0
1773080261.085586,0,0.0
1773080261.0982387,0,0.0
1773080261.1124704,0,0.0
1773080261.1257842,0,0.0
1773080261.1555994,0,0.0
1773080261.1778057,0,0.0
1773080261.1959658,0,0.0
1773080261.215367,0,0.0
1773080261.2294683,0,0.0
1773080261.2457588,0,0.0
1773080261.260293,0,0.0
1773080261.2728717,0,0.0
1773080261.2863243,0,0.0
1773080261.30392,0,0.0
1773080261.3166764,0,0.0
1773080261.3434892,0,0.0
1773080261.361576,0,0.0
1773080261.3751044,0,0.0
1773080261.3947034,0,0.0
1773080261.4126873,0,0.0
1773080261.4251585,0,0.0
1773080261.444005,0,0.0
1773080261.4581614,0,0.0
1773080261.470266,0,0.0
1773080261.4846818,0,0.0
1773080261.5067732,0,0.0
1773080261.5366328,0,0.0
1773080261.5580888,0,0.0
1773080261.5770278,0,0.0
1773080261.589667,0,0.0
1773080261.6025596,0,0.0
1773080261.6171045,0,0.0
1773080261.633828,0,0.0
1773080261.654484,0,0.0
1773080261.6756883,0,0.0
1773080261.7012024,0,0.0
1773080261.7202458,0,0.0
1773080261.736521,0,0.0
1773080261.7576773,0,0.0
1773080261.779425,0,0.0
1773080261.7952907,0,0.0
1773080261.8114812,0,0.0
1773080261.8250747,0,0.0
1773080261.8431728,0,0.0
1773080261.86705,0,0.0
1773080261.8931594,0,0.0
1773080261.9161415,0,0.0
1773080261.9296715,0,0.0
1773080261.9463568,0,0.0
1773080261.9733784,0,0.0
1773080261.9916396,0,0.0
1773080262.0196624,0,0.0
1773080262.0406795,0,0.0
1773080262.0547209,0,0.0
1773080262.075587,0,0.0
1773080262.089903,0,0.0
1773080262.1018617,0,0.0
1773080262.1144779,0,0.0
1773080262.1276066,0,0.0
1773080262.1540368,0,0.0
1773080262.1762738,0,0.0
1773080262.2010505,0,0.0
1773080262.2223234,0,0.0
1773080262.2370036,0,0.0
1773080262.2523024,0,0.0
1773080262.266682,0,0.0
1773080262.286736,0,0.0
1773080262.2989228,0,0.0
1773080262.3115077,0,0.0
1773080262.3241708,0,0.0
1773080262.338258,0,0.0
1773080262.360923,0,0.0
1773080262.3755195,0,0.0
1773080262.404226,0,0.0
1773080262.4274735,0,0.0
1773080262.4501126,0,0.0
1773080262.4649549,0,0.0
1773080262.4793143,0,0.0
1773080262.4927528,0,0.0
1773080262.5056443,0,0.0
1773080262.524484,0,0.0
1773080262.5440772,0,0.0
1773080262.565467,0,0.0
1773080262.5805767,0,0.0
1773080262.6085904,0,0.0
1773080262.6356363,0,0.0
1773080262.6509073,0,0.0
1773080262.6672268,0,0.0
1773080262.6851237,0,0.0
1773080262.6970234,0,0.0
1773080262.7121387,0,0.0
1773080262.7245646,0,0.0
1773080262.7448535,0,0.0
1773080262.7709708,0,0.0
1773080262.8026493,0,0.0
1773080262.8205655,0,0.0
1773080262.834892,0,0.0
1773080262.8508687,0,0.0
1773080262.865229,0,0.0
1773080262.886819,0,0.0
1773080262.9085128,0,0.0
1773080262.9231951,0,0.0
1773080262.9418483,0,0.0
1773080262.961073,0,0.0
1773080262.9801772,0,0.0
1773080263.0031323,0,0.0
1773080263.0258756,0,0.0
1773080263.0408037,0,0.0
1773080263.0567129,0,0.0
1773080263.072119,0,0.0
1773080263.085265,0,0.0
1773080263.0974061,0,0.0
1773080263.1096568,0,0.0
1773080263.1307087,0,0.0
1773080263.1534529,0,0.0
1773080263.1727896,0,0.0
1773080263.200134,0,0.0
1773080263.2212844,0,0.0
1773080263.237553,0,0.0
1773080263.2514045,0,0.0
1773080263.2636762,0,0.0
1773080263.2813118,0,0.0
1773080263.294301,0,0.0
1773080263.3061924,0,0.0
1773080263.3186233,0,0.0
1773080263.3325577,0,0.0
1773080263.3553598,0,0.0
1773080263.381681,0,0.0
1773080263.396737,0,0.0
1773080263.4115455,0,0.0
1773080263.4246638,0,0.0
1773080263.4417458,0,0.0
1773080263.4625978,0,0.0
1773080263.4813712,0,0.0
1773080263.494554,0,0.0
1773080263.5064657,0,0.0
1773080263.5187528,0,0.0
1773080263.533392,0,0.0
1773080263.548085,0,0.0
1773080263.5624156,0,0.0
1773080263.5787344,0,0.0
1773080263.5994537,0,0.0
1773080263.6157317,0,0.0
1773080263.6285896,0,0.0
1773080263.6453328,0,0.0
1773080263.6586268,0,0.0
1773080263.6708531,0,0.0
1773080263.6834126,0,0.0
1773080263.6962452,0,0.0
1773080263.7088695,0,0.0
1773080263.7218997,0,0.0
1773080263.7438307,0,0.0
1773080263.7669342,0,0.0
1773080263.8154023,0,0.0
1773080263.8335478,0,0.0
1773080263.850096,0,0.0
1773080263.8671763,0,0.0
1773080263.8834307,0,0.0
1773080263.9018745,0,0.0
1773080263.915609,0,0.0
1773080263.9348545,0,0.0
1773080263.947889,0,0.0
1773080263.96163,0,0.0
1773080263.9820976,0,0.0
1773080263.9994056,0,0.0
1773080264.0125525,0,0.0
1773080264.0313437,0,0.0
1773080264.044689,0,0.0
1773080264.0579004,0,0.0
1773080264.0722842,0,0.0
1773080264.0862527,0,0.0
1773080264.105853,0,0.0
1773080264.1197867,0,0.0
1773080264.134594,0,0.0
1773080264.1506696,0,0.0
1773080264.1760912,0,0.0
1773080264.20483,0,0.0
1773080264.2285552,0,0.0
1773080264.2430053,0,0.0
1773080264.2579768,0,0.0
1773080264.2717052,0,0.0
1773080264.2872996,0,0.0
1773080264.300759,0,0.0
1773080264.313307,0,0.0
1773080264.3321106,0,0.0
1773080264.3500826,0,0.0
1773080264.3624492,0,0.0
1773080264.383209,0,0.0
1773080264.4068043,0,0.0
1773080264.4212236,0,0.0
1773080264.4365678,0,0.0
1773080264.4504304,0,0.0
1773080264.4645185,0,0.0
1773080264.4779341,0,0.0
1773080264.4950302,0,0.0
1773080264.515384,0,0.0
1773080264.5348148,0,0.0
1773080264.556803,0,0.0
1773080264.5724936,0,0.0
1773080264.597573,0,0.0
1773080264.6155312,0,0.0
1773080264.6328316,0,0.0
1773080264.6477263,0,0.0
1773080264.6844242,0,0.0
1773080264.7406871,0,0.0
1773080264.7869473,0,0.0
1773080264.861149,0,0.0
1773080264.913242,0,0.0
1773080264.9608011,0,0.0
1773080265.0068765,0,0.0
1773080265.0219717,0,0.0
1773080265.0673227,0,0.0
1773080265.1138074,0,0.0
1773080265.1366076,0,0.0
1773080265.158562,0,0.0
1773080265.1825972,0,0.0
1773080265.2025156,0,0.0
1773080265.2179983,0,0.0
1773080265.2342222,0,0.0
1773080265.2494721,0,0.0
1773080265.2652833,0,0.0
1773080265.2843668,0,0.0
1773080265.308266,0,0.0
1773080265.3328416,0,0.0
1773080265.3525326,0,0.0
1773080265.3755553,0,0.0
1773080265.3887146,0,0.0
1773080265.4007542,0,0.0
1773080265.412908,0,0.0
1773080265.4261165,0,0.0
1773080265.4400628,0,0.0
1773080265.4623246,0,0.0
1773080265.4875667,0,0.0
1773080265.508952,0,0.0
1773080265.536928,0,0.0
1773080265.5538678,0,0.0
1773080265.5711517,0,0.0
1773080265.5916538,0,0.0
1773080265.60447,0,0.0
1773080265.617745,0,0.0
1773080265.6298018,0,0.0
1773080265.643227,0,0.0
1773080265.6586215,0,0.0
1773080265.6981547,0,0.0
1773080265.7206671,0,0.0
