timestamp,velocity_mps,steering_angle_rad,steering_angle_deg
1772911243.1511424,0.0,0.0,0.0
1772911243.1740363,0.0,0.0,0.0
1772911243.1852126,0.0,0.0,0.0
1772911243.198781,0.0,0.0,0.0
1772911243.2134144,0.0,0.0,0.0
1772911243.228699,0.0,0.0,0.0
1772911243.2477105,0.0,0.0,0.0
1772911243.2706544,0.0,0.0,0.0
1772911243.2922816,0.0,0.0,0.0
1772911243.3106077,0.0,0.0,0.0
1772911243.3270113,0.0,0.0,0.0
1772911243.338592,0.0,0.0,0.0
1772911243.35163,0.0,0.0,0.0
1772911243.388772,0.0,0.0,0.0
1772911243.4197056,0.0,0.0,0.0
1772911243.4585092,0.0,0.0,0.0
1772911243.4892044,0.0,0.0,0.0
1772911243.5127406,0.0,0.0,0.0
1772911243.5310915,0.0,0.0,0.0
1772911243.5603852,0.0,0.0,0.0
1772911243.5746002,0.0,0.0,0.0
1772911243.5973127,0.0,0.0,0.0
1772911243.657469,0.0,0.0,0.0
1772911243.6816428,0.0,0.0,0.0
1772911243.701653,0.0,0.0,0.0
1772911243.7184446,0.0,0.0,0.0
1772911243.7508624,0.0,0.0,0.0
1772911243.772511,0.0,0.0,0.0
1772911243.801014,0.0,0.0,0.0
1772911243.819923,0.0,0.0,0.0
1772911243.839929,0.0,0.0,0.0
1772911243.8533847,0.0,0.0,0.0
1772911243.8659568,0.0,0.0,0.0
1772911243.889395,0.0,0.0,0.0
1772911243.9043176,0.0,0.0,0.0
1772911243.9305646,0.0,0.0,0.0
1772911243.9435465,0.0,0.0,0.0
1772911243.9609928,0.0,0.0,0.0
1772911243.974075,0.0,0.0,0.0
1772911243.994785,0.0,0.0,0.0
1772911244.0096183,0.0,0.0,0.0
1772911244.0352864,0.0,0.0,0.0
1772911244.048546,0.0,0.0,0.0
1772911244.0623167,0.0,0.0,0.0
1772911244.0751953,0.0,0.0,0.0
1772911244.0953236,0.0,0.0,0.0
1772911244.123117,0.0,0.0,0.0
1772911244.1406674,0.0,0.0,0.0
1772911244.152618,0.0,0.0,0.0
1772911244.1658971,0.0,0.0,0.0
1772911244.1798973,0.0,0.0,0.0
1772911244.20523,0.0,0.0,0.0
1772911244.2195399,0.0,0.0,0.0
1772911244.250437,0.0,0.0,0.0
1772911244.2724547,0.0,0.0,0.0
1772911244.2878761,0.0,0.0,0.0
1772911244.317512,0.0,0.0,0.0
1772911244.3465216,0.0,0.0,0.0
1772911244.3605163,0.0,0.0,0.0
1772911244.3773873,0.0,0.0,0.0
1772911244.3950517,0.0,0.0,0.0
1772911244.4111252,0.0,0.0,0.0
1772911244.455019,0.0,0.0,0.0
1772911244.4701927,0.0,0.0,0.0
1772911244.4912019,0.0,0.0,0.0
1772911244.5296915,0.0,0.0,0.0
1772911244.5517952,0.0,0.0,0.0
1772911244.567495,0.0,0.0,0.0
1772911244.59356,0.0,0.0,0.0
1772911244.6148596,0.0,0.0,0.0
1772911244.6410198,0.0,0.0,0.0
1772911244.6560438,0.0,0.0,0.0
1772911244.676803,0.0,0.0,0.0
1772911244.6924825,0.0,0.0,0.0
1772911244.7113414,0.0,0.0,0.0
1772911244.732228,0.0,0.0,0.0
1772911244.754128,0.0,0.0,0.0
1772911244.7779052,0.0,0.0,0.0
1772911244.7946877,0.0,0.0,0.0
1772911244.817893,0.0,0.0,0.0
1772911244.8395438,0.0,0.0,0.0
1772911244.861038,0.0,0.0,0.0
1772911244.8769915,0.0,0.0,0.0
1772911244.8906941,0.0,0.0,0.0
1772911244.9084413,0.0,0.0,0.0
1772911244.926366,0.0,0.0,0.0
1772911244.9384093,0.0,0.0,0.0
1772911244.9544692,0.0,0.0,0.0
1772911244.977512,0.0,0.0,0.0
1772911245.008134,0.0,0.0,0.0
1772911245.0271542,0.0,0.0,0.0
1772911245.041736,0.0,0.0,0.0
1772911245.0559213,0.0,0.0,0.0
1772911245.0707574,0.0,0.0,0.0
1772911245.0904949,0.0,0.0,0.0
1772911245.1161594,0.0,0.0,0.0
1772911245.135266,0.0,0.0,0.0
1772911245.162015,0.0,0.0,0.0
1772911245.1819115,0.0,0.0,0.0
1772911245.2133813,0.0,0.0,0.0
1772911245.2367215,0.0,0.0,0.0
1772911245.2497976,0.0,0.0,0.0
1772911245.263687,0.0,0.0,0.0
1772911245.2904277,0.0,0.0,0.0
1772911245.304654,0.0,0.0,0.0
1772911245.319534,0.0,0.0,0.0
1772911245.346782,0.0,0.0,0.0
1772911245.3643138,0.0,0.0,0.0
1772911245.4050014,0.0,0.0,0.0
1772911245.760155,0.0,0.0,0.0
1772911246.0668175,0.0,0.0,0.0
1772911246.149103,0.0,0.0,0.0
1772911246.2071671,0.0,0.0,0.0
1772911246.2475727,0.0,0.0,0.0
1772911246.2972865,0.0,0.0,0.0
1772911246.3481395,0.0,0.0,0.0
1772911246.4023495,0.0,0.0,0.0
1772911246.4217236,0.0,0.0,0.0
1772911246.4377158,0.0,0.0,0.0
1772911246.4911706,0.0,0.0,0.0
1772911246.5219755,0.0,0.0,0.0
1772911246.5491045,0.0,0.0,0.0
1772911246.5807734,0.0,0.0,0.0
1772911246.6010268,0.0,0.0,0.0
1772911246.6151152,0.0,0.0,0.0
1772911246.646813,0.0,0.0,0.0
1772911246.6672144,0.0,0.0,0.0
1772911246.6952236,0.0,0.0,0.0
1772911246.708559,0.0,0.0,0.0
1772911246.7229388,0.0,0.0,0.0
1772911246.7359815,0.0,0.0,0.0
1772911246.7537587,0.0,0.0,0.0
1772911246.7830224,0.0,0.0,0.0
1772911246.8082497,0.0,0.0,0.0
1772911246.8427474,0.0,0.0,0.0
1772911246.8765647,0.0,0.0,0.0
1772911246.9002755,0.0,0.0,0.0
1772911246.918643,0.0,0.0,0.0
1772911246.9450955,0.0,0.0,0.0
1772911246.9706366,0.0,0.0,0.0
1772911246.9986327,0.0,0.0,0.0
1772911247.0142522,0.0,0.0,0.0
1772911247.0410872,0.0,0.0,0.0
1772911247.0568674,0.0,0.0,0.0
1772911247.092229,0.0,0.0,0.0
1772911247.114936,0.0,0.0,0.0
1772911247.1864367,0.0,0.0,0.0
1772911247.2216413,0.0,0.0,0.0
1772911247.2754302,0.0,0.0,0.0
1772911247.3243015,0.0,0.0,0.0
1772911247.3656821,0.0,0.0,0.0
1772911247.4130259,0.0,0.0,0.0
1772911247.4657955,0.0,0.0,0.0
1772911247.490468,0.0,0.0,0.0
1772911247.5346282,0.0,0.0,0.0
1772911247.608565,0.0,0.0,0.0
1772911247.6620822,0.0,0.0,0.0
1772911247.740069,0.0,0.0,0.0
1772911247.8456976,0.0,0.0,0.0
1772911247.9118779,0.0,0.0,0.0
1772911247.9349322,0.0,0.0,0.0
1772911247.966608,0.0,0.0,0.0
1772911248.0253842,0.0,0.0,0.0
1772911248.0931277,0.0,0.0,0.0
1772911248.1474934,0.0,0.0,0.0
1772911248.1766798,0.0,0.0,0.0
1772911248.2013211,0.0,0.0,0.0
1772911248.2712584,0.0,0.0,0.0
1772911248.2965353,0.0,0.0,0.0
1772911248.3379514,0.0,0.0,0.0
1772911248.368717,0.0,0.0,0.0
1772911248.394804,0.0,0.0,0.0
1772911248.4193158,0.0,0.0,0.0
1772911248.444497,0.0,0.0,0.0
1772911248.4674945,0.0,0.0,0.0
1772911248.5003924,0.0,0.0,0.0
1772911248.5290377,0.0,0.0,0.0
1772911248.5490956,0.0,0.0,0.0
1772911248.5680857,0.0,0.0,0.0
1772911248.5997555,0.0,0.0,0.0
1772911248.615742,0.0,0.0,0.0
1772911248.6371665,0.0,0.0,0.0
1772911248.6543045,0.0,0.0,0.0
1772911248.6711588,0.0,0.0,0.0
1772911248.6858377,0.0,0.0,0.0
1772911248.7038069,0.0,0.0,0.0
1772911248.7217398,0.0,0.0,0.0
1772911248.7467837,0.0,0.0,0.0
1772911248.773411,0.0,0.0,0.0
1772911248.7954013,0.0,0.0,0.0
1772911248.8297765,0.0,0.0,0.0
1772911248.8518193,0.0,0.0,0.0
1772911248.8749585,0.0,0.0,0.0
1772911248.8903573,0.0,0.0,0.0
1772911248.9112322,0.0,0.0,0.0
1772911248.938602,0.0,0.0,0.0
1772911248.9693947,0.0,0.0,0.0
1772911248.9983182,0.0,0.0,0.0
1772911249.02705,0.0,0.0,0.0
1772911249.0463736,0.0,0.0,0.0
1772911249.0664613,0.0,0.0,0.0
1772911249.1080296,0.0,0.0,0.0
1772911249.1385357,0.0,0.0,0.0
1772911249.1540244,0.0,0.0,0.0
1772911249.1834073,0.0,0.0,0.0
1772911249.2163486,0.0,0.0,0.0
1772911249.2677622,0.0,0.0,0.0
1772911249.2884257,0.0,0.0,0.0
1772911249.3159301,0.0,0.0,0.0
1772911249.372151,0.0,0.0,0.0
1772911249.4073179,0.0,0.0,0.0
1772911249.435563,0.0,0.0,0.0
1772911249.4834046,0.0,0.0,0.0
1772911249.518549,0.0,0.0,0.0
1772911249.5475016,0.0,0.0,0.0
1772911249.5704758,0.0,0.0,0.0
1772911249.5844352,0.0,0.0,0.0
1772911249.6028569,0.0,0.0,0.0
1772911249.6217868,0.0,0.0,0.0
1772911249.644464,0.0,0.0,0.0
1772911249.6665168,0.0,0.0,0.0
1772911249.678898,0.0,0.0,0.0
1772911249.6994655,0.0,0.0,0.0
1772911249.713237,0.0,0.0,0.0
1772911249.7325118,0.0,0.0,0.0
1772911249.7482965,0.0,0.0,0.0
1772911249.7719476,0.0,0.0,0.0
1772911249.7920465,0.0,0.0,0.0
1772911249.8148606,0.0,0.0,0.0
1772911249.8309908,0.0,0.0,0.0
1772911249.8456879,0.0,0.0,0.0
1772911249.8646364,0.0,0.0,0.0
1772911249.8937728,0.0,0.0,0.0
1772911249.9129095,0.0,0.0,0.0
1772911249.925459,0.0,0.0,0.0
1772911249.9396672,0.0,0.0,0.0
1772911249.9568267,0.0,0.0,0.0
1772911249.9900067,0.0,0.0,0.0
1772911250.0428894,0.0,0.0,0.0
1772911250.0640414,0.0,0.0,0.0
1772911250.0828521,0.0,0.0,0.0
1772911250.127514,0.0,0.0,0.0
1772911250.171338,0.0,0.0,0.0
1772911250.1910844,0.0,0.0,0.0
1772911250.2119296,0.0,0.0,0.0
1772911250.234751,0.0,0.0,0.0
1772911250.2487857,0.0,0.0,0.0
1772911250.2890298,0.0,0.0,0.0
1772911250.307706,0.0,0.0,0.0
1772911250.336304,0.0,0.0,0.0
1772911250.3512106,0.0,0.0,0.0
1772911250.3646648,0.0,0.0,0.0
1772911250.3882105,0.0,0.0,0.0
1772911250.4041328,0.0,0.0,0.0
1772911250.4374597,0.0,0.0,0.0
1772911250.460141,0.0,0.0,0.0
1772911250.477496,0.0,0.0,0.0
1772911250.5088773,0.0,0.0,0.0
1772911250.5283353,0.0,0.0,0.0
1772911250.541578,0.0,0.0,0.0
1772911250.5572035,0.0,0.0,0.0
1772911250.5741713,0.0,0.0,0.0
1772911250.5965624,0.0,0.0,0.0
1772911250.6311228,0.0,0.0,0.0
1772911250.6475043,0.0,0.0,0.0
1772911250.66384,0.0,0.0,0.0
1772911250.6904907,0.0,0.0,0.0
1772911250.7324395,0.0,0.0,0.0
1772911250.7698975,0.0,0.0,0.0
1772911250.8123255,0.0,0.0,0.0
1772911250.8411167,0.0,0.0,0.0
1772911250.8657093,0.0,0.0,0.0
1772911250.9065106,0.0,0.0,0.0
1772911250.9338205,0.0,0.0,0.0
1772911250.954744,0.0,0.0,0.0
1772911250.9984057,0.0,0.0,0.0
1772911251.0331411,0.0,0.0,0.0
1772911251.067099,0.0,0.0,0.0
1772911251.0933123,0.0,0.0,0.0
1772911251.12031,0.0,0.0,0.0
1772911251.1612086,0.0,0.0,0.0
1772911251.1785686,0.0,0.0,0.0
1772911251.202305,0.0,0.0,0.0
1772911251.2353582,0.0,0.0,0.0
1772911251.252056,0.0,0.0,0.0
1772911251.2888548,0.0,0.0,0.0
1772911251.3180864,0.0,0.0,0.0
1772911251.350008,0.0,0.0,0.0
1772911251.3665154,0.0,0.0,0.0
1772911251.388987,0.0,0.0,0.0
1772911251.403837,0.0,0.0,0.0
1772911251.4262896,0.0,0.0,0.0
1772911251.466986,0.0,0.0,0.0
1772911251.495654,0.0,0.0,0.0
1772911251.5283065,0.0,0.0,0.0
1772911251.5619528,0.0,0.0,0.0
1772911251.5803123,0.0,0.0,0.0
1772911251.5969934,0.0,0.0,0.0
1772911251.629277,0.0,0.0,0.0
1772911251.645114,0.0,0.0,0.0
1772911251.660998,0.0,0.0,0.0
1772911251.6889145,0.0,0.0,0.0
1772911251.7168894,0.0,0.0,0.0
1772911251.7446184,0.0,0.0,0.0
1772911251.764104,0.0,0.0,0.0
1772911251.784506,0.0,0.0,0.0
1772911251.8152366,0.0,0.0,0.0
1772911251.8417637,0.0,0.0,0.0
1772911251.8554506,0.0,0.0,0.0
1772911251.873262,0.0,0.0,0.0
1772911251.8943648,0.0,0.0,0.0
1772911251.9340248,0.0,0.0,0.0
1772911251.9498796,0.0,0.0,0.0
1772911251.9702759,0.0,0.0,0.0
1772911251.9920585,0.0,0.0,0.0
1772911252.0098271,0.0,0.0,0.0
1772911252.0397005,0.0,0.0,0.0
1772911252.057217,0.0,0.0,0.0
1772911252.081979,0.0,0.0,0.0
1772911252.1055017,0.0,0.0,0.0
1772911252.1270304,0.0,0.0,0.0
1772911252.143987,0.0,0.0,0.0
1772911252.1660566,0.0,0.0,0.0
1772911252.1841044,0.0,0.0,0.0
1772911252.2112005,0.0,0.0,0.0
1772911252.2389593,0.0,0.0,0.0
1772911252.2543108,0.0,0.0,0.0
1772911252.2933128,0.0,0.0,0.0
1772911252.344118,0.0,0.0,0.0
1772911252.3577535,0.0,0.0,0.0
1772911252.3725932,0.0,0.0,0.0
1772911252.3952842,0.0,0.0,0.0
1772911252.4214766,0.0,0.0,0.0
1772911252.4433868,0.0,0.0,0.0
1772911252.4598844,0.0,0.0,0.0
1772911252.475938,0.0,0.0,0.0
1772911252.4961982,0.0,0.0,0.0
1772911252.517116,0.0,0.0,0.0
1772911252.541325,0.0,0.0,0.0
1772911252.5764828,0.0,0.0,0.0
1772911252.60013,0.0,0.0,0.0
1772911252.6207435,0.0,0.0,0.0
1772911252.6528292,0.0,0.0,0.0
1772911252.6665318,0.0,0.0,0.0
1772911252.70333,0.0,0.0,0.0
1772911252.7253733,0.0,0.0,0.0
1772911252.7443178,0.0,0.0,0.0
1772911252.769978,0.0,0.0,0.0
1772911252.8066447,0.0,0.0,0.0
1772911252.8197076,0.0,0.0,0.0
1772911252.844986,0.0,0.0,0.0
1772911252.8572223,0.0,0.0,0.0
1772911252.8839886,0.0,0.0,0.0
1772911252.9006371,0.0,0.0,0.0
1772911252.9373846,0.0,0.0,0.0
1772911252.9664319,0.0,0.0,0.0
1772911252.9891284,0.0,0.0,0.0
1772911253.0064166,0.0,0.0,0.0
1772911253.0284712,0.0,0.0,0.0
1772911253.0548513,0.0,0.0,0.0
1772911253.1081276,0.0,0.0,0.0
1772911253.140609,0.0,0.0,0.0
1772911253.1662803,0.0,0.0,0.0
1772911253.1795933,0.0,0.0,0.0
1772911253.1949613,0.0,0.0,0.0
1772911253.2161553,0.0,0.0,0.0
1772911253.241481,0.0,0.0,0.0
1772911253.255753,0.0,0.0,0.0
1772911253.2798893,0.0,0.0,0.0
1772911253.2967613,0.0,0.0,0.0
1772911253.3308744,0.0,0.0,0.0
1772911253.3434956,0.0,0.0,0.0
1772911253.3573725,0.0,0.0,0.0
1772911253.3801947,0.0,0.0,0.0
1772911253.4143713,0.0,0.0,0.0
1772911253.454171,0.0,0.0,0.0
1772911253.4742856,0.0,0.0,0.0
1772911253.4953663,0.0,0.0,0.0
1772911253.513532,0.0,0.0,0.0
1772911253.5360935,0.0,0.0,0.0
1772911253.5730438,0.0,0.0,0.0
1772911253.5988855,0.0,0.0,0.0
1772911253.6291223,0.0,0.0,0.0
1772911253.6475303,0.0,0.0,0.0
1772911253.6625283,0.0,0.0,0.0
1772911253.69148,0.0,0.0,0.0
1772911253.7241378,0.0,0.0,0.0
1772911253.7636857,0.0,0.0,0.0
1772911253.7981431,0.0,0.0,0.0
1772911253.8213503,0.0,0.0,0.0
1772911253.8405144,0.0,0.0,0.0
1772911253.8661509,0.0,0.0,0.0
1772911253.9074845,0.0,0.0,0.0
1772911253.924914,0.0,0.0,0.0
1772911253.9463272,0.0,0.0,0.0
1772911253.9641516,0.0,0.0,0.0
1772911253.996015,0.0,0.0,0.0
1772911254.0154037,0.0,0.0,0.0
1772911254.036876,0.0,0.0,0.0
1772911254.0646539,0.0,0.0,0.0
1772911254.0926251,0.0,0.0,0.0
1772911254.1268432,0.0,0.0,0.0
1772911254.152378,0.0,0.0,0.0
1772911254.1783693,0.0,0.0,0.0
1772911254.2005813,0.0,0.0,0.0
1772911254.2191014,0.0,0.0,0.0
1772911254.2472563,0.0,0.0,0.0
1772911254.277154,0.0,0.0,0.0
1772911254.3003335,0.0,0.0,0.0
1772911254.346018,0.0,0.0,0.0
1772911254.372106,0.0,0.0,0.0
1772911254.3951993,0.0,0.0,0.0
1772911254.4134746,0.0,0.0,0.0
1772911254.434807,0.0,0.0,0.0
1772911254.4557583,0.0,0.0,0.0
1772911254.48189,0.0,0.0,0.0
1772911254.5108337,0.0,0.0,0.0
1772911254.530481,0.0,0.0,0.0
1772911254.5517242,0.0,0.0,0.0
1772911254.569781,0.0,0.0,0.0
1772911254.5964475,0.0,0.0,0.0
1772911254.6239052,0.0,0.0,0.0
1772911254.644224,0.0,0.0,0.0
1772911254.6709619,0.0,0.0,0.0
1772911254.6913855,0.0,0.0,0.0
1772911254.706147,0.0,0.0,0.0
1772911254.7291899,0.0,0.0,0.0
1772911254.7430482,0.0,0.0,0.0
1772911254.7601306,0.0,0.0,0.0
1772911254.77615,0.0,0.0,0.0
1772911254.800291,0.0,0.0,0.0
1772911254.850317,0.0,0.0,0.0
1772911254.8915746,0.0,0.0,0.0
1772911254.9143665,0.0,0.0,0.0
1772911254.9316819,0.0,0.0,0.0
1772911254.9450264,0.0,0.0,0.0
1772911254.959514,0.0,0.0,0.0
1772911254.9747007,0.0,0.0,0.0
1772911254.9996758,0.0,0.0,0.0
1772911255.0138996,0.0,0.0,0.0
1772911255.0451825,0.0,0.0,0.0
1772911255.0689964,0.0,0.0,0.0
1772911255.0871656,0.0,0.0,0.0
1772911255.113002,0.0,0.0,0.0
1772911255.1392622,0.0,0.0,0.0
1772911255.1755555,0.0,0.0,0.0
1772911255.2212577,0.0,0.0,0.0
1772911255.2594001,0.0,0.0,0.0
1772911255.2724614,0.0,0.0,0.0
1772911255.292587,0.0,0.0,0.0
1772911255.3069446,0.0,0.0,0.0
1772911255.3420253,0.0,0.0,0.0
1772911255.3633826,0.0,0.0,0.0
1772911255.3840475,0.0,0.0,0.0
1772911255.4052813,0.0,0.0,0.0
1772911255.4305525,0.0,0.0,0.0
1772911255.4764845,0.0,0.0,0.0
1772911255.4966433,0.0,0.0,0.0
1772911255.528049,0.0,0.0,0.0
1772911255.5487273,0.0,0.0,0.0
1772911255.5667439,0.0,0.0,0.0
1772911255.5930173,0.0,0.0,0.0
1772911255.6132221,0.0,0.0,0.0
1772911255.6450841,0.0,0.0,0.0
1772911255.6626768,0.0,0.0,0.0
1772911255.6997375,0.0,0.0,0.0
1772911255.722331,0.0,0.0,0.0
1772911255.7568934,0.0,0.0,0.0
1772911255.7953496,0.0,0.0,0.0
1772911255.823992,0.0,0.0,0.0
1772911255.8706172,0.0,0.0,0.0
1772911255.9101374,0.0,0.0,0.0
1772911255.9941566,0.0,0.0,0.0
1772911256.0412292,0.0,0.0,0.0
1772911256.1010208,0.0,0.0,0.0
1772911256.1666942,0.0,0.0,0.0
1772911256.2208219,0.0,0.0,0.0
1772911256.2562096,0.0,0.0,0.0
1772911256.2834666,0.0,0.0,0.0
1772911256.351452,0.0,0.0,0.0
1772911256.3697696,0.0,0.0,0.0
1772911256.4271843,0.0,0.0,0.0
1772911256.5021248,0.0,0.0,0.0
1772911256.5398731,0.0,0.0,0.0
1772911256.5791247,0.0,0.0,0.0
1772911256.617658,0.0,0.0,0.0
1772911256.6561904,0.0,0.0,0.0
1772911256.700598,0.0,0.0,0.0
1772911256.729789,0.0,0.0,0.0
1772911256.7461832,0.0,0.0,0.0
1772911256.7991138,0.0,0.0,0.0
1772911256.840187,0.0,0.0,0.0
1772911256.8754427,0.0,0.0,0.0
1772911256.9045837,0.0,0.0,0.0
1772911256.924156,0.0,0.0,0.0
1772911256.9611416,0.0,0.0,0.0
1772911257.0396044,0.0,0.0,0.0
1772911257.0581267,0.0,0.0,0.0
1772911257.078393,0.0,0.0,0.0
1772911257.0947113,0.0,0.0,0.0
1772911257.1198728,0.0,0.0,0.0
1772911257.1657655,0.0,0.0,0.0
1772911257.1924596,0.0,0.0,0.0
1772911257.2144623,0.0,0.0,0.0
1772911257.2450202,0.0,0.0,0.0
1772911257.2655196,0.0,0.0,0.0
1772911257.2825427,0.0,0.0,0.0
1772911257.2988374,0.0,0.0,0.0
1772911257.3370492,0.0,0.0,0.0
1772911257.3605697,0.0,0.0,0.0
1772911257.4001267,0.0,0.0,0.0
1772911257.4453218,0.0,0.0,0.0
1772911257.4601665,0.0,0.0,0.0
1772911257.473173,0.0,0.0,0.0
1772911257.4904633,0.0,0.0,0.0
1772911257.5086858,0.0,0.0,0.0
1772911257.5386329,0.0,0.0,0.0
1772911257.5744758,0.0,0.0,0.0
1772911257.598745,0.0,0.0,0.0
1772911257.6322222,0.0,0.0,0.0
1772911257.6668646,0.0,0.0,0.0
1772911257.6922011,0.0,0.0,0.0
1772911257.7178643,0.0,0.0,0.0
1772911257.740034,0.0,0.0,0.0
1772911257.7547328,0.0,0.0,0.0
1772911257.781894,0.0,0.0,0.0
1772911257.806675,0.0,0.0,0.0
1772911257.8225,0.0,0.0,0.0
1772911257.8479772,0.0,0.0,0.0
1772911257.8849149,0.0,0.0,0.0
1772911257.9059448,0.0,0.0,0.0
1772911257.9242485,0.0,0.0,0.0
1772911257.938763,0.0,0.0,0.0
1772911257.9541554,0.0,0.0,0.0
1772911257.976826,0.0,0.0,0.0
1772911257.9909952,0.0,0.0,0.0
1772911258.0106397,0.0,0.0,0.0
1772911258.0517642,0.0,0.0,0.0
1772911258.0840688,0.0,0.0,0.0
1772911258.1037354,0.0,0.0,0.0
1772911258.133462,0.0,0.0,0.0
1772911258.15797,0.0,0.0,0.0
1772911258.1836946,0.0,0.0,0.0
1772911258.2027357,0.0,0.0,0.0
1772911258.2281518,0.0,0.0,0.0
1772911258.2467365,0.0,0.0,0.0
1772911258.2680776,0.0,0.0,0.0
1772911258.2928681,0.0,0.0,0.0
1772911258.3065822,0.0,0.0,0.0
1772911258.32276,0.0,0.0,0.0
1772911258.3392656,0.0,0.0,0.0
1772911258.354019,0.0,0.0,0.0
1772911258.3807025,0.0,0.0,0.0
1772911258.4232576,0.0,0.0,0.0
1772911258.4639134,0.0,0.0,0.0
1772911258.490812,0.0,0.0,0.0
1772911258.5152235,0.0,0.0,0.0
1772911258.531095,0.0,0.0,0.0
1772911258.5575397,0.0,0.0,0.0
1772911258.592733,0.0,0.0,0.0
1772911258.6402848,0.0,0.0,0.0
1772911258.6683004,0.0,0.0,0.0
1772911258.6966982,0.0,0.0,0.0
1772911258.7142444,0.0,0.0,0.0
1772911258.748378,0.0,0.0,0.0
1772911258.7683506,0.0,0.0,0.0
1772911258.7957788,0.0,0.0,0.0
1772911258.8379073,0.0,0.0,0.0
1772911258.880508,0.0,0.0,0.0
1772911258.9100244,0.0,0.0,0.0
1772911258.9561708,0.0,0.0,0.0
1772911258.9800391,0.0,0.0,0.0
1772911258.9995418,0.0,0.0,0.0
1772911259.0459158,0.0,0.0,0.0
1772911259.060401,0.0,0.0,0.0
1772911259.0837276,0.0,0.0,0.0
1772911259.1298335,0.0,0.0,0.0
1772911259.1556268,0.0,0.0,0.0
1772911259.169235,0.0,0.0,0.0
1772911259.1889918,0.0,0.0,0.0
1772911259.2068098,0.0,0.0,0.0
1772911259.234365,0.0,0.0,0.0
1772911259.2583182,0.0,0.0,0.0
1772911259.2758603,0.0,0.0,0.0
1772911259.289725,0.0,0.0,0.0
1772911259.302558,0.0,0.0,0.0
1772911259.3333676,0.0,0.0,0.0
1772911259.3650186,0.0,0.0,0.0
1772911259.385269,0.0,0.0,0.0
1772911259.4106998,0.0,0.0,0.0
1772911259.4627984,0.0,0.0,0.0
1772911259.4930358,0.0,0.0,0.0
1772911259.5294259,0.0,0.0,0.0
1772911259.5484595,0.0,0.0,0.0
1772911259.5645914,0.0,0.0,0.0
1772911259.6026733,0.0,0.0,0.0
1772911259.6240458,0.0,0.0,0.0
1772911259.6598141,0.0,0.0,0.0
1772911259.6930716,0.0,0.0,0.0
1772911259.7433739,0.0,0.0,0.0
1772911259.7672286,0.0,0.0,0.0
1772911259.7962945,0.0,0.0,0.0
1772911259.8206968,0.0,0.0,0.0
1772911259.841187,0.0,0.0,0.0
1772911259.8644748,0.0,0.0,0.0
1772911259.8970783,0.0,0.0,0.0
1772911259.9463632,0.0,0.0,0.0
1772911259.9729004,0.0,0.0,0.0
1772911260.000512,0.0,0.0,0.0
1772911260.0367482,0.0,0.0,0.0
1772911260.06384,0.0,0.0,0.0
1772911260.0992632,0.0,0.0,0.0
1772911260.1302547,0.0,0.0,0.0
1772911260.1602783,0.0,0.0,0.0
1772911260.1877205,0.0,0.0,0.0
1772911260.211437,0.0,0.0,0.0
1772911260.2283168,0.0,0.0,0.0
1772911260.2496283,0.0,0.0,0.0
1772911260.277712,0.0,0.0,0.0
1772911260.306909,0.0,0.0,0.0
1772911260.3251328,0.0,0.0,0.0
1772911260.35007,0.0,0.0,0.0
1772911260.3734834,0.0,0.0,0.0
1772911260.388972,0.0,0.0,0.0
1772911260.4075933,0.0,0.0,0.0
1772911260.4342616,0.0,0.0,0.0
1772911260.4523199,0.0,0.0,0.0
1772911260.481219,0.0,0.0,0.0
1772911260.5055814,0.0,0.0,0.0
1772911260.5177329,0.0,0.0,0.0
1772911260.5299697,0.0,0.0,0.0
1772911260.550602,0.0,0.0,0.0
1772911260.5659282,0.0,0.0,0.0
1772911260.5940006,0.0,0.0,0.0
1772911260.625605,0.0,0.0,0.0
1772911260.6504147,0.0,0.0,0.0
1772911260.670051,0.0,0.0,0.0
1772911260.7009864,0.0,0.0,0.0
1772911260.7242017,0.0,0.0,0.0
1772911260.7575052,0.0,0.0,0.0
1772911260.7821286,0.0,0.0,0.0
1772911260.8076584,0.0,0.0,0.0
1772911260.8245234,0.0,0.0,0.0
1772911260.8566866,0.0,0.0,0.0
1772911260.8775842,0.0,0.0,0.0
1772911260.8967412,0.0,0.0,0.0
1772911260.9273026,0.0,0.0,0.0
1772911260.9556434,0.0,0.0,0.0
1772911260.9833302,0.0,0.0,0.0
1772911261.0131433,0.0,0.0,0.0
1772911261.054153,0.0,0.0,0.0
1772911261.0697975,0.0,0.0,0.0
1772911261.104909,0.0,0.0,0.0
1772911261.1240458,0.0,0.0,0.0
1772911261.1523082,0.0,0.0,0.0
1772911261.1710987,0.0,0.0,0.0
1772911261.2082396,0.0,0.0,0.0
1772911261.2251613,0.0,0.0,0.0
1772911261.2413578,0.0,0.0,0.0
1772911261.258493,0.0,0.0,0.0
1772911261.282196,0.0,0.0,0.0
1772911261.313829,0.0,0.0,0.0
1772911261.3408728,0.0,0.0,0.0
1772911261.389345,0.0,0.0,0.0
1772911261.4345863,0.0,0.0,0.0
1772911261.480205,0.0,0.0,0.0
1772911261.5198014,0.0,0.0,0.0
1772911261.6004105,0.0,0.0,0.0
1772911261.647842,0.0,0.0,0.0
1772911261.7343242,0.0,0.0,0.0
1772911261.804378,0.0,0.0,0.0
1772911261.8480008,0.0,0.0,0.0
1772911261.8849826,0.0,0.0,0.0
1772911261.9332979,0.0,0.0,0.0
1772911261.9562094,0.0,0.0,0.0
1772911262.0400696,0.0,0.0,0.0
1772911262.0810812,0.0,0.0,0.0
1772911262.1529062,0.0,0.0,0.0
1772911262.2393174,0.0,0.0,0.0
1772911262.2690167,0.0,0.0,0.0
1772911262.3131702,0.0,0.0,0.0
1772911262.3812087,0.0,0.0,0.0
1772911262.4236372,0.0,0.0,0.0
1772911262.4504888,0.0,0.0,0.0
1772911262.485374,0.0,0.0,0.0
1772911262.524387,0.0,0.0,0.0
1772911262.5664608,0.0,0.0,0.0
1772911262.6131396,0.0,0.0,0.0
1772911262.6321175,0.0,0.0,0.0
1772911262.6726062,0.0,0.0,0.0
1772911262.7310164,0.0,0.0,0.0
1772911262.7926958,0.0,0.0,0.0
1772911262.8516603,0.0,0.0,0.0
1772911262.882605,0.0,0.0,0.0
1772911262.936688,0.0,0.0,0.0
1772911262.9753356,0.0,0.0,0.0
1772911263.01554,0.0,0.0,0.0
1772911263.0635495,0.0,0.0,0.0
1772911263.12152,0.0,0.0,0.0
1772911263.1486158,0.0,0.0,0.0
1772911263.1815877,0.0,0.0,0.0
1772911263.2337039,0.0,0.0,0.0
1772911263.2711143,0.0,0.0,0.0
1772911263.2987192,0.0,0.0,0.0
1772911263.3442001,0.0,0.0,0.0
1772911263.3787827,0.0,0.0,0.0
1772911263.4059918,0.0,0.0,0.0
1772911263.4324002,0.0,0.0,0.0
1772911263.4775565,0.0,0.0,0.0
1772911263.5073073,0.0,0.0,0.0
1772911263.5241728,0.0,0.0,0.0
1772911263.5916395,0.0,0.0,0.0
1772911263.6055036,0.0,0.0,0.0
1772911263.6410384,0.0,0.0,0.0
1772911263.6848311,0.0,0.0,0.0
1772911263.730583,0.0,0.0,0.0
1772911263.7590723,0.0,0.0,0.0
1772911263.798912,0.0,0.0,0.0
1772911263.82378,0.0,0.0,0.0
1772911263.8530054,0.0,0.0,0.0
1772911263.8935544,0.0,0.0,0.0
1772911263.92422,0.0,0.0,0.0
1772911263.9722064,0.0,0.0,0.0
1772911264.0050185,0.0,0.0,0.0
1772911264.0498853,0.0,0.0,0.0
1772911264.0905678,0.0,0.0,0.0
1772911264.1508958,0.0,0.0,0.0
1772911264.1725044,0.0,0.0,0.0
1772911264.1928382,0.0,0.0,0.0
1772911264.241822,0.0,0.0,0.0
1772911264.2797108,0.0,0.0,0.0
1772911264.332583,0.0,0.0,0.0
1772911264.369307,0.0,0.0,0.0
1772911264.3866844,0.0,0.0,0.0
1772911264.4004912,0.0,0.0,0.0
1772911264.4319384,0.0,0.0,0.0
1772911264.4629934,0.0,0.0,0.0
1772911264.5076628,0.0,0.0,0.0
1772911264.532719,0.0,0.0,0.0
1772911264.5618634,0.0,0.0,0.0
1772911264.5959845,0.0,0.0,0.0
1772911264.625049,0.0,0.0,0.0
1772911264.646042,0.0,0.0,0.0
1772911264.6765265,0.0,0.0,0.0
1772911264.7175112,0.0,0.0,0.0
1772911264.7599463,0.0,0.0,0.0
1772911264.799518,0.0,0.0,0.0
1772911264.8620296,0.0,0.0,0.0
1772911264.9276772,0.0,0.0,0.0
1772911264.9614828,0.0,0.0,0.0
1772911265.0453973,0.0,0.0,0.0
1772911265.4250238,0.0,0.0,0.0
1772911265.455485,0.0,0.0,0.0
1772911265.5023024,0.0,0.0,0.0
1772911265.5793266,0.0,0.0,0.0
1772911265.6015396,0.0,0.0,0.0
1772911265.634535,0.0,0.0,0.0
1772911265.6557915,0.0,0.0,0.0
1772911265.7051013,0.0,0.0,0.0
1772911265.7582664,0.0,0.0,0.0
1772911265.791784,0.13,0.5235987755982988,29.999999999999996
1772911265.8392138,0.13,0.5235987755982988,29.999999999999996
1772911265.8657615,0.13,0.5235987755982988,29.999999999999996
1772911265.9323833,0.13,0.5235987755982988,29.999999999999996
1772911265.9619937,0.13,0.5235987755982988,29.999999999999996
1772911265.9987211,0.13,0.5235987755982988,29.999999999999996
1772911266.0571177,0.13,0.5235987755982988,29.999999999999996
1772911266.096532,0.13,0.5235987755982988,29.999999999999996
1772911266.1415255,0.13,0.5235987755982988,29.999999999999996
1772911266.2168605,0.13,0.5235987755982988,29.999999999999996
1772911266.2824445,0.13,0.5235987755982988,29.999999999999996
1772911266.3336716,0.13,0.5235987755982988,29.999999999999996
1772911266.4033458,0.13,-0.33161255787892263,-19.0
1772911266.4746237,0.13,-0.33161255787892263,-19.0
1772911266.5680027,0.13,-0.33161255787892263,-19.0
1772911266.6926172,0.13,-0.33161255787892263,-19.0
1772911266.7341425,0.13,-0.33161255787892263,-19.0
1772911266.7595043,0.13,-0.33161255787892263,-19.0
1772911266.8124788,0.13,-0.33161255787892263,-19.0
1772911266.8408353,0.13,-0.33161255787892263,-19.0
1772911266.8804767,0.13,-0.33161255787892263,-19.0
1772911266.9622107,0.13,0.5235987755982988,29.999999999999996
1772911267.002683,0.13,0.5235987755982988,29.999999999999996
1772911267.1201441,0.13,0.5235987755982988,29.999999999999996
1772911267.142826,0.13,0.5235987755982988,29.999999999999996
1772911267.1744974,0.13,0.5235987755982988,29.999999999999996
1772911267.194244,0.13,0.5235987755982988,29.999999999999996
1772911267.2501287,0.13,0.5235987755982988,29.999999999999996
1772911267.3037765,0.13,0.5235987755982988,29.999999999999996
1772911267.3848243,0.13,0.5235987755982988,29.999999999999996
1772911267.4328232,0.13,0.5235987755982988,29.999999999999996
1772911267.496659,0.13,0.5235987755982988,29.999999999999996
1772911267.5168998,0.13,0.5235987755982988,29.999999999999996
1772911267.5445712,0.13,0.5235987755982988,29.999999999999996
1772911267.594935,0.13,0.5235987755982988,29.999999999999996
1772911267.6271858,0.13,0.5235987755982988,29.999999999999996
1772911267.647354,0.13,0.5235987755982988,29.999999999999996
1772911267.6740882,0.13,0.5235987755982988,29.999999999999996
1772911267.6949801,0.13,0.5235987755982988,29.999999999999996
1772911267.715164,0.13,0.5235987755982988,29.999999999999996
1772911267.7388003,0.13,0.5235987755982988,29.999999999999996
1772911267.7660496,0.13,0.5235987755982988,29.999999999999996
1772911267.786401,0.13,0.5235987755982988,29.999999999999996
1772911267.8181367,0.13,0.5235987755982988,29.999999999999996
1772911267.8498542,0.13,0.5235987755982988,29.999999999999996
1772911267.8663723,0.13,0.5235987755982988,29.999999999999996
1772911267.902258,0.13,0.5235987755982988,29.999999999999996
1772911267.9287014,0.13,0.5235987755982988,29.999999999999996
1772911267.976801,0.13,0.5235987755982988,29.999999999999996
1772911268.0056179,0.13,0.5235987755982988,29.999999999999996
1772911268.0322294,0.13,0.5235987755982988,29.999999999999996
1772911268.0518854,0.13,0.5235987755982988,29.999999999999996
1772911268.082204,0.13,0.5235987755982988,29.999999999999996
1772911268.1092825,0.13,0.5235987755982988,29.999999999999996
1772911268.1330993,0.13,0.5235987755982988,29.999999999999996
1772911268.1542962,0.13,0.5235987755982988,29.999999999999996
1772911268.178487,0.13,0.5235987755982988,29.999999999999996
1772911268.2256558,0.13,0.5235987755982988,29.999999999999996
1772911268.2509155,0.13,0.5235987755982988,29.999999999999996
1772911268.2702992,0.13,0.5235987755982988,29.999999999999996
1772911268.2891667,0.13,0.5235987755982988,29.999999999999996
1772911268.3188972,0.13,0.5235987755982988,29.999999999999996
1772911268.342359,0.13,0.5235987755982988,29.999999999999996
1772911268.3795774,0.13,0.5235987755982988,29.999999999999996
1772911268.4326885,0.13,0.5235987755982988,29.999999999999996
1772911268.4821272,0.13,0.5235987755982988,29.999999999999996
1772911268.5358129,0.13,0.5235987755982988,29.999999999999996
1772911268.5646956,0.13,0.5235987755982988,29.999999999999996
1772911268.6047063,0.13,0.5235987755982988,29.999999999999996
1772911268.6448438,0.13,0.5235987755982988,29.999999999999996
1772911268.6794314,0.13,0.5235987755982988,29.999999999999996
1772911268.704226,0.13,0.5235987755982988,29.999999999999996
1772911268.728345,0.13,0.5235987755982988,29.999999999999996
1772911268.7522562,0.13,0.5235987755982988,29.999999999999996
1772911268.7675154,0.13,0.5235987755982988,29.999999999999996
1772911268.805008,0.13,0.5235987755982988,29.999999999999996
1772911268.8350036,0.13,0.5061454830783556,29.0
1772911268.8674731,0.13,0.5061454830783556,29.0
1772911268.8916907,0.13,0.5061454830783556,29.0
1772911268.9146292,0.13,0.5061454830783556,29.0
1772911268.9604514,0.13,0.5061454830783556,29.0
1772911268.9924219,0.13,0.5061454830783556,29.0
1772911269.0417976,0.13,0.5061454830783556,29.0
1772911269.0647404,0.13,0.5061454830783556,29.0
1772911269.1027284,0.13,0.5061454830783556,29.0
1772911269.1443326,0.13,0.4537856055185257,26.000000000000004
1772911269.171151,0.13,0.4537856055185257,26.000000000000004
1772911269.188625,0.13,0.4537856055185257,26.000000000000004
1772911269.2081158,0.13,0.4537856055185257,26.000000000000004
1772911269.2315235,0.13,0.4537856055185257,26.000000000000004
1772911269.255427,0.13,0.4537856055185257,26.000000000000004
1772911269.2973502,0.13,0.4537856055185257,26.000000000000004
1772911269.3776224,0.13,0.4537856055185257,26.000000000000004
1772911269.4219384,0.13,0.4537856055185257,26.000000000000004
1772911269.450171,0.13,0.4537856055185257,26.000000000000004
1772911269.4851255,0.1287,0.3665191429188092,21.0
1772911269.5109973,0.1287,0.3665191429188092,21.0
1772911269.5624132,0.1287,0.3665191429188092,21.0
1772911269.6034436,0.1287,0.3665191429188092,21.0
1772911269.6353674,0.1287,0.3665191429188092,21.0
1772911269.6612494,0.1287,0.3665191429188092,21.0
1772911269.7046158,0.1287,0.3665191429188092,21.0
1772911269.737943,0.1287,0.3665191429188092,21.0
1772911269.7827344,0.0754,0.20943951023931956,12.0
1772911269.8062959,0.0754,0.20943951023931956,12.0
1772911269.8323233,0.0754,0.20943951023931956,12.0
1772911269.8534994,0.0754,0.20943951023931956,12.0
1772911269.886737,0.0754,0.20943951023931956,12.0
1772911269.901347,0.0754,0.20943951023931956,12.0
1772911269.9241416,0.0754,0.20943951023931956,12.0
1772911269.946522,0.0754,0.20943951023931956,12.0
1772911269.9686584,0.0754,0.20943951023931956,12.0
1772911270.0177758,0.0754,0.20943951023931956,12.0
1772911270.0392833,0.06760000000000001,0.06981317007977318,4.0
1772911270.0623147,0.06760000000000001,0.06981317007977318,4.0
1772911270.1103187,0.06760000000000001,0.06981317007977318,4.0
1772911270.1392486,0.06760000000000001,0.06981317007977318,4.0
1772911270.164472,0.06760000000000001,0.06981317007977318,4.0
1772911270.1921666,0.06760000000000001,0.06981317007977318,4.0
1772911270.2324262,0.06760000000000001,0.06981317007977318,4.0
1772911270.2672105,0.06760000000000001,0.06981317007977318,4.0
1772911270.3024395,0.06760000000000001,0.06981317007977318,4.0
1772911270.326909,0.06760000000000001,0.06981317007977318,4.0
1772911270.3637855,0.06760000000000001,0.06981317007977318,4.0
1772911270.3805785,0.06760000000000001,0.06981317007977318,4.0
1772911270.4018857,0.1131,-0.08726646259971647,-5.0
1772911270.441428,0.1131,-0.08726646259971647,-5.0
1772911270.4893446,0.1131,-0.08726646259971647,-5.0
1772911270.541928,0.1131,-0.08726646259971647,-5.0
1772911270.566498,0.1131,-0.08726646259971647,-5.0
1772911270.5956979,0.1131,-0.08726646259971647,-5.0
1772911270.6367853,0.1131,-0.08726646259971647,-5.0
1772911270.6775646,0.13,-0.3141592653589793,-18.0
1772911270.70208,0.13,-0.3141592653589793,-18.0
1772911270.722194,0.13,-0.3141592653589793,-18.0
1772911270.7508764,0.13,-0.3141592653589793,-18.0
1772911270.771359,0.13,-0.3141592653589793,-18.0
1772911270.8035362,0.13,-0.3141592653589793,-18.0
1772911270.833062,0.13,-0.3141592653589793,-18.0
1772911270.8772159,0.13,-0.3141592653589793,-18.0
1772911270.9257317,0.13,-0.3141592653589793,-18.0
1772911270.955218,0.13,-0.3141592653589793,-18.0
1772911271.0092797,0.13,-0.3141592653589793,-18.0
1772911271.0466833,0.13,-0.4886921905584123,-28.0
1772911271.0702562,0.13,-0.4886921905584123,-28.0
1772911271.101435,0.13,-0.4886921905584123,-28.0
1772911271.1551342,0.13,-0.4886921905584123,-28.0
1772911271.1796334,0.13,-0.4886921905584123,-28.0
1772911271.2141447,0.13,-0.4886921905584123,-28.0
1772911271.2787538,0.13,-0.4886921905584123,-28.0
1772911271.312393,0.13,-0.5235987755982988,-29.999999999999996
1772911271.3430495,0.13,-0.5235987755982988,-29.999999999999996
1772911271.3803,0.13,-0.5235987755982988,-29.999999999999996
1772911271.4065404,0.13,-0.5235987755982988,-29.999999999999996
1772911271.463307,0.13,-0.5235987755982988,-29.999999999999996
1772911271.5026844,0.13,-0.5235987755982988,-29.999999999999996
1772911271.547657,0.13,-0.5235987755982988,-29.999999999999996
1772911271.5838728,0.13,-0.5235987755982988,-29.999999999999996
1772911271.6309192,0.13,-0.5235987755982988,-29.999999999999996
1772911271.6803136,0.13,-0.5235987755982988,-29.999999999999996
1772911271.7452576,0.13,-0.5235987755982988,-29.999999999999996
1772911271.7743168,0.13,-0.5235987755982988,-29.999999999999996
1772911271.8217344,0.13,-0.5235987755982988,-29.999999999999996
1772911271.8789918,0.13,-0.5235987755982988,-29.999999999999996
1772911271.9030566,0.13,-0.5235987755982988,-29.999999999999996
1772911271.9183235,0.13,-0.5235987755982988,-29.999999999999996
1772911271.943289,0.13,-0.5235987755982988,-29.999999999999996
1772911271.9780352,0.13,-0.5235987755982988,-29.999999999999996
1772911272.014792,0.13,-0.5235987755982988,-29.999999999999996
1772911272.066579,0.13,-0.5235987755982988,-29.999999999999996
1772911272.0842113,0.13,-0.5235987755982988,-29.999999999999996
1772911272.1023042,0.13,-0.5235987755982988,-29.999999999999996
1772911272.1246388,0.13,-0.5235987755982988,-29.999999999999996
1772911272.1573122,0.13,-0.5235987755982988,-29.999999999999996
1772911272.188488,0.13,-0.5235987755982988,-29.999999999999996
1772911272.221339,0.13,-0.5235987755982988,-29.999999999999996
1772911272.2423844,0.13,-0.5235987755982988,-29.999999999999996
1772911272.2681856,0.13,-0.5235987755982988,-29.999999999999996
1772911272.29943,0.13,-0.5235987755982988,-29.999999999999996
1772911272.320198,0.13,-0.5235987755982988,-29.999999999999996
1772911272.3553262,0.13,-0.5235987755982988,-29.999999999999996
1772911272.380771,0.13,-0.5235987755982988,-29.999999999999996
1772911272.4194305,0.13,-0.5235987755982988,-29.999999999999996
1772911272.4610305,0.13,-0.5235987755982988,-29.999999999999996
1772911272.4891639,0.13,-0.5235987755982988,-29.999999999999996
1772911272.5146563,0.13,-0.5235987755982988,-29.999999999999996
1772911272.5313199,0.13,-0.5235987755982988,-29.999999999999996
1772911272.5468564,0.13,-0.5235987755982988,-29.999999999999996
1772911272.5647044,0.13,-0.5235987755982988,-29.999999999999996
1772911272.5910997,0.13,-0.5235987755982988,-29.999999999999996
1772911272.633559,0.13,-0.5235987755982988,-29.999999999999996
1772911272.6660402,0.13,-0.5235987755982988,-29.999999999999996
1772911272.692151,0.13,-0.5235987755982988,-29.999999999999996
1772911272.724879,0.13,-0.5235987755982988,-29.999999999999996
1772911272.7388585,0.13,-0.5235987755982988,-29.999999999999996
1772911272.7520218,0.13,-0.5235987755982988,-29.999999999999996
1772911272.7741838,0.13,-0.5235987755982988,-29.999999999999996
1772911272.802379,0.13,-0.5235987755982988,-29.999999999999996
1772911272.8389645,0.13,-0.5235987755982988,-29.999999999999996
1772911272.862002,0.13,-0.5235987755982988,-29.999999999999996
1772911272.940146,0.13,-0.5235987755982988,-29.999999999999996
1772911272.9651053,0.13,-0.5235987755982988,-29.999999999999996
1772911273.0217063,0.13,-0.5235987755982988,-29.999999999999996
1772911273.0477004,0.13,-0.5235987755982988,-29.999999999999996
1772911273.0661688,0.13,-0.5235987755982988,-29.999999999999996
1772911273.0961382,0.13,-0.5235987755982988,-29.999999999999996
1772911273.1319106,0.13,-0.5235987755982988,-29.999999999999996
1772911273.154287,0.13,-0.5235987755982988,-29.999999999999996
1772911273.1917388,0.13,-0.5235987755982988,-29.999999999999996
1772911273.2360594,0.13,-0.5235987755982988,-29.999999999999996
1772911273.2735202,0.13,-0.5235987755982988,-29.999999999999996
1772911273.3234859,0.13,-0.5235987755982988,-29.999999999999996
1772911273.3607733,0.13,-0.5235987755982988,-29.999999999999996
1772911273.4295678,0.13,-0.5235987755982988,-29.999999999999996
1772911273.4568062,0.13,-0.5235987755982988,-29.999999999999996
1772911273.5103774,0.13,-0.5235987755982988,-29.999999999999996
1772911273.5692701,0.13,-0.5235987755982988,-29.999999999999996
1772911273.6404068,0.13,-0.5235987755982988,-29.999999999999996
1772911273.6642525,0.13,-0.5235987755982988,-29.999999999999996
1772911273.7295752,0.13,-0.5235987755982988,-29.999999999999996
1772911273.7524862,0.13,-0.5235987755982988,-29.999999999999996
1772911273.8091953,0.13,-0.5235987755982988,-29.999999999999996
1772911273.866864,0.13,-0.5235987755982988,-29.999999999999996
1772911274.0040476,0.13,-0.5235987755982988,-29.999999999999996
1772911274.0454807,0.13,-0.5235987755982988,-29.999999999999996
1772911274.0741017,0.13,-0.5235987755982988,-29.999999999999996
1772911274.1238623,0.13,-0.5235987755982988,-29.999999999999996
1772911274.1704943,0.13,-0.5235987755982988,-29.999999999999996
1772911274.229404,0.13,-0.5235987755982988,-29.999999999999996
1772911274.3005178,0.13,-0.5235987755982988,-29.999999999999996
1772911274.34336,0.13,-0.5235987755982988,-29.999999999999996
1772911274.377986,0.13,-0.5235987755982988,-29.999999999999996
1772911274.4527116,0.13,-0.5235987755982988,-29.999999999999996
1772911274.4714673,0.13,-0.5235987755982988,-29.999999999999996
1772911274.5322428,0.13,-0.5235987755982988,-29.999999999999996
1772911274.5616207,0.13,-0.5235987755982988,-29.999999999999996
1772911274.5949244,0.13,-0.5235987755982988,-29.999999999999996
1772911274.6397195,0.13,-0.5235987755982988,-29.999999999999996
1772911274.673182,0.13,-0.5235987755982988,-29.999999999999996
1772911274.6874676,0.13,-0.5235987755982988,-29.999999999999996
1772911274.7297218,0.13,-0.5235987755982988,-29.999999999999996
1772911274.7529984,0.13,-0.5235987755982988,-29.999999999999996
1772911274.7719622,0.13,-0.5235987755982988,-29.999999999999996
1772911274.8048937,0.13,-0.5235987755982988,-29.999999999999996
1772911274.8433485,0.13,-0.5235987755982988,-29.999999999999996
1772911274.8836336,0.13,-0.5235987755982988,-29.999999999999996
1772911274.9341123,0.13,-0.5235987755982988,-29.999999999999996
1772911274.9603734,0.13,-0.5235987755982988,-29.999999999999996
1772911275.0154264,0.13,-0.5235987755982988,-29.999999999999996
1772911275.0789578,0.13,-0.5235987755982988,-29.999999999999996
1772911275.0961406,0.13,-0.5235987755982988,-29.999999999999996
1772911275.1649876,0.13,-0.5235987755982988,-29.999999999999996
1772911275.191207,0.13,-0.5235987755982988,-29.999999999999996
1772911275.2243133,0.13,-0.5235987755982988,-29.999999999999996
1772911275.265103,0.13,-0.5235987755982988,-29.999999999999996
1772911275.3295877,0.13,-0.5235987755982988,-29.999999999999996
1772911275.3834064,0.13,-0.5235987755982988,-29.999999999999996
1772911275.4212227,0.13,-0.5235987755982988,-29.999999999999996
1772911275.5034502,0.13,-0.5235987755982988,-29.999999999999996
1772911275.5364323,0.13,-0.5235987755982988,-29.999999999999996
1772911275.5656316,0.13,-0.5235987755982988,-29.999999999999996
1772911275.622489,0.13,-0.5235987755982988,-29.999999999999996
1772911275.649494,0.13,-0.5235987755982988,-29.999999999999996
1772911275.6843688,0.13,-0.5235987755982988,-29.999999999999996
1772911275.700044,0.13,-0.5235987755982988,-29.999999999999996
1772911275.7213821,0.13,-0.5235987755982988,-29.999999999999996
1772911275.74116,0.13,-0.5235987755982988,-29.999999999999996
1772911275.7585282,0.13,-0.5235987755982988,-29.999999999999996
1772911275.7910178,0.13,-0.5235987755982988,-29.999999999999996
1772911275.8148084,0.13,-0.5235987755982988,-29.999999999999996
1772911275.8383644,0.13,-0.5235987755982988,-29.999999999999996
1772911275.8543375,0.13,-0.5235987755982988,-29.999999999999996
1772911275.8776088,0.13,-0.5235987755982988,-29.999999999999996
1772911275.9025674,0.13,-0.5235987755982988,-29.999999999999996
1772911275.9538891,0.13,-0.5235987755982988,-29.999999999999996
1772911275.9713862,0.13,-0.5235987755982988,-29.999999999999996
1772911275.992503,0.13,-0.5235987755982988,-29.999999999999996
1772911276.0059392,0.13,-0.5235987755982988,-29.999999999999996
1772911276.0320516,0.13,-0.5235987755982988,-29.999999999999996
1772911276.052656,0.13,-0.5235987755982988,-29.999999999999996
1772911276.0838876,0.13,-0.5235987755982988,-29.999999999999996
1772911276.1025515,0.13,-0.5235987755982988,-29.999999999999996
1772911276.1286917,0.13,-0.5235987755982988,-29.999999999999996
1772911276.151452,0.13,-0.5235987755982988,-29.999999999999996
1772911276.1866732,0.13,-0.5235987755982988,-29.999999999999996
1772911276.2445304,0.13,-0.5235987755982988,-29.999999999999996
1772911276.272653,0.13,-0.5235987755982988,-29.999999999999996
1772911276.3064048,0.13,-0.5235987755982988,-29.999999999999996
1772911276.3444831,0.13,-0.5235987755982988,-29.999999999999996
1772911276.3698258,0.13,-0.5235987755982988,-29.999999999999996
1772911276.388546,0.12090000000000001,-0.4537856055185257,-26.000000000000004
1772911276.4122148,0.12090000000000001,-0.4537856055185257,-26.000000000000004
1772911276.4402995,0.12090000000000001,-0.4537856055185257,-26.000000000000004
1772911276.463349,0.12090000000000001,-0.4537856055185257,-26.000000000000004
1772911276.481686,0.12090000000000001,-0.4537856055185257,-26.000000000000004
1772911276.5590446,0.12090000000000001,-0.4537856055185257,-26.000000000000004
1772911276.5908089,0.12090000000000001,-0.4537856055185257,-26.000000000000004
1772911276.6320138,0.12090000000000001,-0.4537856055185257,-26.000000000000004
1772911276.6565664,0.12090000000000001,-0.4537856055185257,-26.000000000000004
1772911276.6972764,0.1092,-0.4014257279586958,-23.0
1772911276.7269595,0.1092,-0.4014257279586958,-23.0
1772911276.7537823,0.1092,-0.4014257279586958,-23.0
1772911276.8014832,0.1092,-0.4014257279586958,-23.0
1772911276.8327127,0.1092,-0.4014257279586958,-23.0
1772911276.8559153,0.1092,-0.4014257279586958,-23.0
1772911276.8795094,0.1092,-0.4014257279586958,-23.0
1772911276.9494553,0.1092,-0.4014257279586958,-23.0
1772911276.9864368,0.11960000000000001,-0.3839724354387525,-21.999999999999996
1772911277.0111089,0.11960000000000001,-0.3839724354387525,-21.999999999999996
1772911277.033914,0.11960000000000001,-0.3839724354387525,-21.999999999999996
1772911277.0470073,0.11960000000000001,-0.3839724354387525,-21.999999999999996
1772911277.0737996,0.11960000000000001,-0.3839724354387525,-21.999999999999996
1772911277.1182346,0.11960000000000001,-0.3839724354387525,-21.999999999999996
1772911277.1539536,0.11960000000000001,-0.3839724354387525,-21.999999999999996
1772911277.1879501,0.11960000000000001,-0.3839724354387525,-21.999999999999996
1772911277.2240953,0.11960000000000001,-0.3839724354387525,-21.999999999999996
1772911277.2909088,0.11960000000000001,-0.3839724354387525,-21.999999999999996
1772911277.3286755,0.1261,-0.4014257279586958,-23.0
1772911277.3537643,0.1261,-0.4014257279586958,-23.0
1772911277.3779325,0.1261,-0.4014257279586958,-23.0
1772911277.395001,0.1261,-0.4014257279586958,-23.0
1772911277.448623,0.1261,-0.4014257279586958,-23.0
1772911277.4918268,0.1261,-0.4014257279586958,-23.0
1772911277.5157158,0.1261,-0.4014257279586958,-23.0
1772911277.5601788,0.1261,-0.4014257279586958,-23.0
1772911277.6205368,0.117,-0.3839724354387525,-21.999999999999996
1772911277.653527,0.117,-0.3839724354387525,-21.999999999999996
1772911277.6927652,0.117,-0.3839724354387525,-21.999999999999996
1772911277.7414165,0.117,-0.3839724354387525,-21.999999999999996
1772911277.7666717,0.117,-0.3839724354387525,-21.999999999999996
1772911277.795082,0.117,-0.3839724354387525,-21.999999999999996
1772911277.829524,0.117,-0.3839724354387525,-21.999999999999996
1772911277.8637176,0.117,-0.3839724354387525,-21.999999999999996
1772911277.9039917,0.13,-0.47123889803846897,-27.0
1772911277.9240155,0.13,-0.47123889803846897,-27.0
1772911277.9422235,0.13,-0.47123889803846897,-27.0
1772911277.9599688,0.13,-0.47123889803846897,-27.0
1772911277.9925694,0.13,-0.47123889803846897,-27.0
1772911278.0408988,0.13,-0.47123889803846897,-27.0
1772911278.075614,0.13,-0.47123889803846897,-27.0
1772911278.0960147,0.13,-0.47123889803846897,-27.0
1772911278.1200795,0.13,-0.47123889803846897,-27.0
1772911278.140241,0.13,-0.5061454830783556,-29.0
1772911278.1732638,0.13,-0.5061454830783556,-29.0
1772911278.1984372,0.13,-0.5061454830783556,-29.0
1772911278.2253158,0.13,-0.5061454830783556,-29.0
1772911278.2614818,0.13,-0.5061454830783556,-29.0
1772911278.3029568,0.13,-0.5061454830783556,-29.0
1772911278.3352835,0.13,-0.5061454830783556,-29.0
1772911278.3542392,0.13,-0.5061454830783556,-29.0
1772911278.3864348,0.13,-0.5061454830783556,-29.0
1772911278.4142172,0.13,-0.5061454830783556,-29.0
1772911278.4386506,0.13,-0.5061454830783556,-29.0
1772911278.4690933,0.13,-0.5061454830783556,-29.0
1772911278.521263,0.13,-0.5061454830783556,-29.0
1772911278.5522568,0.13,-0.5061454830783556,-29.0
1772911278.5802684,0.13,-0.5061454830783556,-29.0
1772911278.6139133,0.13,-0.5061454830783556,-29.0
1772911278.6497889,0.13,-0.5061454830783556,-29.0
1772911278.6871848,0.13,-0.5061454830783556,-29.0
1772911278.7473795,0.13,-0.5061454830783556,-29.0
1772911278.784779,0.13,-0.47123889803846897,-27.0
1772911278.800995,0.13,-0.47123889803846897,-27.0
1772911278.8214557,0.13,-0.47123889803846897,-27.0
1772911278.848143,0.13,-0.47123889803846897,-27.0
1772911278.874625,0.13,-0.47123889803846897,-27.0
1772911278.90203,0.13,-0.47123889803846897,-27.0
1772911278.9495735,0.13,-0.47123889803846897,-27.0
1772911278.9689038,0.13,-0.47123889803846897,-27.0
1772911278.9996943,0.13,-0.47123889803846897,-27.0
1772911279.021813,0.13,-0.47123889803846897,-27.0
1772911279.0574274,0.13,-0.47123889803846897,-27.0
1772911279.0930574,0.13,-0.47123889803846897,-27.0
1772911279.1331222,0.13,-0.47123889803846897,-27.0
1772911279.1542535,0.13,-0.47123889803846897,-27.0
1772911279.1879427,0.13,-0.47123889803846897,-27.0
1772911279.2534359,0.13,-0.47123889803846897,-27.0
1772911279.2869089,0.13,-0.47123889803846897,-27.0
1772911279.3201141,0.13,-0.47123889803846897,-27.0
1772911279.3447595,0.13,-0.47123889803846897,-27.0
1772911279.3663688,0.13,-0.47123889803846897,-27.0
1772911279.398192,0.13,-0.4363323129985824,-25.0
1772911279.4170551,0.13,-0.4363323129985824,-25.0
1772911279.4382873,0.13,-0.4363323129985824,-25.0
1772911279.4534938,0.13,-0.4363323129985824,-25.0
1772911279.4779,0.13,-0.4363323129985824,-25.0
1772911279.5010676,0.13,-0.4363323129985824,-25.0
1772911279.5214052,0.13,-0.4363323129985824,-25.0
1772911279.545644,0.13,-0.4363323129985824,-25.0
1772911279.5674999,0.13,-0.4363323129985824,-25.0
1772911279.5985298,0.13,-0.4363323129985824,-25.0
1772911279.617414,0.13,-0.4363323129985824,-25.0
1772911279.6550035,0.13,-0.4363323129985824,-25.0
1772911279.6858375,0.13,-0.4363323129985824,-25.0
1772911279.7272573,0.13,-0.4363323129985824,-25.0
1772911279.748184,0.13,-0.4363323129985824,-25.0
1772911279.766017,0.13,-0.4363323129985824,-25.0
1772911279.7905989,0.13,-0.4363323129985824,-25.0
1772911279.8544774,0.13,-0.4363323129985824,-25.0
1772911279.9314768,0.13,-0.4363323129985824,-25.0
1772911279.9608934,0.13,-0.4363323129985824,-25.0
1772911280.0083098,0.13,-0.4363323129985824,-25.0
1772911280.0598695,0.13,-0.4363323129985824,-25.0
1772911280.0806599,0.13,-0.4363323129985824,-25.0
1772911280.1242614,0.13,-0.4363323129985824,-25.0
1772911280.159771,0.13,-0.4363323129985824,-25.0
1772911280.1818588,0.13,-0.4363323129985824,-25.0
1772911280.2067742,0.13,-0.4363323129985824,-25.0
1772911280.2463188,0.13,-0.4363323129985824,-25.0
1772911280.2686982,0.13,-0.4886921905584123,-28.0
1772911280.3218374,0.13,-0.4886921905584123,-28.0
1772911280.3451004,0.13,-0.4886921905584123,-28.0
1772911280.3648367,0.13,-0.4886921905584123,-28.0
1772911280.38897,0.13,-0.4886921905584123,-28.0
1772911280.4142075,0.13,-0.4886921905584123,-28.0
1772911280.4557047,0.13,-0.4886921905584123,-28.0
1772911280.4789672,0.13,-0.4886921905584123,-28.0
1772911280.4951205,0.13,-0.4886921905584123,-28.0
1772911280.5302036,0.13,-0.5061454830783556,-29.0
1772911280.5709963,0.13,-0.5061454830783556,-29.0
1772911280.610692,0.13,-0.5061454830783556,-29.0
1772911280.656888,0.13,-0.5061454830783556,-29.0
1772911280.7073998,0.13,-0.5061454830783556,-29.0
1772911280.73586,0.13,-0.5061454830783556,-29.0
1772911280.7834983,0.13,-0.5061454830783556,-29.0
1772911280.8010268,0.13,-0.5061454830783556,-29.0
1772911280.8142476,0.13,-0.5061454830783556,-29.0
1772911280.8291798,0.13,-0.5061454830783556,-29.0
1772911280.8462765,0.13,-0.5061454830783556,-29.0
1772911280.8724253,0.13,-0.5061454830783556,-29.0
1772911280.915566,0.13,-0.5061454830783556,-29.0
1772911280.9577,0.13,-0.5061454830783556,-29.0
1772911280.9918423,0.13,-0.5061454830783556,-29.0
1772911281.0696855,0.13,-0.5061454830783556,-29.0
1772911281.1415594,0.13,-0.5061454830783556,-29.0
1772911281.1747084,0.13,-0.47123889803846897,-27.0
1772911281.1947281,0.13,-0.47123889803846897,-27.0
1772911281.221152,0.13,-0.47123889803846897,-27.0
1772911281.268807,0.13,-0.47123889803846897,-27.0
1772911281.3439682,0.13,-0.47123889803846897,-27.0
1772911281.3792276,0.13,-0.47123889803846897,-27.0
1772911281.4028413,0.13,-0.47123889803846897,-27.0
1772911281.4243855,0.13,-0.47123889803846897,-27.0
1772911281.4442244,0.13,-0.47123889803846897,-27.0
1772911281.4663408,0.13,-0.4363323129985824,-25.0
1772911281.485868,0.13,-0.4363323129985824,-25.0
1772911281.5141463,0.13,-0.4363323129985824,-25.0
1772911281.5358508,0.13,-0.4363323129985824,-25.0
1772911281.5539427,0.13,-0.4363323129985824,-25.0
1772911281.578798,0.13,-0.4363323129985824,-25.0
1772911281.59308,0.13,-0.4363323129985824,-25.0
1772911281.6426332,0.13,-0.4363323129985824,-25.0
1772911281.6859784,0.13,-0.4363323129985824,-25.0
1772911281.706698,0.13,-0.4363323129985824,-25.0
1772911281.7341096,0.13,-0.4014257279586958,-23.0
1772911281.7484198,0.13,-0.4014257279586958,-23.0
1772911281.762499,0.13,-0.4014257279586958,-23.0
1772911281.7840405,0.13,-0.4014257279586958,-23.0
1772911281.80305,0.13,-0.4014257279586958,-23.0
1772911281.8639998,0.13,-0.4014257279586958,-23.0
1772911281.8900812,0.13,-0.4014257279586958,-23.0
1772911281.9429271,0.13,-0.4014257279586958,-23.0
1772911281.9704177,0.13,-0.4014257279586958,-23.0
1772911281.989817,0.13,-0.4014257279586958,-23.0
1772911282.0075173,0.13,-0.4014257279586958,-23.0
1772911282.0295784,0.13,-0.3665191429188092,-21.0
1772911282.0501359,0.13,-0.3665191429188092,-21.0
1772911282.0989072,0.13,-0.3665191429188092,-21.0
1772911282.1488278,0.13,-0.3665191429188092,-21.0
1772911282.278786,0.13,-0.3665191429188092,-21.0
1772911282.327082,0.13,-0.3665191429188092,-21.0
1772911282.417058,0.13,-0.3665191429188092,-21.0
1772911282.499872,0.13,-0.3665191429188092,-21.0
1772911282.5767417,0.13,-0.3665191429188092,-21.0
1772911282.6629279,0.13,-0.3665191429188092,-21.0
1772911282.7474744,0.13,-0.3665191429188092,-21.0
1772911282.7710261,0.13,-0.3665191429188092,-21.0
1772911282.8132148,0.13,-0.3665191429188092,-21.0
1772911282.8425963,0.13,-0.3665191429188092,-21.0
1772911282.8777714,0.13,-0.3665191429188092,-21.0
1772911282.9051943,0.13,-0.3665191429188092,-21.0
1772911282.9224558,0.13,-0.3665191429188092,-21.0
1772911282.9691217,0.13,-0.3665191429188092,-21.0
1772911282.9905791,0.13,-0.3665191429188092,-21.0
1772911283.0150154,0.13,-0.3665191429188092,-21.0
1772911283.054921,0.13,-0.3665191429188092,-21.0
1772911283.1083038,0.13,-0.3665191429188092,-21.0
1772911283.140359,0.13,-0.3665191429188092,-21.0
1772911283.1919112,0.13,-0.3665191429188092,-21.0
1772911283.2852843,0.13,-0.3665191429188092,-21.0
1772911283.311377,0.13,-0.3665191429188092,-21.0
1772911283.3270628,0.13,-0.3665191429188092,-21.0
1772911283.356649,0.13,-0.3665191429188092,-21.0
1772911283.427296,0.13,-0.3665191429188092,-21.0
1772911283.453688,0.13,-0.3665191429188092,-21.0
1772911283.4892375,0.13,-0.3665191429188092,-21.0
1772911283.5240462,0.13,-0.3141592653589793,-18.0
1772911283.5559454,0.13,-0.3141592653589793,-18.0
1772911283.578322,0.13,-0.3141592653589793,-18.0
1772911283.5960412,0.13,-0.3141592653589793,-18.0
1772911283.6122954,0.13,-0.3141592653589793,-18.0
1772911283.6452236,0.13,-0.3141592653589793,-18.0
1772911283.668863,0.13,-0.3141592653589793,-18.0
1772911283.697465,0.13,-0.3141592653589793,-18.0
1772911283.7262223,0.13,-0.3141592653589793,-18.0
1772911283.7565448,0.13,-0.3141592653589793,-18.0
1772911283.7848403,0.13,-0.3141592653589793,-18.0
1772911283.8086061,0.13,-0.2617993877991494,-14.999999999999998
1772911283.8418798,0.13,-0.2617993877991494,-14.999999999999998
1772911283.870747,0.13,-0.2617993877991494,-14.999999999999998
1772911283.9144998,0.13,-0.2617993877991494,-14.999999999999998
1772911283.9376543,0.13,-0.2617993877991494,-14.999999999999998
1772911283.971646,0.13,-0.2617993877991494,-14.999999999999998
1772911284.0103881,0.13,-0.2617993877991494,-14.999999999999998
1772911284.0739214,0.13,-0.2617993877991494,-14.999999999999998
1772911284.0963812,0.13,-0.2617993877991494,-14.999999999999998
1772911284.1136544,0.13,-0.2617993877991494,-14.999999999999998
1772911284.1550655,0.13,-0.2617993877991494,-14.999999999999998
1772911284.1780534,0.13,-0.2617993877991494,-14.999999999999998
1772911284.2126086,0.13,-0.19198621771937624,-10.999999999999998
1772911284.2473419,0.13,-0.19198621771937624,-10.999999999999998
1772911284.2658417,0.13,-0.19198621771937624,-10.999999999999998
1772911284.290584,0.13,-0.19198621771937624,-10.999999999999998
1772911284.3357298,0.13,-0.19198621771937624,-10.999999999999998
1772911284.3570747,0.13,-0.19198621771937624,-10.999999999999998
1772911284.3859727,0.13,-0.19198621771937624,-10.999999999999998
1772911284.4340017,0.13,-0.19198621771937624,-10.999999999999998
1772911284.457367,0.13,-0.19198621771937624,-10.999999999999998
1772911284.483516,0.13,-0.19198621771937624,-10.999999999999998
1772911284.5139272,0.13,-0.15707963267948966,-9.0
1772911284.534791,0.13,-0.15707963267948966,-9.0
1772911284.5565662,0.13,-0.15707963267948966,-9.0
1772911284.6006017,0.13,-0.15707963267948966,-9.0
1772911284.6436684,0.13,-0.15707963267948966,-9.0
1772911284.6748433,0.13,-0.15707963267948966,-9.0
1772911284.717922,0.13,-0.15707963267948966,-9.0
1772911284.750976,0.13,-0.15707963267948966,-9.0
1772911284.7855387,0.13,-0.13962634015954636,-8.0
1772911284.8071764,0.13,-0.13962634015954636,-8.0
1772911284.8481965,0.13,-0.13962634015954636,-8.0
1772911284.8680763,0.13,-0.13962634015954636,-8.0
1772911284.9050229,0.13,-0.13962634015954636,-8.0
1772911284.9256089,0.13,-0.13962634015954636,-8.0
1772911284.9706829,0.13,-0.13962634015954636,-8.0
1772911285.0222075,0.13,-0.10471975511965978,-6.0
1772911285.061188,0.13,-0.10471975511965978,-6.0
1772911285.1026223,0.13,-0.10471975511965978,-6.0
1772911285.1232913,0.13,-0.10471975511965978,-6.0
1772911285.151853,0.13,-0.10471975511965978,-6.0
1772911285.1869779,0.13,-0.10471975511965978,-6.0
1772911285.202094,0.13,-0.10471975511965978,-6.0
1772911285.2317314,0.13,-0.10471975511965978,-6.0
1772911285.2491572,0.13,-0.10471975511965978,-6.0
1772911285.2899504,0.13,-0.10471975511965978,-6.0
1772911285.321686,0.13,-0.10471975511965978,-6.0
1772911285.3458626,0.13,-0.10471975511965978,-6.0
1772911285.376666,0.13,-0.10471975511965978,-6.0
1772911285.422823,0.13,-0.10471975511965978,-6.0
1772911285.454481,0.13,-0.10471975511965978,-6.0
1772911285.4723697,0.13,-0.10471975511965978,-6.0
1772911285.5081801,0.13,-0.10471975511965978,-6.0
1772911285.5381217,0.13,-0.10471975511965978,-6.0
1772911285.555002,0.13,-0.10471975511965978,-6.0
1772911285.5705278,0.13,-0.10471975511965978,-6.0
1772911285.600273,0.13,-0.10471975511965978,-6.0
1772911285.627983,0.13,-0.10471975511965978,-6.0
1772911285.6515703,0.13,-0.10471975511965978,-6.0
1772911285.6761403,0.13,-0.10471975511965978,-6.0
1772911285.7036085,0.13,-0.10471975511965978,-6.0
1772911285.7220325,0.13,-0.10471975511965978,-6.0
1772911285.737128,0.13,-0.10471975511965978,-6.0
1772911285.753265,0.13,-0.10471975511965978,-6.0
1772911285.790397,0.13,-0.10471975511965978,-6.0
1772911285.845745,0.13,-0.10471975511965978,-6.0
1772911285.8867106,0.13,-0.10471975511965978,-6.0
1772911285.9411037,0.13,-0.10471975511965978,-6.0
1772911285.9583905,0.13,-0.10471975511965978,-6.0
1772911285.9858222,0.13,-0.10471975511965978,-6.0
1772911286.008723,0.13,-0.10471975511965978,-6.0
1772911286.0453453,0.13,-0.10471975511965978,-6.0
1772911286.0677762,0.13,-0.10471975511965978,-6.0
1772911286.0868287,0.13,-0.10471975511965978,-6.0
1772911286.115198,0.13,-0.10471975511965978,-6.0
1772911286.1398737,0.13,-0.10471975511965978,-6.0
1772911286.1830804,0.13,-0.10471975511965978,-6.0
1772911286.2272496,0.13,-0.08726646259971647,-5.0
1772911286.2703588,0.13,-0.08726646259971647,-5.0
1772911286.3085046,0.13,-0.08726646259971647,-5.0
1772911286.334212,0.13,-0.08726646259971647,-5.0
1772911286.3649814,0.13,-0.08726646259971647,-5.0
1772911286.3821044,0.13,-0.08726646259971647,-5.0
1772911286.4095852,0.13,-0.08726646259971647,-5.0
1772911286.4390683,0.13,-0.08726646259971647,-5.0
1772911286.4655733,0.13,-0.08726646259971647,-5.0
1772911286.5226269,0.13,-0.08726646259971647,-5.0
1772911286.562955,0.13,-0.05235987755982989,-3.0
1772911286.5812867,0.13,-0.05235987755982989,-3.0
1772911286.6024044,0.13,-0.05235987755982989,-3.0
1772911286.633602,0.13,-0.05235987755982989,-3.0
1772911286.6625104,0.13,-0.05235987755982989,-3.0
1772911286.6807685,0.13,-0.05235987755982989,-3.0
1772911286.7336502,0.13,-0.05235987755982989,-3.0
1772911286.787942,0.13,-0.05235987755982989,-3.0
1772911286.8486645,0.13,-0.05235987755982989,-3.0
1772911286.8728032,0.13,-0.017453292519943295,-1.0
1772911286.9084625,0.13,-0.017453292519943295,-1.0
1772911286.943267,0.13,-0.017453292519943295,-1.0
1772911286.965155,0.13,-0.017453292519943295,-1.0
1772911286.9897091,0.13,-0.017453292519943295,-1.0
1772911287.05478,0.13,-0.017453292519943295,-1.0
1772911287.079568,0.13,-0.017453292519943295,-1.0
1772911287.097631,0.13,-0.017453292519943295,-1.0
1772911287.1168203,0.13,-0.017453292519943295,-1.0
1772911287.145923,0.13,0.0,0.0
1772911287.188708,0.13,0.0,0.0
1772911287.2213266,0.13,0.0,0.0
1772911287.254805,0.13,0.0,0.0
1772911287.2710326,0.13,0.0,0.0
1772911287.2850492,0.13,0.0,0.0
1772911287.3373437,0.13,0.0,0.0
1772911287.4086046,0.13,0.0,0.0
1772911287.4456906,0.13,0.0,0.0
1772911287.473639,0.13,0.0,0.0
1772911287.4897392,0.13,0.0,0.0
1772911287.514266,0.13,0.0,0.0
1772911287.531611,0.13,0.0,0.0
1772911287.5581563,0.13,0.0,0.0
1772911287.5920465,0.13,0.0,0.0
1772911287.6437304,0.13,0.0,0.0
1772911287.6771855,0.13,0.0,0.0
1772911287.7117138,0.13,0.0,0.0
1772911287.7337663,0.13,0.0,0.0
1772911287.75003,0.13,0.0,0.0
1772911287.7685483,0.13,0.0,0.0
1772911287.790917,0.13,0.0,0.0
1772911287.8332012,0.13,0.0,0.0
1772911287.8539662,0.13,0.0,0.0
1772911287.8890817,0.13,0.0,0.0
1772911287.905702,0.13,0.0,0.0
1772911287.919433,0.13,0.0,0.0
1772911287.939684,0.13,0.0,0.0
1772911287.955868,0.13,0.0,0.0
1772911287.9716706,0.13,0.0,0.0
1772911288.008288,0.13,0.0,0.0
1772911288.049882,0.13,0.05235987755982989,3.0
1772911288.0902107,0.13,0.05235987755982989,3.0
1772911288.1065416,0.13,0.05235987755982989,3.0
1772911288.1239069,0.13,0.05235987755982989,3.0
1772911288.1387146,0.13,0.05235987755982989,3.0
1772911288.1532464,0.13,0.05235987755982989,3.0
1772911288.169495,0.13,0.05235987755982989,3.0
1772911288.2193012,0.13,0.05235987755982989,3.0
1772911288.24962,0.13,0.05235987755982989,3.0
1772911288.295694,0.13,0.05235987755982989,3.0
1772911288.3410437,0.13,0.05235987755982989,3.0
1772911288.3842077,0.13,0.05235987755982989,3.0
1772911288.4408605,0.13,0.05235987755982989,3.0
1772911288.484457,0.13,0.05235987755982989,3.0
1772911288.5418768,0.13,0.05235987755982989,3.0
1772911288.5826013,0.13,0.05235987755982989,3.0
1772911288.5991611,0.13,0.05235987755982989,3.0
1772911288.6325588,0.13,0.05235987755982989,3.0
1772911288.658982,0.1261,0.05235987755982989,3.0
1772911288.6976988,0.1261,0.05235987755982989,3.0
1772911288.727626,0.1261,0.05235987755982989,3.0
1772911288.7582982,0.1261,0.05235987755982989,3.0
1772911288.7745786,0.1261,0.05235987755982989,3.0
1772911288.7911165,0.1261,0.05235987755982989,3.0
1772911288.8310966,0.1261,0.05235987755982989,3.0
1772911288.8673558,0.1261,0.05235987755982989,3.0
1772911288.8893952,0.1261,0.05235987755982989,3.0
1772911288.9133332,0.1261,0.05235987755982989,3.0
1772911288.9290159,0.1248,0.05235987755982989,3.0
1772911288.9449792,0.1248,0.05235987755982989,3.0
1772911288.9614277,0.1248,0.05235987755982989,3.0
1772911288.9836066,0.1248,0.05235987755982989,3.0
1772911289.0044124,0.1248,0.05235987755982989,3.0
1772911289.0350244,0.1248,0.05235987755982989,3.0
1772911289.058495,0.1248,0.05235987755982989,3.0
1772911289.0725186,0.1248,0.05235987755982989,3.0
1772911289.0924232,0.1248,0.05235987755982989,3.0
1772911289.122401,0.1248,0.05235987755982989,3.0
1772911289.1516888,0.1248,0.05235987755982989,3.0
1772911289.1746228,0.1248,0.05235987755982989,3.0
1772911289.2011042,0.1261,0.03490658503988659,2.0
1772911289.229257,0.1261,0.03490658503988659,2.0
1772911289.2505789,0.1261,0.03490658503988659,2.0
1772911289.270152,0.1261,0.03490658503988659,2.0
1772911289.2855818,0.1261,0.03490658503988659,2.0
1772911289.3029718,0.1261,0.03490658503988659,2.0
1772911289.3234386,0.1261,0.03490658503988659,2.0
1772911289.3402874,0.1261,0.03490658503988659,2.0
1772911289.35578,0.1261,0.03490658503988659,2.0
1772911289.3815534,0.1261,0.03490658503988659,2.0
1772911289.4044569,0.1261,0.03490658503988659,2.0
1772911289.4380145,0.1261,0.03490658503988659,2.0
1772911289.4565938,0.1261,0.03490658503988659,2.0
1772911289.498347,0.1261,0.03490658503988659,2.0
1772911289.524,0.1261,0.03490658503988659,2.0
1772911289.542945,0.1222,0.017453292519943295,1.0
1772911289.565326,0.1222,0.017453292519943295,1.0
1772911289.5885813,0.1222,0.017453292519943295,1.0
1772911289.6184964,0.1222,0.017453292519943295,1.0
1772911289.6474817,0.1222,0.017453292519943295,1.0
1772911289.6621547,0.1222,0.017453292519943295,1.0
1772911289.6851838,0.1222,0.017453292519943295,1.0
1772911289.7368145,0.1222,0.017453292519943295,1.0
1772911289.819643,0.1222,0.017453292519943295,1.0
1772911289.8414385,0.1222,0.017453292519943295,1.0
1772911289.8660128,0.1287,0.0,0.0
1772911289.9110665,0.1287,0.0,0.0
1772911289.941972,0.1287,0.0,0.0
1772911289.9680307,0.1287,0.0,0.0
1772911289.9829373,0.1287,0.0,0.0
1772911290.0048382,0.1287,0.0,0.0
1772911290.0671854,0.1287,0.0,0.0
1772911290.0875342,0.1287,0.0,0.0
1772911290.141445,0.1287,0.0,0.0
1772911290.1627326,0.13,-0.017453292519943295,-1.0
1772911290.1817336,0.13,-0.017453292519943295,-1.0
1772911290.210262,0.13,-0.017453292519943295,-1.0
1772911290.2532353,0.13,-0.017453292519943295,-1.0
1772911290.2926004,0.13,-0.017453292519943295,-1.0
1772911290.331958,0.13,-0.017453292519943295,-1.0
1772911290.361645,0.13,-0.017453292519943295,-1.0
1772911290.4101863,0.13,-0.017453292519943295,-1.0
1772911290.4700334,0.13,-0.017453292519943295,-1.0
1772911290.4913938,0.13,-0.017453292519943295,-1.0
1772911290.5357442,0.13,-0.017453292519943295,-1.0
1772911290.5885632,0.13,-0.017453292519943295,-1.0
1772911290.6037529,0.13,-0.017453292519943295,-1.0
1772911290.6353633,0.13,-0.017453292519943295,-1.0
1772911290.6733253,0.13,-0.017453292519943295,-1.0
1772911290.7363522,0.13,0.0,0.0
1772911290.7745714,0.13,0.0,0.0
1772911290.8302777,0.13,0.0,0.0
1772911290.8793595,0.13,0.0,0.0
1772911290.9815412,0.13,0.0,0.0
1772911291.037697,0.13,0.0,0.0
1772911291.0911539,0.13,0.0,0.0
1772911291.1462255,0.13,0.0,0.0
1772911291.1964288,0.13,0.06981317007977318,4.0
1772911291.275537,0.13,0.06981317007977318,4.0
1772911291.3524325,0.13,0.06981317007977318,4.0
1772911291.401288,0.13,0.06981317007977318,4.0
1772911291.4698153,0.13,0.13962634015954636,8.0
1772911291.5185268,0.13,0.13962634015954636,8.0
1772911291.5779297,0.13,0.13962634015954636,8.0
1772911291.611974,0.13,0.13962634015954636,8.0
1772911291.6648219,0.13,0.13962634015954636,8.0
1772911291.6934826,0.13,0.13962634015954636,8.0
1772911291.73654,0.13,0.13962634015954636,8.0
1772911291.7774758,0.13,0.19198621771937624,10.999999999999998
1772911291.8053212,0.13,0.19198621771937624,10.999999999999998
1772911291.8561685,0.13,0.19198621771937624,10.999999999999998
1772911291.879737,0.13,0.19198621771937624,10.999999999999998
1772911291.9497643,0.13,0.19198621771937624,10.999999999999998
1772911292.0136778,0.13,0.19198621771937624,10.999999999999998
1772911292.064228,0.13,0.20943951023931956,12.0
1772911292.0993779,0.13,0.20943951023931956,12.0
1772911292.1419814,0.13,0.20943951023931956,12.0
1772911292.166532,0.13,0.20943951023931956,12.0
1772911292.2211084,0.13,0.20943951023931956,12.0
1772911292.260195,0.13,0.22689280275926285,13.000000000000002
1772911292.2757528,0.13,0.22689280275926285,13.000000000000002
1772911292.3008904,0.13,0.22689280275926285,13.000000000000002
1772911292.3472054,0.13,0.22689280275926285,13.000000000000002
1772911292.3657646,0.13,0.22689280275926285,13.000000000000002
1772911292.3952775,0.13,0.22689280275926285,13.000000000000002
1772911292.4313483,0.13,0.22689280275926285,13.000000000000002
1772911292.4629211,0.13,0.22689280275926285,13.000000000000002
1772911292.4877899,0.13,0.22689280275926285,13.000000000000002
1772911292.506647,0.13,0.33161255787892263,19.0
1772911292.5268037,0.13,0.33161255787892263,19.0
1772911292.5422325,0.13,0.33161255787892263,19.0
1772911292.566655,0.13,0.33161255787892263,19.0
1772911292.594117,0.13,0.33161255787892263,19.0
1772911292.6100833,0.13,0.33161255787892263,19.0
1772911292.637681,0.13,0.33161255787892263,19.0
1772911292.6674206,0.13,0.33161255787892263,19.0
1772911292.7175958,0.13,0.33161255787892263,19.0
1772911292.7581453,0.13,0.33161255787892263,19.0
1772911292.7850153,0.13,0.33161255787892263,19.0
1772911292.8033488,0.13,0.33161255787892263,19.0
1772911292.823235,0.13,0.33161255787892263,19.0
1772911292.8698053,0.13,0.5061454830783556,29.0
1772911292.8888261,0.13,0.5061454830783556,29.0
1772911292.9192028,0.13,0.5061454830783556,29.0
1772911292.936913,0.13,0.5061454830783556,29.0
1772911292.9640071,0.13,0.5061454830783556,29.0
1772911293.0354564,0.13,0.5061454830783556,29.0
1772911293.103404,0.13,0.5061454830783556,29.0
1772911293.1571505,0.13,0.5061454830783556,29.0
1772911293.1805565,0.13,0.5235987755982988,29.999999999999996
1772911293.2124014,0.13,0.5235987755982988,29.999999999999996
1772911293.255988,0.13,0.5235987755982988,29.999999999999996
1772911293.2830465,0.13,0.5235987755982988,29.999999999999996
1772911293.3362455,0.13,0.5235987755982988,29.999999999999996
1772911293.3706002,0.13,0.5235987755982988,29.999999999999996
1772911293.4053993,0.13,0.5235987755982988,29.999999999999996
1772911293.439323,0.13,0.5235987755982988,29.999999999999996
1772911293.476144,0.13,0.5235987755982988,29.999999999999996
1772911293.5063052,0.13,0.5235987755982988,29.999999999999996
1772911293.54486,0.13,0.5235987755982988,29.999999999999996
1772911293.5744631,0.13,0.5235987755982988,29.999999999999996
1772911293.6053777,0.13,0.5235987755982988,29.999999999999996
1772911293.660706,0.13,0.5235987755982988,29.999999999999996
1772911293.693288,0.13,0.5235987755982988,29.999999999999996
1772911293.7557821,0.13,0.5235987755982988,29.999999999999996
1772911293.7874925,0.13,0.5235987755982988,29.999999999999996
1772911293.8067229,0.13,0.5235987755982988,29.999999999999996
1772911293.8339715,0.13,0.5235987755982988,29.999999999999996
1772911293.8824825,0.13,0.5235987755982988,29.999999999999996
1772911293.9083645,0.13,0.5235987755982988,29.999999999999996
1772911293.9533727,0.13,0.5235987755982988,29.999999999999996
1772911293.973911,0.13,0.5235987755982988,29.999999999999996
1772911293.9986565,0.13,0.5235987755982988,29.999999999999996
1772911294.0596485,0.13,0.5235987755982988,29.999999999999996
1772911294.080869,0.13,0.5235987755982988,29.999999999999996
1772911294.1022797,0.13,0.5235987755982988,29.999999999999996
1772911294.1373494,0.13,0.5235987755982988,29.999999999999996
1772911294.1748798,0.13,0.5235987755982988,29.999999999999996
1772911294.2418845,0.13,0.5235987755982988,29.999999999999996
1772911294.284644,0.13,0.5235987755982988,29.999999999999996
1772911294.3603547,0.13,0.5235987755982988,29.999999999999996
1772911294.4050884,0.13,0.5235987755982988,29.999999999999996
1772911294.463648,0.13,0.5235987755982988,29.999999999999996
1772911294.5066988,0.13,0.5235987755982988,29.999999999999996
1772911294.5539823,0.13,0.5235987755982988,29.999999999999996
1772911294.5859728,0.13,0.5235987755982988,29.999999999999996
1772911294.6605763,0.13,0.5235987755982988,29.999999999999996
1772911294.6913435,0.13,0.5235987755982988,29.999999999999996
1772911294.7235746,0.13,0.5235987755982988,29.999999999999996
1772911294.757122,0.13,0.5235987755982988,29.999999999999996
1772911294.771779,0.13,0.5235987755982988,29.999999999999996
1772911294.8355863,0.13,0.5235987755982988,29.999999999999996
1772911294.8722525,0.13,0.5235987755982988,29.999999999999996
1772911294.9133973,0.13,0.5235987755982988,29.999999999999996
1772911294.9465683,0.13,0.5235987755982988,29.999999999999996
1772911294.9853659,0.13,0.5235987755982988,29.999999999999996
1772911295.0173812,0.13,0.5235987755982988,29.999999999999996
1772911295.0469244,0.13,0.5235987755982988,29.999999999999996
1772911295.0761862,0.13,0.5235987755982988,29.999999999999996
1772911295.1076558,0.13,0.5235987755982988,29.999999999999996
1772911295.1531696,0.13,0.5235987755982988,29.999999999999996
1772911295.1902382,0.13,0.5235987755982988,29.999999999999996
1772911295.2345476,0.13,0.5235987755982988,29.999999999999996
1772911295.2604983,0.13,0.5235987755982988,29.999999999999996
1772911295.2960796,0.13,0.5235987755982988,29.999999999999996
1772911295.3224547,0.13,0.5235987755982988,29.999999999999996
1772911295.3668094,0.13,0.5235987755982988,29.999999999999996
1772911295.4076037,0.13,0.5235987755982988,29.999999999999996
1772911295.4310722,0.13,0.5235987755982988,29.999999999999996
1772911295.4640622,0.13,0.5235987755982988,29.999999999999996
1772911295.481096,0.13,0.5235987755982988,29.999999999999996
1772911295.5109785,0.13,0.5235987755982988,29.999999999999996
1772911295.5324512,0.13,0.5235987755982988,29.999999999999996
1772911295.5511239,0.13,0.5235987755982988,29.999999999999996
1772911295.5786307,0.13,0.5235987755982988,29.999999999999996
1772911295.6101549,0.13,0.5235987755982988,29.999999999999996
1772911295.6338918,0.13,0.5235987755982988,29.999999999999996
1772911295.6749775,0.13,0.5235987755982988,29.999999999999996
1772911295.6947105,0.13,0.5235987755982988,29.999999999999996
1772911295.7348602,0.13,0.5235987755982988,29.999999999999996
1772911295.76207,0.13,0.5235987755982988,29.999999999999996
1772911295.7823167,0.13,0.5235987755982988,29.999999999999996
1772911295.805409,0.13,0.5235987755982988,29.999999999999996
1772911295.8375075,0.13,0.5235987755982988,29.999999999999996
1772911295.8584306,0.13,0.5235987755982988,29.999999999999996
1772911295.8745673,0.13,0.5235987755982988,29.999999999999996
1772911295.9010594,0.13,0.5235987755982988,29.999999999999996
1772911295.9340382,0.13,0.5235987755982988,29.999999999999996
1772911295.9537265,0.13,0.5235987755982988,29.999999999999996
1772911295.9785397,0.13,0.5235987755982988,29.999999999999996
1772911296.0007713,0.13,0.5235987755982988,29.999999999999996
1772911296.0249507,0.13,0.5235987755982988,29.999999999999996
1772911296.044985,0.13,0.5235987755982988,29.999999999999996
1772911296.0637462,0.13,0.5235987755982988,29.999999999999996
1772911296.1015792,0.13,0.5235987755982988,29.999999999999996
1772911296.137908,0.13,0.5235987755982988,29.999999999999996
1772911296.1774173,0.13,0.5235987755982988,29.999999999999996
1772911296.2117872,0.13,0.5235987755982988,29.999999999999996
1772911296.2308984,0.13,0.5235987755982988,29.999999999999996
1772911296.2508948,0.13,0.5235987755982988,29.999999999999996
1772911296.2883692,0.13,0.5235987755982988,29.999999999999996
1772911296.3437996,0.13,0.5235987755982988,29.999999999999996
1772911296.3839262,0.13,0.5235987755982988,29.999999999999996
1772911296.4095647,0.13,0.5235987755982988,29.999999999999996
1772911296.4502041,0.13,0.5235987755982988,29.999999999999996
1772911296.4941688,0.13,0.5235987755982988,29.999999999999996
1772911296.515623,0.13,0.5235987755982988,29.999999999999996
1772911296.5292203,0.13,0.5235987755982988,29.999999999999996
1772911296.5577605,0.13,0.5235987755982988,29.999999999999996
1772911296.5846446,0.13,0.5235987755982988,29.999999999999996
1772911296.604774,0.13,0.5235987755982988,29.999999999999996
1772911296.6376348,0.13,0.5235987755982988,29.999999999999996
1772911296.6636567,0.13,0.5235987755982988,29.999999999999996
1772911296.7148826,0.13,0.5235987755982988,29.999999999999996
1772911296.728528,0.13,0.5235987755982988,29.999999999999996
1772911296.741015,0.13,0.5235987755982988,29.999999999999996
1772911296.7570724,0.13,0.5235987755982988,29.999999999999996
1772911296.7794569,0.13,0.5235987755982988,29.999999999999996
1772911296.8026524,0.13,0.5235987755982988,29.999999999999996
1772911296.8272345,0.13,0.5235987755982988,29.999999999999996
1772911296.84656,0.13,0.5235987755982988,29.999999999999996
1772911296.8636413,0.13,0.5235987755982988,29.999999999999996
1772911296.8998244,0.13,0.5235987755982988,29.999999999999996
1772911296.9421675,0.13,0.5235987755982988,29.999999999999996
1772911296.9788399,0.13,0.5235987755982988,29.999999999999996
1772911297.017094,0.13,0.5235987755982988,29.999999999999996
1772911297.052449,0.13,0.5235987755982988,29.999999999999996
1772911297.0709906,0.13,0.5235987755982988,29.999999999999996
1772911297.1061916,0.13,0.5235987755982988,29.999999999999996
1772911297.1528282,0.13,0.5235987755982988,29.999999999999996
1772911297.1917846,0.13,0.5235987755982988,29.999999999999996
1772911297.2411456,0.13,0.5235987755982988,29.999999999999996
1772911297.2751164,0.13,0.5235987755982988,29.999999999999996
1772911297.322722,0.13,0.5235987755982988,29.999999999999996
1772911297.356906,0.13,0.5235987755982988,29.999999999999996
1772911297.4060864,0.13,0.5235987755982988,29.999999999999996
1772911297.4248545,0.13,0.5235987755982988,29.999999999999996
1772911297.4423242,0.13,0.5235987755982988,29.999999999999996
1772911297.4585621,0.13,0.5235987755982988,29.999999999999996
1772911297.4917452,0.13,0.5235987755982988,29.999999999999996
1772911297.5672798,0.13,0.5235987755982988,29.999999999999996
1772911297.651378,0.13,0.5235987755982988,29.999999999999996
1772911297.7306898,0.13,0.5061454830783556,29.0
1772911297.775798,0.13,0.5061454830783556,29.0
1772911297.8970718,0.13,0.5061454830783556,29.0
1772911297.9448748,0.13,0.5061454830783556,29.0
1772911298.019927,0.13,0.5061454830783556,29.0
1772911298.0693526,0.13,0.5061454830783556,29.0
1772911298.1262693,0.13,0.5235987755982988,29.999999999999996
1772911298.1719182,0.13,0.5235987755982988,29.999999999999996
1772911298.236785,0.13,0.5235987755982988,29.999999999999996
1772911298.299857,0.13,0.5235987755982988,29.999999999999996
1772911298.3355472,0.13,0.5235987755982988,29.999999999999996
1772911298.3940227,0.13,0.5235987755982988,29.999999999999996
1772911298.4552333,0.13,0.5235987755982988,29.999999999999996
1772911298.508519,0.13,0.5235987755982988,29.999999999999996
1772911298.522459,0.13,0.5235987755982988,29.999999999999996
1772911298.5502138,0.13,0.5235987755982988,29.999999999999996
1772911298.584261,0.13,0.5235987755982988,29.999999999999996
1772911298.6018786,0.13,0.5235987755982988,29.999999999999996
1772911298.6181316,0.13,0.5235987755982988,29.999999999999996
1772911298.6348312,0.13,0.4014257279586958,23.0
1772911298.6761723,0.13,0.4014257279586958,23.0
1772911298.7000768,0.13,0.4014257279586958,23.0
1772911298.8075435,0.13,0.4014257279586958,23.0
1772911298.8368928,0.13,0.4014257279586958,23.0
1772911298.8554764,0.13,0.4014257279586958,23.0
1772911298.9095495,0.13,0.4014257279586958,23.0
1772911298.9610739,0.13,0.4014257279586958,23.0
1772911299.0453353,0.13,0.5061454830783556,29.0
1772911299.148083,0.13,0.5061454830783556,29.0
1772911299.1761148,0.13,0.5061454830783556,29.0
1772911299.2907147,0.13,0.5061454830783556,29.0
1772911299.3667603,0.13,0.5061454830783556,29.0
1772911299.6753008,0.13,0.47123889803846897,27.0
1772911299.8426747,0.13,0.47123889803846897,27.0
1772911299.9343934,0.13,0.47123889803846897,27.0
1772911300.0084267,0.13,0.3665191429188092,21.0
1772911300.0528536,0.13,0.3665191429188092,21.0
1772911300.0987813,0.13,0.3665191429188092,21.0
1772911300.1829867,0.1261,0.2792526803190927,16.0
1772911300.219806,0.1261,0.2792526803190927,16.0
1772911300.2668638,0.1261,0.2792526803190927,16.0
1772911300.3542728,0.13,0.06981317007977318,4.0
1772911300.3897643,0.13,0.06981317007977318,4.0
1772911300.4696963,0.13,0.06981317007977318,4.0
1772911300.5437918,0.13,-0.13962634015954636,-8.0
1772911300.603026,0.13,-0.13962634015954636,-8.0
1772911300.6626387,0.13,-0.13962634015954636,-8.0
1772911300.7077334,0.13,-0.13962634015954636,-8.0
1772911300.7447422,0.13,-0.13962634015954636,-8.0
1772911300.7688446,0.13,-0.2617993877991494,-14.999999999999998
1772911300.7902198,0.13,-0.2617993877991494,-14.999999999999998
1772911300.8074856,0.13,-0.2617993877991494,-14.999999999999998
1772911300.855965,0.13,-0.2617993877991494,-14.999999999999998
1772911300.8883789,0.13,-0.2617993877991494,-14.999999999999998
1772911300.9236438,0.13,-0.2617993877991494,-14.999999999999998
1772911300.9930036,0.13,-0.2617993877991494,-14.999999999999998
1772911301.0244622,0.13,-0.5235987755982988,-29.999999999999996
1772911301.0719526,0.13,-0.5235987755982988,-29.999999999999996
1772911301.1022863,0.13,-0.5235987755982988,-29.999999999999996
1772911301.1382043,0.13,-0.5235987755982988,-29.999999999999996
1772911301.15611,0.13,-0.5235987755982988,-29.999999999999996
1772911301.239324,0.13,-0.5235987755982988,-29.999999999999996
1772911301.265264,0.08320000000000001,-0.4188790204786391,-24.0
1772911301.298412,0.08320000000000001,-0.4188790204786391,-24.0
1772911301.3495872,0.08320000000000001,-0.4188790204786391,-24.0
1772911301.3770115,0.08320000000000001,-0.4188790204786391,-24.0
1772911301.4110425,0.08320000000000001,-0.4188790204786391,-24.0
1772911301.468818,0.08320000000000001,-0.4188790204786391,-24.0
1772911301.484066,0.08320000000000001,-0.4188790204786391,-24.0
1772911301.500381,0.08320000000000001,-0.4188790204786391,-24.0
1772911301.565876,0.08320000000000001,-0.4188790204786391,-24.0
1772911301.9204428,0.0,0.0,0.0
1772911302.252997,0.0,0.0,0.0
1772911302.2875302,0.0,0.0,0.0
1772911302.3156195,0.0,0.0,0.0
1772911302.3663352,0.0,0.0,0.0
1772911302.398523,0.0,0.0,0.0
1772911302.4667559,0.0,0.0,0.0
1772911302.536148,0.0,0.0,0.0
1772911302.5823033,0.0,0.0,0.0
1772911302.6199944,0.0,0.0,0.0
1772911302.645687,0.0,0.0,0.0
1772911302.6782482,0.0,0.0,0.0
1772911302.6955035,0.0,0.0,0.0
1772911302.7331188,0.0,0.0,0.0
1772911302.7515147,0.0,0.0,0.0
1772911302.8059223,0.0,0.0,0.0
1772911302.8325963,0.0,0.0,0.0
1772911302.8620925,0.0,0.0,0.0
1772911302.898094,0.0,0.0,0.0
1772911302.9246347,0.0,0.0,0.0
1772911302.9799867,0.0,0.0,0.0
1772911303.0014083,0.0,0.0,0.0
1772911303.065334,0.0,0.0,0.0
1772911303.1334374,0.0,0.0,0.0
1772911303.1508782,0.0,0.0,0.0
1772911303.1710677,0.0,0.0,0.0
1772911303.1909163,0.0,0.0,0.0
1772911303.2208307,0.0,0.0,0.0
1772911303.2580206,0.0,0.0,0.0
1772911303.2831266,0.0,0.0,0.0
1772911303.3030019,0.0,0.0,0.0
1772911303.3221653,0.0,0.0,0.0
1772911303.3487513,0.0,0.0,0.0
1772911303.3763094,0.0,0.0,0.0
1772911303.4114668,0.0,0.0,0.0
1772911303.4532173,0.0,0.0,0.0
1772911303.4706514,0.0,0.0,0.0
1772911303.4853525,0.0,0.0,0.0
1772911303.5035572,0.0,0.0,0.0
1772911303.5622196,0.0,0.0,0.0
1772911303.5854065,0.0,0.0,0.0
1772911303.6232505,0.0,0.0,0.0
1772911303.6416316,0.0,0.0,0.0
1772911303.6788375,0.0,0.0,0.0
1772911303.6972857,0.0,0.0,0.0
1772911303.715792,0.0,0.0,0.0
1772911303.7439911,0.0,0.0,0.0
1772911303.7653773,0.0,0.0,0.0
1772911303.7860324,0.0,0.0,0.0
1772911303.8093772,0.0,0.0,0.0
1772911303.850894,0.0,0.0,0.0
1772911304.0305848,0.0,0.0,0.0
1772911304.051463,0.0,0.0,0.0
1772911304.0818815,0.0,0.0,0.0
1772911304.124238,0.0,0.0,0.0
1772911304.1790106,0.0,0.0,0.0
1772911304.2399974,0.0,0.0,0.0
1772911304.2794483,0.0,0.0,0.0
1772911304.3119872,0.0,0.0,0.0
1772911304.3586981,0.0,0.0,0.0
1772911304.3940568,0.0,0.0,0.0
1772911304.428988,0.0,0.0,0.0
1772911304.4732964,0.0,0.0,0.0
1772911304.5210578,0.0,0.0,0.0
1772911304.540125,0.0,0.0,0.0
1772911304.5625713,0.0,0.0,0.0
1772911304.5855818,0.0,0.0,0.0
1772911304.6012144,0.0,0.0,0.0
1772911304.613496,0.0,0.0,0.0
1772911304.6329577,0.0,0.0,0.0
1772911304.6599245,0.0,0.0,0.0
1772911304.6771889,0.0,0.0,0.0
1772911304.6929696,0.0,0.0,0.0
1772911304.7133832,0.0,0.0,0.0
1772911304.7348406,0.0,0.0,0.0
1772911304.766139,0.0,0.0,0.0
1772911304.7875097,0.0,0.0,0.0
1772911304.8068104,0.0,0.0,0.0
1772911304.8473577,0.0,0.0,0.0
1772911304.8882263,0.0,0.0,0.0
1772911304.9307778,0.0,0.0,0.0
1772911304.9492276,0.0,0.0,0.0
1772911304.961951,0.0,0.0,0.0
1772911304.9773471,0.0,0.0,0.0
1772911305.0133228,0.0,0.0,0.0
1772911305.0443356,0.0,0.0,0.0
1772911305.0662208,0.0,0.0,0.0
1772911305.0866013,0.0,0.0,0.0
1772911305.1025302,0.0,0.0,0.0
1772911305.1296742,0.0,0.0,0.0
1772911305.160146,0.0,0.0,0.0
1772911305.1928847,0.0,0.0,0.0
1772911305.2122264,0.0,0.0,0.0
1772911305.2370036,0.0,0.0,0.0
1772911305.2746408,0.0,0.0,0.0
1772911305.2953577,0.0,0.0,0.0
1772911305.3212526,0.0,0.0,0.0
1772911305.3415706,0.0,0.0,0.0
1772911305.3688996,0.0,0.0,0.0
1772911305.41688,0.0,0.0,0.0
1772911305.4492433,0.0,0.0,0.0
1772911305.4765508,0.0,0.0,0.0
1772911305.4953604,0.0,0.0,0.0
1772911305.5155537,0.0,0.0,0.0
1772911305.5325694,0.0,0.0,0.0
1772911305.5553362,0.0,0.0,0.0
1772911305.5759516,0.0,0.0,0.0
1772911305.6106703,0.0,0.0,0.0
1772911305.652193,0.0,0.0,0.0
1772911305.685668,0.0,0.0,0.0
1772911305.7086737,0.0,0.0,0.0
1772911305.757707,0.0,0.0,0.0
1772911305.7917206,0.0,0.0,0.0
1772911305.8197322,0.0,0.0,0.0
1772911305.8463776,0.0,0.0,0.0
1772911305.8673136,0.0,0.0,0.0
1772911305.8901882,0.0,0.0,0.0
1772911305.9153533,0.0,0.0,0.0
1772911305.9671717,0.0,0.0,0.0
1772911305.9971588,0.0,0.0,0.0
1772911306.0435653,0.0,0.0,0.0
1772911306.0665808,0.0,0.0,0.0
1772911306.0893788,0.0,0.0,0.0
1772911306.1204507,0.0,0.0,0.0
1772911306.1504197,0.0,0.0,0.0
1772911306.1700447,0.0,0.0,0.0
1772911306.192345,0.0,0.0,0.0
1772911306.223404,0.0,0.0,0.0
1772911306.257524,0.0,0.0,0.0
1772911306.2949648,0.0,0.0,0.0
1772911306.3191648,0.0,0.0,0.0
1772911306.33876,0.0,0.0,0.0
1772911306.3846834,0.0,0.0,0.0
1772911306.4212718,0.0,0.0,0.0
1772911306.4609873,0.0,0.0,0.0
1772911306.4813607,0.0,0.0,0.0
1772911306.4986467,0.0,0.0,0.0
1772911306.5227227,0.0,0.0,0.0
1772911306.5568495,0.0,0.0,0.0
1772911306.6026251,0.0,0.0,0.0
1772911306.6174204,0.0,0.0,0.0
1772911306.642853,0.0,0.0,0.0
1772911306.6667721,0.0,0.0,0.0
1772911306.689599,0.0,0.0,0.0
1772911306.7344327,0.0,0.0,0.0
1772911306.7707064,0.0,0.0,0.0
1772911306.7942178,0.0,0.0,0.0
1772911306.812337,0.0,0.0,0.0
1772911306.8463829,0.0,0.0,0.0
1772911306.8734293,0.0,0.0,0.0
1772911306.9164984,0.0,0.0,0.0
1772911306.957379,0.0,0.0,0.0
1772911307.0048015,0.0,0.0,0.0
1772911307.0332923,0.0,0.0,0.0
1772911307.0660672,0.0,0.0,0.0
1772911307.097456,0.0,0.0,0.0
1772911307.144593,0.0,0.0,0.0
1772911307.1777673,0.0,0.0,0.0
1772911307.20497,0.0,0.0,0.0
1772911307.2246754,0.0,0.0,0.0
1772911307.2456005,0.0,0.0,0.0
1772911307.2609932,0.0,0.0,0.0
1772911307.2755535,0.0,0.0,0.0
1772911307.3071284,0.0,0.0,0.0
1772911307.322776,0.0,0.0,0.0
1772911307.3426986,0.0,0.0,0.0
1772911307.3599973,0.0,0.0,0.0
1772911307.3784811,0.0,0.0,0.0
1772911307.3978243,0.0,0.0,0.0
1772911307.4115834,0.0,0.0,0.0
1772911307.4255981,0.0,0.0,0.0
1772911307.4491296,0.0,0.0,0.0
1772911307.4715643,0.0,0.0,0.0
1772911307.4951422,0.0,0.0,0.0
1772911307.5171962,0.0,0.0,0.0
1772911307.540069,0.0,0.0,0.0
1772911307.555552,0.0,0.0,0.0
1772911307.5720747,0.0,0.0,0.0
1772911307.5881069,0.0,0.0,0.0
1772911307.6030958,0.0,0.0,0.0
1772911307.6223876,0.0,0.0,0.0
1772911307.661314,0.0,0.0,0.0
1772911307.693008,0.0,0.0,0.0
1772911307.718422,0.0,0.0,0.0
1772911307.7474558,0.0,0.0,0.0
1772911307.7750745,0.0,0.0,0.0
1772911307.8097148,0.0,0.0,0.0
1772911307.8394046,0.0,0.0,0.0
1772911307.8681116,0.0,0.0,0.0
1772911307.8926558,0.0,0.0,0.0
1772911307.9395213,0.0,0.0,0.0
1772911307.9776192,0.0,0.0,0.0
1772911307.9913218,0.0,0.0,0.0
1772911308.004807,0.0,0.0,0.0
1772911308.0553756,0.0,0.0,0.0
1772911308.074647,0.0,0.0,0.0
1772911308.1062567,0.0,0.0,0.0
1772911308.130832,0.0,0.0,0.0
1772911308.1647983,0.0,0.0,0.0
1772911308.179532,0.0,0.0,0.0
1772911308.2014043,0.0,0.0,0.0
1772911308.2325327,0.0,0.0,0.0
1772911308.2586389,0.0,0.0,0.0
1772911308.2850459,0.0,0.0,0.0
1772911308.3181136,0.0,0.0,0.0
1772911308.369216,0.0,0.0,0.0
1772911308.4012253,0.0,0.0,0.0
1772911308.423999,0.0,0.0,0.0
1772911308.455169,0.0,0.0,0.0
1772911308.475176,0.0,0.0,0.0
1772911308.5029151,0.0,0.0,0.0
1772911308.5196416,0.0,0.0,0.0
1772911308.540485,0.0,0.0,0.0
1772911308.5618155,0.0,0.0,0.0
1772911308.6071467,0.0,0.0,0.0
1772911308.6551092,0.0,0.0,0.0
1772911308.68582,0.0,0.0,0.0
1772911308.710088,0.0,0.0,0.0
1772911308.7331028,0.0,0.0,0.0
1772911308.7659173,0.0,0.0,0.0
1772911308.7995327,0.0,0.0,0.0
1772911308.8810427,0.0,0.0,0.0
1772911308.9603226,0.0,0.0,0.0
1772911309.009307,0.0,0.0,0.0
1772911309.039708,0.0,0.0,0.0
1772911309.0921004,0.0,0.0,0.0
1772911309.156504,0.0,0.0,0.0
1772911309.1914742,0.0,0.0,0.0
1772911309.2424455,0.0,0.0,0.0
1772911309.2861166,0.0,0.0,0.0
1772911309.3831458,0.0,0.0,0.0
1772911309.418632,0.0,0.0,0.0
1772911309.4532924,0.0,0.0,0.0
1772911309.5398035,0.0,0.0,0.0
1772911309.5648682,0.0,0.0,0.0
1772911309.6142232,0.0,0.0,0.0
1772911309.6725447,0.0,0.0,0.0
1772911309.698646,0.0,0.0,0.0
1772911309.7240665,0.0,0.0,0.0
1772911309.7725148,0.0,0.0,0.0
1772911309.7964275,0.0,0.0,0.0
1772911309.8154674,0.0,0.0,0.0
1772911309.8610194,0.0,0.0,0.0
1772911309.8814845,0.0,0.0,0.0
1772911309.9178376,0.0,0.0,0.0
1772911309.9473455,0.0,0.0,0.0
1772911309.9594936,0.0,0.0,0.0
1772911309.9714537,0.0,0.0,0.0
1772911309.984981,0.0,0.0,0.0
1772911310.0000315,0.0,0.0,0.0
1772911310.0347023,0.0,0.0,0.0
1772911310.074174,0.0,0.0,0.0
1772911310.101594,0.0,0.0,0.0
1772911310.1397655,0.0,0.0,0.0
1772911310.1729028,0.0,0.0,0.0
1772911310.2150812,0.0,0.0,0.0
1772911310.234467,0.0,0.0,0.0
1772911310.2609873,0.0,0.0,0.0
1772911310.2977147,0.0,0.0,0.0
1772911310.3238735,0.0,0.0,0.0
1772911310.3646655,0.0,0.0,0.0
1772911310.39742,0.0,0.0,0.0
1772911310.4298127,0.0,0.0,0.0
1772911310.463528,0.0,0.0,0.0
1772911310.5006514,0.0,0.0,0.0
1772911310.5203266,0.0,0.0,0.0
1772911310.5487547,0.0,0.0,0.0
1772911310.572832,0.0,0.0,0.0
1772911310.5876613,0.0,0.0,0.0
1772911310.6086838,0.0,0.0,0.0
1772911310.6343126,0.0,0.0,0.0
1772911310.6539466,0.0,0.0,0.0
1772911310.670355,0.0,0.0,0.0
1772911310.6931474,0.0,0.0,0.0
1772911310.717701,0.0,0.0,0.0
1772911310.7358582,0.0,0.0,0.0
1772911310.7512758,0.0,0.0,0.0
1772911310.764422,0.0,0.0,0.0
1772911310.804684,0.0,0.0,0.0
1772911310.828489,0.0,0.0,0.0
1772911310.844658,0.0,0.0,0.0
1772911310.8862715,0.0,0.0,0.0
1772911310.917214,0.0,0.0,0.0
1772911310.9315946,0.0,0.0,0.0
1772911310.9503264,0.0,0.0,0.0
1772911310.9722664,0.0,0.0,0.0
1772911311.007191,0.0,0.0,0.0
1772911311.0386405,0.0,0.0,0.0
1772911311.071793,0.0,0.0,0.0
1772911311.0936859,0.0,0.0,0.0
1772911311.128897,0.0,0.0,0.0
1772911311.1565304,0.0,0.0,0.0
1772911311.1817544,0.0,0.0,0.0
1772911311.198733,0.0,0.0,0.0
1772911311.242464,0.0,0.0,0.0
1772911311.279743,0.0,0.0,0.0
1772911311.3183644,0.0,0.0,0.0
1772911311.380389,0.0,0.0,0.0
1772911311.413214,0.0,0.0,0.0
1772911311.4359534,0.0,0.0,0.0
1772911311.4624686,0.0,0.0,0.0
1772911311.4776583,0.0,0.0,0.0
1772911311.493,0.0,0.0,0.0
1772911311.5139134,0.0,0.0,0.0
1772911311.5361943,0.0,0.0,0.0
1772911311.557416,0.0,0.0,0.0
1772911311.5785577,0.0,0.0,0.0
1772911311.6043038,0.0,0.0,0.0
1772911311.6379433,0.0,0.0,0.0
1772911311.653232,0.0,0.0,0.0
1772911311.6878514,0.0,0.0,0.0
1772911311.7051475,0.0,0.0,0.0
1772911311.7420871,0.0,0.0,0.0
1772911311.7714338,0.0,0.0,0.0
1772911311.8007562,0.0,0.0,0.0
1772911311.821697,0.0,0.0,0.0
1772911311.8379102,0.0,0.0,0.0
1772911311.85968,0.0,0.0,0.0
1772911311.8740168,0.0,0.0,0.0
1772911311.89975,0.0,0.0,0.0
1772911311.9147284,0.0,0.0,0.0
1772911311.941074,0.0,0.0,0.0
1772911311.9711335,0.0,0.0,0.0
1772911311.992646,0.0,0.0,0.0
1772911312.0123205,0.0,0.0,0.0
1772911312.038641,0.0,0.0,0.0
1772911312.0552118,0.0,0.0,0.0
1772911312.084742,0.0,0.0,0.0
1772911312.1252263,0.0,0.0,0.0
1772911312.1481342,0.0,0.0,0.0
1772911312.1656294,0.0,0.0,0.0
1772911312.1914966,0.0,0.0,0.0
1772911312.2220693,0.0,0.0,0.0
1772911312.2612724,0.0,0.0,0.0
1772911312.2816153,0.0,0.0,0.0
1772911312.3004634,0.0,0.0,0.0
1772911312.3283644,0.0,0.0,0.0
1772911312.3629513,0.0,0.0,0.0
1772911312.389021,0.0,0.0,0.0
1772911312.419421,0.0,0.0,0.0
1772911312.4471135,0.0,0.0,0.0
1772911312.469139,0.0,0.0,0.0
1772911312.489027,0.0,0.0,0.0
1772911312.5172637,0.0,0.0,0.0
1772911312.5485878,0.0,0.0,0.0
1772911312.5739005,0.0,0.0,0.0
1772911312.6058824,0.0,0.0,0.0
1772911312.6244833,0.0,0.0,0.0
1772911312.650956,0.0,0.0,0.0
1772911312.676338,0.0,0.0,0.0
1772911312.701144,0.0,0.0,0.0
1772911312.7278836,0.0,0.0,0.0
1772911312.7516804,0.0,0.0,0.0
1772911312.7798896,0.0,0.0,0.0
1772911312.8117688,0.0,0.0,0.0
1772911312.8380144,0.0,0.0,0.0
1772911312.8575315,0.0,0.0,0.0
1772911312.8783348,0.0,0.0,0.0
1772911312.8956382,0.0,0.0,0.0
1772911312.9223974,0.0,0.0,0.0
1772911312.940882,0.0,0.0,0.0
1772911312.9602842,0.0,0.0,0.0
1772911312.976301,0.0,0.0,0.0
1772911313.0222547,0.0,0.0,0.0
1772911313.062796,0.0,0.0,0.0
1772911313.0826745,0.0,0.0,0.0
1772911313.1143985,0.0,0.0,0.0
1772911313.1366978,0.0,0.0,0.0
1772911313.1512806,0.0,0.0,0.0
1772911313.17047,0.0,0.0,0.0
1772911313.1924798,0.0,0.0,0.0
1772911313.211447,0.0,0.0,0.0
1772911313.2442863,0.0,0.0,0.0
1772911313.2789593,0.0,0.0,0.0
1772911313.3002734,0.0,0.0,0.0
1772911313.3252542,0.0,0.0,0.0
1772911313.385795,0.0,0.0,0.0
1772911313.406927,0.0,0.0,0.0
1772911313.4316251,0.0,0.0,0.0
1772911313.4651792,0.0,0.0,0.0
1772911313.4803326,0.0,0.0,0.0
1772911313.4941685,0.0,0.0,0.0
1772911313.5151,0.0,0.0,0.0
1772911313.5492258,0.0,0.0,0.0
1772911313.5821538,0.0,0.0,0.0
1772911313.5974865,0.0,0.0,0.0
1772911313.6422727,0.0,0.0,0.0
1772911313.6604927,0.0,0.0,0.0
1772911313.684372,0.0,0.0,0.0
1772911313.7146842,0.0,0.0,0.0
1772911313.743069,0.0,0.0,0.0
1772911313.7575748,0.0,0.0,0.0
1772911313.7789447,0.0,0.0,0.0
1772911313.7934456,0.0,0.0,0.0
1772911313.8134165,0.0,0.0,0.0
1772911313.8441076,0.0,0.0,0.0
1772911313.870523,0.0,0.0,0.0
1772911313.8917806,0.0,0.0,0.0
1772911313.910483,0.0,0.0,0.0
1772911313.9553459,0.0,0.0,0.0
1772911313.9794872,0.0,0.0,0.0
1772911313.9925303,0.0,0.0,0.0
1772911314.0143988,0.0,0.0,0.0
1772911314.0378869,0.0,0.0,0.0
1772911314.055976,0.0,0.0,0.0
1772911314.0792837,0.0,0.0,0.0
1772911314.109982,0.0,0.0,0.0
1772911314.1393495,0.0,0.0,0.0
1772911314.1615365,0.0,0.0,0.0
1772911314.1822798,0.0,0.0,0.0
1772911314.1962247,0.0,0.0,0.0
1772911314.225586,0.0,0.0,0.0
1772911314.2582288,0.0,0.0,0.0
1772911314.2758918,0.0,0.0,0.0
1772911314.2996883,0.0,0.0,0.0
1772911314.3332741,0.0,0.0,0.0
1772911314.3838398,0.0,0.0,0.0
1772911314.4113212,0.0,0.0,0.0
1772911314.444348,0.0,0.0,0.0
1772911314.4588687,0.0,0.0,0.0
1772911314.4797964,0.0,0.0,0.0
1772911314.5001936,0.0,0.0,0.0
1772911314.5210721,0.0,0.0,0.0
1772911314.5392873,0.0,0.0,0.0
1772911314.5588272,0.0,0.0,0.0
1772911314.576027,0.0,0.0,0.0
1772911314.5924516,0.0,0.0,0.0
1772911314.6221764,0.0,0.0,0.0
1772911314.6480358,0.0,0.0,0.0
1772911314.6633976,0.0,0.0,0.0
1772911314.6820884,0.0,0.0,0.0
1772911314.7101438,0.0,0.0,0.0
1772911314.7235928,0.0,0.0,0.0
1772911314.743528,0.0,0.0,0.0
1772911314.758538,0.0,0.0,0.0
1772911314.7740555,0.0,0.0,0.0
1772911314.794026,0.0,0.0,0.0
1772911314.8236883,0.0,0.0,0.0
1772911314.8580225,0.0,0.0,0.0
1772911314.8973227,0.0,0.0,0.0
1772911314.9157631,0.0,0.0,0.0
1772911314.935897,0.0,0.0,0.0
1772911314.9527748,0.0,0.0,0.0
1772911314.980441,0.0,0.0,0.0
1772911314.9956286,0.0,0.0,0.0
1772911315.0182967,0.0,0.0,0.0
1772911315.0357976,0.0,0.0,0.0
1772911315.0645325,0.0,0.0,0.0
1772911315.082315,0.0,0.0,0.0
1772911315.1088524,0.0,0.0,0.0
1772911315.1264863,0.0,0.0,0.0
1772911315.1577306,0.0,0.0,0.0
1772911315.1817617,0.0,0.0,0.0
1772911315.2043607,0.0,0.0,0.0
1772911315.2343054,0.0,0.0,0.0
1772911315.2585492,0.0,0.0,0.0
1772911315.2796378,0.0,0.0,0.0
1772911315.3079653,0.0,0.0,0.0
1772911315.3275642,0.0,0.0,0.0
1772911315.3800497,0.0,0.0,0.0
1772911315.3981104,0.0,0.0,0.0
1772911315.4141726,0.0,0.0,0.0
1772911315.4468884,0.0,0.0,0.0
1772911315.4745035,0.0,0.0,0.0
1772911315.4886136,0.0,0.0,0.0
1772911315.5130327,0.0,0.0,0.0
1772911315.5340202,0.0,0.0,0.0
1772911315.5570765,0.0,0.0,0.0
1772911315.5807247,0.0,0.0,0.0
1772911315.609329,0.0,0.0,0.0
1772911315.6353214,0.0,0.0,0.0
1772911315.6628842,0.0,0.0,0.0
1772911315.7027006,0.0,0.0,0.0
1772911315.7351031,0.0,0.0,0.0
1772911315.7543054,0.0,0.0,0.0
1772911315.7685957,0.0,0.0,0.0
1772911315.7906141,0.0,0.0,0.0
1772911315.8411734,0.0,0.0,0.0
1772911315.8772619,0.0,0.0,0.0
1772911315.8978128,0.0,0.0,0.0
1772911315.9262173,0.0,0.0,0.0
1772911315.9455123,0.0,0.0,0.0
1772911315.9608457,0.0,0.0,0.0
1772911315.9785056,0.0,0.0,0.0
1772911315.9977686,0.0,0.0,0.0
1772911316.0272055,0.0,0.0,0.0
1772911316.071154,0.0,0.0,0.0
1772911316.0927572,0.0,0.0,0.0
1772911316.1185813,0.0,0.0,0.0
1772911316.1674223,0.0,0.0,0.0
1772911316.2012603,0.0,0.0,0.0
1772911316.2277303,0.0,0.0,0.0
1772911316.249667,0.0,0.0,0.0
1772911316.2794793,0.0,0.0,0.0
1772911316.3041508,0.0,0.0,0.0
1772911316.3316386,0.0,0.0,0.0
1772911316.361115,0.0,0.0,0.0
1772911316.380844,0.0,0.0,0.0
1772911316.3998804,0.0,0.0,0.0
1772911316.4192784,0.0,0.0,0.0
1772911316.4323838,0.0,0.0,0.0
1772911316.4487,0.0,0.0,0.0
1772911316.4655774,0.0,0.0,0.0
1772911316.5007882,0.0,0.0,0.0
1772911316.52794,0.0,0.0,0.0
1772911316.5588405,0.0,0.0,0.0
1772911316.5735972,0.0,0.0,0.0
1772911316.598074,0.0,0.0,0.0
1772911316.6215026,0.0,0.0,0.0
1772911316.651548,0.0,0.0,0.0
1772911316.668883,0.0,0.0,0.0
1772911316.6862783,0.0,0.0,0.0
1772911316.7031,0.0,0.0,0.0
1772911316.72665,0.0,0.0,0.0
1772911316.7542646,0.0,0.0,0.0
1772911316.7709653,0.0,0.0,0.0
1772911316.7914171,0.0,0.0,0.0
1772911316.819871,0.0,0.0,0.0
1772911316.8588872,0.0,0.0,0.0
1772911316.8823602,0.0,0.0,0.0
1772911316.9034462,0.0,0.0,0.0
1772911316.919093,0.0,0.0,0.0
1772911316.936231,0.0,0.0,0.0
1772911316.9721844,0.0,0.0,0.0
1772911316.9956324,0.0,0.0,0.0
1772911317.020087,0.0,0.0,0.0
1772911317.0428526,0.0,0.0,0.0
1772911317.0608652,0.0,0.0,0.0
1772911317.0910044,0.0,0.0,0.0
1772911317.1234355,0.0,0.0,0.0
1772911317.1421118,0.0,0.0,0.0
1772911317.1554399,0.0,0.0,0.0
1772911317.173076,0.0,0.0,0.0
1772911317.1977642,0.0,0.0,0.0
1772911317.2227314,0.0,0.0,0.0
1772911317.2505634,0.0,0.0,0.0
1772911317.2709956,0.0,0.0,0.0
1772911317.3033097,0.0,0.0,0.0
1772911317.4038196,0.0,0.0,0.0
1772911317.4364274,0.0,0.0,0.0
1772911317.468672,0.0,0.0,0.0
1772911317.5062647,0.0,0.0,0.0
1772911317.5522838,0.0,0.0,0.0
1772911317.5938447,0.0,0.0,0.0
1772911317.6184788,0.0,0.0,0.0
1772911317.6545343,0.0,0.0,0.0
1772911317.6776443,0.0,0.0,0.0
1772911317.7152102,0.0,0.0,0.0
1772911317.7407072,0.0,0.0,0.0
1772911317.763086,0.0,0.0,0.0
1772911317.7924542,0.0,0.0,0.0
1772911317.8416421,0.0,0.0,0.0
1772911317.8919618,0.0,0.0,0.0
1772911317.9238362,0.0,0.0,0.0
1772911317.965791,0.0,0.0,0.0
1772911317.9945593,0.0,0.0,0.0
1772911318.0306816,0.0,0.0,0.0
1772911318.074541,0.0,0.0,0.0
1772911318.098492,0.0,0.0,0.0
1772911318.2210634,0.0,0.0,0.0
1772911318.3006966,0.0,0.0,0.0
1772911318.3211608,0.0,0.0,0.0
1772911318.3559656,0.0,0.0,0.0
1772911318.3765323,0.0,0.0,0.0
1772911318.4278364,0.0,0.0,0.0
1772911318.459311,0.0,0.0,0.0
1772911318.4892478,0.0,0.0,0.0
1772911318.5132446,0.0,0.0,0.0
1772911318.5436153,0.0,0.0,0.0
1772911318.5786586,0.0,0.0,0.0
1772911318.6055915,0.0,0.0,0.0
1772911318.6351058,0.0,0.0,0.0
1772911318.655315,0.0,0.0,0.0
1772911318.6772842,0.0,0.0,0.0
1772911318.707631,0.0,0.0,0.0
1772911318.7266188,0.0,0.0,0.0
1772911318.7432268,0.0,0.0,0.0
1772911318.75976,0.0,0.0,0.0
1772911318.7765548,0.0,0.0,0.0
1772911318.8091996,0.0,0.0,0.0
1772911318.8588727,0.0,0.0,0.0
1772911318.8823917,0.0,0.0,0.0
1772911318.9050891,0.0,0.0,0.0
1772911318.9228258,0.0,0.0,0.0
1772911318.9621108,0.0,0.0,0.0
1772911318.9828587,0.0,0.0,0.0
1772911319.0175111,0.0,0.0,0.0
1772911319.03447,0.0,0.0,0.0
1772911319.0519638,0.0,0.0,0.0
1772911319.0716865,0.0,0.0,0.0
1772911319.0942707,0.0,0.0,0.0
1772911319.116864,0.0,0.0,0.0
1772911319.147189,0.0,0.0,0.0
1772911319.1730986,0.0,0.0,0.0
1772911319.205908,0.0,0.0,0.0
1772911319.2218518,0.0,0.0,0.0
1772911319.2370837,0.0,0.0,0.0
1772911319.2655523,0.0,0.0,0.0
1772911319.284447,0.0,0.0,0.0
1772911319.3113585,0.0,0.0,0.0
1772911319.3362677,0.0,0.0,0.0
1772911319.3780067,0.0,0.0,0.0
1772911319.4051921,0.0,0.0,0.0
1772911319.424736,0.0,0.0,0.0
1772911319.4521632,0.0,0.0,0.0
1772911319.4787288,0.0,0.0,0.0
1772911319.5135732,0.0,0.0,0.0
1772911319.5606723,0.0,0.0,0.0
1772911319.5796902,0.0,0.0,0.0
1772911319.598286,0.0,0.0,0.0
